{
  "MN908947": {
    "average": 10745.62,
    "deletion_coverage_propagation_cutoff": 1003.0,
    "deletion_coverage_seed_cutoff": 0.0,
    "dispersion": 5596.098,
    "nbinom_dispersion": 3129.69794101006,
    "nbinom_mean_parameter": 12718.47,
    "nbinom_prob_parameter": 0.000319519652966019,
    "nbinom_size_parameter": 4.0651,
    "nbinom_variance": 39804969.3717982,
    "variance": 60133555.0
  }
}