{
  "MN908947": {
    "average": 12640.48,
    "deletion_coverage_propagation_cutoff": 268.0,
    "deletion_coverage_seed_cutoff": 0.0,
    "dispersion": 6793.801,
    "nbinom_dispersion": 3771.51769879258,
    "nbinom_mean_parameter": 9726.895,
    "nbinom_prob_parameter": 0.000265145249171213,
    "nbinom_size_parameter": 2.579724,
    "nbinom_variance": 36685156.6467971,
    "variance": 85876901.0
  }
}