{
  "MN908947": {
    "average": 8721.153,
    "deletion_coverage_propagation_cutoff": 2.0,
    "deletion_coverage_seed_cutoff": 0.0,
    "dispersion": 6026.227,
    "nbinom_dispersion": 25095.8332825077,
    "nbinom_mean_parameter": 22004.52,
    "nbinom_prob_parameter": 3.98472522806015e-05,
    "nbinom_size_parameter": 0.8768546,
    "nbinom_variance": 552221765.381607,
    "variance": 52555646.0
  }
}