{
  "MN908947": {
    "average": 11359.66,
    "deletion_coverage_propagation_cutoff": 1.0,
    "deletion_coverage_seed_cutoff": 0.0,
    "dispersion": 12366.1,
    "nbinom_dispersion": 5667.25138366739,
    "nbinom_mean_parameter": 5424.979,
    "nbinom_prob_parameter": 0.000176452380934068,
    "nbinom_size_parameter": 0.9574194,
    "nbinom_variance": 30744719.7441165,
    "variance": 140474695.0
  }
}