{
  "MN908947": {
    "average": 12440.12,
    "deletion_coverage_propagation_cutoff": 1.0,
    "deletion_coverage_seed_cutoff": 0.0,
    "dispersion": 7696.069,
    "nbinom_dispersion": 52695.7880956765,
    "nbinom_mean_parameter": 37601.03,
    "nbinom_prob_parameter": 1.89768487413901e-05,
    "nbinom_size_parameter": 0.7135626,
    "nbinom_variance": 1981415909.05918,
    "variance": 95740037.0
  }
}