{
  "MN908947": {
    "average": 10906.38,
    "deletion_coverage_propagation_cutoff": 182.0,
    "deletion_coverage_seed_cutoff": 0.0,
    "dispersion": 5098.372,
    "nbinom_dispersion": 10619.52676151,
    "nbinom_mean_parameter": 19780.85,
    "nbinom_prob_parameter": 9.41661547126994e-05,
    "nbinom_size_parameter": 1.862862,
    "nbinom_variance": 210063265.940415,
    "variance": 55604777.0
  }
}