{
  "MN908947": {
    "average": 7056.547,
    "deletion_coverage_propagation_cutoff": 1.0,
    "deletion_coverage_seed_cutoff": 0.0,
    "dispersion": 22274.52,
    "nbinom_dispersion": 45901.2551656923,
    "nbinom_mean_parameter": 33296.55,
    "nbinom_prob_parameter": 2.1785896625054e-05,
    "nbinom_size_parameter": 0.725411,
    "nbinom_variance": 1528353437.68723,
    "variance": 157181202.0
  }
}