REGION	POS	REF	ALT	REF_DP	REF_RV	REF_QUAL	ALT_DP	ALT_RV	ALT_QUAL	ALT_FREQ	TOTAL_DP	PVAL	PASS	GFF_FEATURE	REF_CODON	REF_AA	ALT_CODON	ALT_AA
MN908947.3	241	C	T	0	0	0	895	120	66	1	895	0	TRUE	NA	NA	NA	NA	NA
MN908947.3	1947	T	C	104	12	38	14404	80	38	0.992626	14511	0	TRUE	cds-QHD43415.1	GTT	V	GCT	A
MN908947.3	2647	A	G	3	0	39	10125	77	39	0.999605	10129	0	TRUE	cds-QHD43415.1	AAA	K	AAG	K
MN908947.3	3037	C	T	3	1	49	9775	1037	70	0.999591	9779	0	TRUE	cds-QHD43415.1	TTC	F	TTT	F
MN908947.3	6706	C	T	0	0	0	5934	793	69	0.999832	5935	0	TRUE	cds-QHD43415.1	AAC	N	AAT	N
MN908947.3	6731	A	G	33	8	42	5800	5576	40	0.994172	5834	0	TRUE	cds-QHD43415.1	ATA	I	GTA	V
MN908947.3	8027	G	T	0	0	0	10763	45	39	0.999721	10766	0	TRUE	cds-QHD43415.1	GTT	V	TTT	F
MN908947.3	14408	C	T	1	0	79	1076	179	66	0.999071	1077	0	TRUE	cds-QHD43415.1	CCT	P	CTT	L
MN908947.3	15438	G	T	1	1	39	8153	7853	39	0.999387	8158	0	TRUE	cds-QHD43415.1	ATG	M	ATT	I
MN908947.3	17977	C	T	78	33	37	3727	3620	39	0.979501	3805	0	TRUE	cds-QHD43415.1	CTT	L	TTT	F
MN908947.3	18877	C	T	3	3	38	10331	10262	37	0.99971	10334	0	TRUE	cds-QHD43415.1	CTA	L	TTA	L
MN908947.3	18981	C	T	10	8	33	7409	29	38	0.998518	7420	0	TRUE	cds-QHD43415.1	CAC	H	CAT	H
MN908947.3	21785	G	C	1	0	40	10988	81	39	0.999636	10992	0	TRUE	cds-QHD43416.1	GGT	G	CGT	R
MN908947.3	21928	C	T	1	1	40	11277	11189	39	0.999823	11279	0	TRUE	cds-QHD43416.1	AAC	N	AAT	N
MN908947.3	22000	C	T	6	5	37	18053	11505	39	0.999225	18067	0	TRUE	cds-QHD43416.1	CAC	H	CAT	H
MN908947.3	22444	C	T	5	2	47	5135	255	70	0.999027	5140	0	TRUE	cds-QHD43416.1	GAC	D	GAT	D
MN908947.3	23403	A	G	10	9	38	12613	12227	39	0.998812	12628	0	TRUE	cds-QHD43416.1	GAT	D	GGT	G
MN908947.3	23758	C	T	3	3	37	1290	1231	38	0.99768	1293	0	TRUE	cds-QHD43416.1	ACC	T	ACT	T
MN908947.3	25207	C	T	0	0	0	2670	306	69	0.999251	2672	0	TRUE	cds-QHD43416.1	TAC	Y	TAT	Y
MN908947.3	25563	G	T	0	0	0	4140	4033	38	0.999517	4142	0	TRUE	cds-QHD43417.1	CAG	Q	CAT	H
MN908947.3	26735	C	T	2	1	40	1744	673	55	0.998855	1746	0	TRUE	cds-QHD43419.1	TAC	Y	TAT	Y
MN908947.3	28093	C	T	79	41	38	1117	1032	39	0.933946	1196	0	TRUE	cds-QHD43422.1	TCT	S	TTT	F
MN908947.3	28854	C	T	0	0	0	785	194	57	1	785	0	TRUE	cds-QHD43423.2	TCA	S	TTA	L
MN908947.3	29234	G	T	0	0	0	277	136	46	1	277	9.52124e-182	TRUE	cds-QHD43423.2	GGC	G	TGC	C
MN908947.3	29555	C	T	225	102	38	1907	1449	39	0.894465	2132	0	TRUE	NA	NA	NA	NA	NA
