REGION	POS	REF	ALT	REF_DP	REF_RV	REF_QUAL	ALT_DP	ALT_RV	ALT_QUAL	ALT_FREQ	TOTAL_DP	PVAL	PASS	GFF_FEATURE	REF_CODON	REF_AA	ALT_CODON	ALT_AA
MN908947.3	225	C	T	0	0	0	1143	89	67	1	1143	0	TRUE	NA	NA	NA	NA	NA
MN908947.3	241	C	T	2	0	79	1145	170	65	0.998256	1147	0	TRUE	NA	NA	NA	NA	NA
MN908947.3	1059	C	T	1	0	39	3711	46	39	0.999731	3712	0	TRUE	cds-QHD43415.1	ACC	T	ATC	I
MN908947.3	3037	C	T	3	0	70	11576	1343	70	0.999741	11579	0	TRUE	cds-QHD43415.1	TTC	F	TTT	F
MN908947.3	4634	T	C	2	2	39	6493	6434	38	0.999231	6498	0	TRUE	cds-QHD43415.1	TTA	L	CTA	L
MN908947.3	6025	T	C	0	0	0	4032	128	64	1	4032	0	TRUE	cds-QHD43415.1	TAT	Y	TAC	Y
MN908947.3	10319	C	T	2	2	39	3954	1040	62	0.999494	3956	0	TRUE	cds-QHD43415.1	CTT	L	TTT	F
MN908947.3	13713	G	A	8	0	38	12623	210	39	0.999288	12632	0	TRUE	cds-QHD43415.1	AAG	K	AAA	K
MN908947.3	14408	C	T	0	0	0	1468	192	67	0.999319	1469	0	TRUE	cds-QHD43415.1	CCT	P	CTT	L
MN908947.3	16575	C	T	0	0	0	4953	139	38	0.999798	4954	0	TRUE	cds-QHD43415.1	GAC	D	GAT	D
MN908947.3	18424	A	G	2	0	34	4318	243	63	0.999537	4320	0	TRUE	cds-QHD43415.1	AAT	N	GAT	D
MN908947.3	18508	C	T	1	1	31	4194	4061	39	0.999762	4195	0	TRUE	cds-QHD43415.1	CTT	L	TTT	F
MN908947.3	18905	G	A	103	62	39	8945	8895	39	0.988616	9048	0	TRUE	cds-QHD43415.1	CGT	R	CAT	H
MN908947.3	19999	G	T	0	0	0	95	29	38	0.989583	96	3.7195e-58	TRUE	cds-QHD43415.1	GTT	V	TTT	F
MN908947.3	20237	G	T	0	0	0	3106	21	39	0.999678	3107	0	TRUE	cds-QHD43415.1	AGG	R	ATG	M
MN908947.3	21304	C	T	1	0	80	4369	872	66	0.999542	4371	0	TRUE	cds-QHD43415.1	CGC	R	TGC	C
MN908947.3	23277	C	T	3	1	57	15821	939	64	0.99981	15824	0	TRUE	cds-QHD43416.1	ACT	T	ATT	I
MN908947.3	23403	A	G	1	1	37	15412	14899	38	0.999546	15419	0	TRUE	cds-QHD43416.1	GAT	D	GGT	G
MN908947.3	23758	C	T	0	0	0	1962	1907	38	1	1962	0	TRUE	cds-QHD43416.1	ACC	T	ACT	T
MN908947.3	25563	G	T	1	1	39	3708	3577	38	0.999461	3710	0	TRUE	cds-QHD43417.1	CAG	Q	CAT	H
MN908947.3	25907	G	T	41	28	38	5381	5263	38	0.992255	5423	0	TRUE	cds-QHD43417.1	GGT	G	GTT	V
MN908947.3	26385	T	A	7	2	65	9926	693	68	0.998793	9938	0	TRUE	cds-QHD43418.1	GTT	V	GTA	V
MN908947.3	26801	C	T	3	3	34	3143	2998	39	0.999046	3146	0	TRUE	cds-QHD43419.1	CTC	L	CTT	L
MN908947.3	27964	C	T	1	0	75	4914	308	69	0.999797	4915	0	TRUE	cds-QHD43422.1	TCA	S	TTA	L
MN908947.3	28472	C	T	2	0	39	1706	91	38	0.998829	1708	0	TRUE	cds-QHD43423.2	CCT	P	TCT	S
MN908947.3	28869	C	T	5	4	33	4393	561	65	0.998863	4398	0	TRUE	cds-QHD43423.2	CCA	P	CTA	L
