{
  "MN908947": {
    "average": 15541.05,
    "deletion_coverage_propagation_cutoff": 287.0,
    "deletion_coverage_seed_cutoff": 0.0,
    "dispersion": 6185.312,
    "nbinom_dispersion": 5180.84295409825,
    "nbinom_mean_parameter": 12543.43,
    "nbinom_prob_parameter": 0.00019301878263053,
    "nbinom_size_parameter": 2.421585,
    "nbinom_variance": 64985540.9357246,
    "variance": 96126246.0
  }
}