REGION	POS	REF	ALT	REF_DP	REF_RV	REF_QUAL	ALT_DP	ALT_RV	ALT_QUAL	ALT_FREQ	TOTAL_DP	PVAL	PASS	GFF_FEATURE	REF_CODON	REF_AA	ALT_CODON	ALT_AA
MN908947.3	241	C	T	0	0	0	12	3	65	1	12	7.08614e-09	TRUE	NA	NA	NA	NA	NA
MN908947.3	322	T	-G	115	10	29	94	0	20	0.691176	136	4.10703e-24	TRUE	NA	NA	NA	NA	NA
MN908947.3	685	A	G	12	7	36	36482	18209	38	0.999562	36498	0	TRUE	cds-QHD43415.1	CTA	L	CTG	L
MN908947.3	1059	C	T	5	0	39	14502	8	39	0.999518	14509	0	TRUE	cds-QHD43415.1	ACC	T	ATC	I
MN908947.3	3037	C	T	3	1	66	9923	1019	71	0.999698	9926	0	TRUE	cds-QHD43415.1	TTC	F	TTT	F
MN908947.3	8083	G	A	3	0	37	8883	92	38	0.999662	8886	0	TRUE	cds-QHD43415.1	ATG	M	ATA	I
MN908947.3	8085	A	G	1	0	39	8814	93	39	0.99932	8820	0	TRUE	cds-QHD43415.1	GAA	E	GGA	G
MN908947.3	10319	C	T	2	1	58	19753	3680	67	0.999899	19755	0	TRUE	cds-QHD43415.1	CTT	L	TTT	F
MN908947.3	11479	C	T	1	0	39	1948	133	69	0.999487	1949	0	TRUE	cds-QHD43415.1	ATC	I	ATT	I
MN908947.3	12128	G	A	24	17	39	10510	10428	38	0.997722	10534	0	TRUE	cds-QHD43415.1	GCA	A	ACA	T
MN908947.3	14408	C	T	1	0	80	1312	87	70	0.999238	1313	0	TRUE	cds-QHD43415.1	CCT	P	CTT	L
MN908947.3	14805	C	T	3	3	34	12681	12542	39	0.999763	12684	0	TRUE	cds-QHD43415.1	TAC	Y	TAT	Y
MN908947.3	18424	A	G	4	1	45	11398	394	64	0.999474	11404	0	TRUE	cds-QHD43415.1	AAT	N	GAT	D
MN908947.3	21304	C	T	1	1	39	9563	1669	69	0.999895	9564	0	TRUE	cds-QHD43415.1	CGC	R	TGC	C
MN908947.3	23403	A	G	1	1	40	15216	14911	38	0.999737	15220	0	TRUE	cds-QHD43416.1	GAT	D	GGT	G
MN908947.3	25455	G	T	6629	255	67	6288	228	67	0.486687	12920	0	TRUE	cds-QHD43417.1	AAG	K	AAT	N
MN908947.3	25563	G	T	0	0	0	12765	12705	38	0.999687	12769	0	TRUE	cds-QHD43417.1	CAG	Q	CAT	H
MN908947.3	25907	G	T	8	7	37	555	522	38	0.98579	563	0	TRUE	cds-QHD43417.1	GGT	G	GTT	V
MN908947.3	27964	C	T	4	0	67	12205	525	70	0.999672	12209	0	TRUE	cds-QHD43422.1	TCA	S	TTA	L
MN908947.3	28472	C	T	3	0	37	3908	69	38	0.998722	3913	0	TRUE	cds-QHD43423.2	CCT	P	TCT	S
MN908947.3	28869	C	T	9	3	51	26503	8200	52	0.999661	26512	0	TRUE	cds-QHD43423.2	CCA	P	CTA	L
MN908947.3	29409	C	T	3	0	39	12683	1407	39	0.999764	12686	0	TRUE	cds-QHD43423.2	ACT	T	ATT	I
