{
  "MN908947": {
    "average": 10776.81,
    "deletion_coverage_propagation_cutoff": 229.0,
    "deletion_coverage_seed_cutoff": 0.0,
    "dispersion": 6775.128,
    "nbinom_dispersion": 7219.30947780911,
    "nbinom_mean_parameter": 15329.43,
    "nbinom_prob_parameter": 0.000138517402955757,
    "nbinom_size_parameter": 2.123687,
    "nbinom_variance": 110667899.288411,
    "variance": 73014284.0
  }
}