{
  "MN908947": {
    "average": 13104.74,
    "deletion_coverage_propagation_cutoff": 10.0,
    "deletion_coverage_seed_cutoff": 0.0,
    "dispersion": 10450.49,
    "nbinom_dispersion": 178104.455838224,
    "nbinom_mean_parameter": 149835.0,
    "nbinom_prob_parameter": 5.61468266076578e-06,
    "nbinom_size_parameter": 0.8412807,
    "nbinom_variance": 26686281140.5203,
    "variance": 136950954.0
  }
}