{
  "MN908947": {
    "average": 12818.49,
    "deletion_coverage_propagation_cutoff": 5.0,
    "deletion_coverage_seed_cutoff": 0.0,
    "dispersion": 7738.595,
    "nbinom_dispersion": 25724.1032704375,
    "nbinom_mean_parameter": 24963.41,
    "nbinom_prob_parameter": 3.88740470167998e-05,
    "nbinom_size_parameter": 0.9704665,
    "nbinom_variance": 642161336.822271,
    "variance": 99197088.0
  }
}