{
  "MN908947": {
    "average": 5551.436,
    "deletion_coverage_propagation_cutoff": 1.0,
    "deletion_coverage_seed_cutoff": 0.0,
    "dispersion": 3760.85,
    "nbinom_dispersion": 15661.4875583347,
    "nbinom_mean_parameter": 9617.89,
    "nbinom_prob_parameter": 6.38508951512606e-05,
    "nbinom_size_parameter": 0.6141501,
    "nbinom_variance": 150630464.572432,
    "variance": 20878121.0
  }
}