REGION	POS	REF	ALT	REF_DP	REF_RV	REF_QUAL	ALT_DP	ALT_RV	ALT_QUAL	ALT_FREQ	TOTAL_DP	PVAL	PASS	GFF_FEATURE	REF_CODON	REF_AA	ALT_CODON	ALT_AA
MN908947.3	241	C	T	0	0	0	52	8	66	1	52	1.80758e-40	TRUE	NA	NA	NA	NA	NA
MN908947.3	322	T	-G	87	50	34	35	0	20	0.35	100	1.18209e-09	TRUE	NA	NA	NA	NA	NA
MN908947.3	1154	A	G	5	0	53	10508	1322	68	0.998859	10520	0	TRUE	cds-QHD43415.1	ATG	M	GTG	V
MN908947.3	3037	C	T	2	1	51	6925	953	69	0.999711	6927	0	TRUE	cds-QHD43415.1	TTC	F	TTT	F
MN908947.3	3589	C	T	3462	6	39	2967	7	39	0.461503	6429	0	TRUE	cds-QHD43415.1	CAC	H	CAT	H
MN908947.3	8152	C	T	2	0	61	11609	1077	67	0.999569	11614	0	TRUE	cds-QHD43415.1	GTC	V	GTT	V
MN908947.3	10702	C	T	1	1	40	4769	4550	38	0.99979	4770	0	TRUE	cds-QHD43415.1	GAC	D	GAT	D
MN908947.3	12121	A	G	39	13	38	8262	8193	38	0.995302	8301	0	TRUE	cds-QHD43415.1	CCA	P	CCG	P
MN908947.3	14408	C	T	0	0	0	1347	106	69	1	1347	0	TRUE	cds-QHD43415.1	CCT	P	CTT	L
MN908947.3	18877	C	T	0	0	0	11217	11197	37	1	11217	0	TRUE	cds-QHD43415.1	CTA	L	TTA	L
MN908947.3	23403	A	G	3	3	39	11283	11144	38	0.999557	11288	0	TRUE	cds-QHD43416.1	GAT	D	GGT	G
MN908947.3	23587	G	T	1	0	27	5452	15	39	0.999817	5453	0	TRUE	cds-QHD43416.1	CAG	Q	CAT	H
MN908947.3	25563	G	T	1	1	40	6772	6706	38	0.999705	6774	0	TRUE	cds-QHD43417.1	CAG	Q	CAT	H
MN908947.3	25677	G	T	0	0	0	1482	4	39	0.999326	1483	0	TRUE	cds-QHD43417.1	TTG	L	TTT	F
MN908947.3	28272	A	G	5	0	58	17157	4532	54	0.99965	17163	0	TRUE	NA	NA	NA	NA	NA
MN908947.3	28975	G	T	2	2	28	8382	7712	38	0.999761	8384	0	TRUE	cds-QHD43423.2	ATG	M	ATT	I
MN908947.3	29474	G	T	0	0	0	13189	3602	54	0.999848	13191	0	TRUE	cds-QHD43423.2	GAT	D	TAT	Y
