{
  "MN908947": {
    "average": 9396.378,
    "deletion_coverage_propagation_cutoff": 3.0,
    "deletion_coverage_seed_cutoff": 0.0,
    "dispersion": 7883.585,
    "nbinom_dispersion": 42462.291815564,
    "nbinom_mean_parameter": 37275.49,
    "nbinom_prob_parameter": 2.35503068073557e-05,
    "nbinom_size_parameter": 0.8778699,
    "nbinom_variance": 1582802733.94814,
    "variance": 74077150.0
  }
}