REGION	POS	REF	ALT	REF_DP	REF_RV	REF_QUAL	ALT_DP	ALT_RV	ALT_QUAL	ALT_FREQ	TOTAL_DP	PVAL	PASS	GFF_FEATURE	REF_CODON	REF_AA	ALT_CODON	ALT_AA
MN908947.3	241	C	T	1	0	78	212	23	68	0.995305	213	9.76666e-167	TRUE	NA	NA	NA	NA	NA
MN908947.3	322	T	-G	294	207	35	92	0	20	0.282209	326	2.80206e-23	TRUE	NA	NA	NA	NA	NA
MN908947.3	714	G	A	137	7	37	12525	24	38	0.989024	12664	0	TRUE	cds-QHD43415.1	GGC	G	GAC	D
MN908947.3	1063	C	T	3	0	35	5730	31	39	0.999477	5733	0	TRUE	cds-QHD43415.1	TTC	F	TTT	F
MN908947.3	3037	C	T	5	2	57	11276	1109	71	0.999468	11282	0	TRUE	cds-QHD43415.1	TTC	F	TTT	F
MN908947.3	8024	G	A	5	1	38	10367	25	39	0.999422	10373	0	TRUE	cds-QHD43415.1	GCA	A	ACA	T
MN908947.3	8841	C	T	2078	430	65	1845	366	66	0.470183	3924	0	TRUE	cds-QHD43415.1	ACA	T	ATA	I
MN908947.3	9084	A	G	4	0	58	13128	2278	64	0.999543	13134	0	TRUE	cds-QHD43415.1	GAA	E	GGA	G
MN908947.3	10741	C	T	39	17	38	808	12	38	0.953955	847	0	TRUE	cds-QHD43415.1	GAC	D	GAT	D
MN908947.3	12794	G	A	85	11	38	5825	15	38	0.984784	5915	0	TRUE	cds-QHD43415.1	GGA	G	AGA	R
MN908947.3	14408	C	T	1	0	78	2372	157	71	0.999579	2373	0	TRUE	cds-QHD43415.1	CCT	P	CTT	L
MN908947.3	19542	G	T	0	0	0	3069	3024	39	1	3069	0	TRUE	cds-QHD43415.1	ATG	M	ATT	I
MN908947.3	20268	A	G	2	0	39	5653	13	38	0.999116	5658	0	TRUE	cds-QHD43415.1	TTA	L	TTG	L
MN908947.3	23403	A	G	1	1	40	14162	13743	39	0.999718	14166	0	TRUE	cds-QHD43416.1	GAT	D	GGT	G
MN908947.3	23604	C	A	0	0	0	4880	193	64	1	4880	0	TRUE	cds-QHD43416.1	CCT	P	CAT	H
MN908947.3	24076	T	C	7	7	36	12262	12214	38	0.999267	12271	0	TRUE	cds-QHD43416.1	GGT	G	GGC	G
MN908947.3	24774	A	T	61	10	38	8701	29	38	0.992698	8765	0	TRUE	cds-QHD43416.1	CAA	Q	CTA	L
MN908947.3	28854	C	T	1	0	28	11225	2155	59	0.999644	11229	0	TRUE	cds-QHD43423.2	TCA	S	TTA	L
MN908947.3	29266	G	A	0	0	0	4047	3962	39	1	4047	0	TRUE	cds-QHD43423.2	TTG	L	TTA	L
MN908947.3	29710	T	C	14	4	60	6806	983	68	0.997947	6820	0	TRUE	NA	NA	NA	NA	NA
