REGION	POS	REF	ALT	REF_DP	REF_RV	REF_QUAL	ALT_DP	ALT_RV	ALT_QUAL	ALT_FREQ	TOTAL_DP	PVAL	PASS	GFF_FEATURE	REF_CODON	REF_AA	ALT_CODON	ALT_AA
MN908947.3	241	C	T	0	0	0	255	39	66	1	255	5.3836e-199	TRUE	NA	NA	NA	NA	NA
MN908947.3	1059	C	T	3	0	39	5871	19	39	0.999489	5874	0	TRUE	cds-QHD43415.1	ACC	T	ATC	I
MN908947.3	3037	C	T	1	0	72	7991	856	70	0.999875	7992	0	TRUE	cds-QHD43415.1	TTC	F	TTT	F
MN908947.3	3773	C	T	4	4	30	7339	7317	38	0.999455	7343	0	TRUE	cds-QHD43415.1	CGC	R	TGC	C
MN908947.3	10084	T	C	314	289	38	6215	6112	38	0.951907	6529	0	TRUE	cds-QHD43415.1	TCT	S	TCC	S
MN908947.3	14191	T	C	0	0	0	11604	11571	38	0.999828	11606	0	TRUE	cds-QHD43415.1	TTA	L	CTA	L
MN908947.3	14408	C	T	0	0	0	2148	198	69	1	2148	0	TRUE	cds-QHD43415.1	CCT	P	CTT	L
MN908947.3	16173	C	T	7	6	34	20326	14744	39	0.999459	20337	0	TRUE	cds-QHD43415.1	AAC	N	AAT	N
MN908947.3	16260	C	T	2	0	40	5299	24	40	0.999623	5301	0	TRUE	cds-QHD43415.1	TGC	C	TGT	C
MN908947.3	23403	A	G	0	0	0	10460	10106	38	0.999713	10463	0	TRUE	cds-QHD43416.1	GAT	D	GGT	G
MN908947.3	24253	A	T	0	0	0	3952	534	64	0.999241	3955	0	TRUE	cds-QHD43416.1	CCA	P	CCT	P
MN908947.3	25563	G	T	1	1	39	6007	5925	38	0.999834	6008	0	TRUE	cds-QHD43417.1	CAG	Q	CAT	H
MN908947.3	26681	C	T	3	0	74	4398	282	66	0.999318	4401	0	TRUE	cds-QHD43419.1	TTC	F	TTT	F
MN908947.3	28821	C	A	0	0	0	4165	800	53	0.99976	4166	0	TRUE	cds-QHD43423.2	TCT	S	TAT	Y
