{
  "MN908947": {
    "average": 15381.38,
    "deletion_coverage_propagation_cutoff": 1097.0,
    "deletion_coverage_seed_cutoff": 0.0,
    "dispersion": 13164.98,
    "nbinom_dispersion": 1407.40563965536,
    "nbinom_mean_parameter": 8056.703,
    "nbinom_prob_parameter": 0.000710527208236052,
    "nbinom_size_parameter": 5.728577,
    "nbinom_variance": 11339049.2392283,
    "variance": 202495561.0
  }
}