sample	contig	position	ref	alt	primer_name	amplicon	depth
E3	MN908947.3	12484	C	T	nCoV-2019_41_RIGHT	nCoV-2019_41	1388.7639160
E3	MN908947.3	17690	C	T	nCoV-2019_59_LEFT	nCoV-2019_59	8.2878046
E3	MN908947.3	25673	T	C	nCoV-2019_84_RIGHT	nCoV-2019_84	14855.2197266
E3	MN908947.3	25904	C	T	nCoV-2019_86_LEFT	nCoV-2019_86	276.2463074
