sample	contig	position	ref	alt	primer_name	amplicon	depth
E39	MN908947.3	10097	G	A	nCoV-2019_34_LEFT	nCoV-2019_34	3202.2407227
E39	MN908947.3	13625	A	G	nCoV-2019_46_LEFT_alt1	nCoV-2019_46	39106.9140625
