sample	contig	position	ref	alt	primer_name	amplicon	depth
E41	MN908947.3	14551	T	C	nCoV-2019_49_LEFT	nCoV-2019_49	6884.9243164
E41	MN908947.3	17690	C	T	nCoV-2019_59_LEFT	nCoV-2019_59	14.2195120
