sample	contig	position	ref	alt	primer_name	amplicon	depth
E55	MN908947.3	321	C	T	nCoV-2019_2_LEFT	nCoV-2019_2	20664.7968750
E55	MN908947.3	9267	G	A	nCoV-2019_30_RIGHT	nCoV-2019_30	13257.8369141
E55	MN908947.3	17746	C	T	nCoV-2019_58_RIGHT	nCoV-2019_58	10616.7929688
E55	MN908947.3	22632	G	A	nCoV-2019_74_RIGHT	nCoV-2019_74	773.7000122
E55	MN908947.3	29508	G	T	nCoV-2019_98_LEFT	nCoV-2019_98	873.7202759
