sample	contig	position	ref	alt	primer_name	amplicon	depth
E58	MN908947.3	5886	C	T	nCoV-2019_20_LEFT	nCoV-2019_20	7730.8144531
E58	MN908947.3	17690	C	T	nCoV-2019_59_LEFT	nCoV-2019_59	144.6048737
