sample	contig	position	ref	alt	primer_name	amplicon	depth
E67	MN908947.3	17690	C	T	nCoV-2019_59_LEFT	nCoV-2019_59	3016.3852539
E67	MN908947.3	27849	C	T	nCoV-2019_91_RIGHT	nCoV-2019_91	3836.6413574
