REGION	POS	REF	ALT	REF_DP	REF_RV	REF_QUAL	ALT_DP	ALT_RV	ALT_QUAL	ALT_FREQ	TOTAL_DP	PVAL	PASS	GFF_FEATURE	REF_CODON	REF_AA	ALT_CODON	ALT_AA
MN908947.3	241	C	T	0	0	0	41	3	66	1	41	5.87903e-32	TRUE	NA	NA	NA	NA	NA
MN908947.3	322	T	-G	198	41	30	167	0	20	0.668	250	9.1284e-44	TRUE	NA	NA	NA	NA	NA
MN908947.3	1263	C	T	5	4	36	16931	16898	38	0.999646	16937	0	TRUE	cds-QHD43415.1	ACG	T	ATG	M
MN908947.3	1947	T	C	118	4	38	1887	12	38	0.941147	2005	0	TRUE	cds-QHD43415.1	GTT	V	GCT	A
MN908947.3	3037	C	T	7	1	70	19407	2490	69	0.999588	19415	0	TRUE	cds-QHD43415.1	TTC	F	TTT	F
MN908947.3	4643	G	A	39	13	42	1541	1530	39	0.9747	1581	0	TRUE	cds-QHD43415.1	GAA	E	AAA	K
MN908947.3	8027	G	T	0	0	0	11155	47	38	1	11155	0	TRUE	cds-QHD43415.1	GTT	V	TTT	F
MN908947.3	11750	C	T	7	1	51	12163	1472	67	0.999425	12170	0	TRUE	cds-QHD43415.1	CTC	L	TTC	F
MN908947.3	14408	C	T	0	0	0	2620	207	70	1	2620	0	TRUE	cds-QHD43415.1	CCT	P	CTT	L
MN908947.3	15438	G	T	2	2	35	12162	12084	39	0.999425	12169	0	TRUE	cds-QHD43415.1	ATG	M	ATT	I
MN908947.3	17977	C	T	263	223	37	1158	1130	38	0.814919	1421	0	TRUE	cds-QHD43415.1	CTT	L	TTT	F
MN908947.3	18877	C	T	6	6	37	24523	24425	37	0.999755	24529	0	TRUE	cds-QHD43415.1	CTA	L	TTA	L
MN908947.3	18981	C	T	24	18	32	7059	32	38	0.99633	7085	0	TRUE	cds-QHD43415.1	CAC	H	CAT	H
MN908947.3	21785	G	C	0	0	0	14937	57	39	0.999866	14939	0	TRUE	cds-QHD43416.1	GGT	G	CGT	R
MN908947.3	22444	C	T	1	0	30	2136	126	68	0.999532	2137	0	TRUE	cds-QHD43416.1	GAC	D	GAT	D
MN908947.3	23403	A	G	7	7	38	14007	13678	38	0.999215	14018	0	TRUE	cds-QHD43416.1	GAT	D	GGT	G
MN908947.3	23758	C	T	8488	8475	38	4504	4502	38	0.346622	12994	0	TRUE	cds-QHD43416.1	ACC	T	ACT	T
MN908947.3	24124	G	A	8815	5308	39	3226	2005	39	0.267896	12042	0	TRUE	cds-QHD43416.1	AAG	K	AAA	K
MN908947.3	25046	C	T	2	0	35	23822	17904	38	0.999748	23828	0	TRUE	cds-QHD43416.1	CCA	P	TCA	S
MN908947.3	25563	G	T	1	1	40	20765	20589	38	0.999663	20772	0	TRUE	cds-QHD43417.1	CAG	Q	CAT	H
MN908947.3	26735	C	T	3	1	64	15427	2025	68	0.999741	15431	0	TRUE	cds-QHD43419.1	TAC	Y	TAT	Y
MN908947.3	28093	C	T	60	33	38	15704	15625	39	0.996194	15764	0	TRUE	cds-QHD43422.1	TCT	S	TTT	F
MN908947.3	28744	C	T	13753	5818	38	5805	2482	38	0.296718	19564	0	TRUE	cds-QHD43423.2	ATC	I	ATT	I
MN908947.3	28854	C	T	5	1	55	21545	6218	52	0.999768	21550	0	TRUE	cds-QHD43423.2	TCA	S	TTA	L
MN908947.3	28868	C	T	7	1	52	21458	6270	53	0.999488	21469	0	TRUE	cds-QHD43423.2	CCA	P	TCA	S
MN908947.3	29555	C	T	722	356	38	12813	11097	38	0.946587	13536	0	TRUE	NA	NA	NA	NA	NA
