{
  "MN908947": {
    "average": 12957.47,
    "deletion_coverage_propagation_cutoff": 684.0,
    "deletion_coverage_seed_cutoff": 0.0,
    "dispersion": 6079.842,
    "nbinom_dispersion": 3976.4363303293,
    "nbinom_mean_parameter": 13166.18,
    "nbinom_prob_parameter": 0.000251481456492272,
    "nbinom_size_parameter": 3.311883,
    "nbinom_variance": 52354476.4836551,
    "variance": 78779372.0
  }
}