{
  "MN908947": {
    "average": 3.504483,
    "deletion_coverage_propagation_cutoff": 1.0,
    "deletion_coverage_seed_cutoff": 0.0,
    "dispersion": 83.42941,
    "nbinom_dispersion": 1.0001915859,
    "nbinom_mean_parameter": 1.915859,
    "nbinom_prob_parameter": 0.999808450798126,
    "nbinom_size_parameter": 10000.0,
    "nbinom_variance": 1.91622605157079,
    "variance": 292.377
  }
}