{
  "MN908947": {
    "average": 13218.94,
    "deletion_coverage_propagation_cutoff": 142.0,
    "deletion_coverage_seed_cutoff": 0.0,
    "dispersion": 5845.616,
    "nbinom_dispersion": 14570.2154649468,
    "nbinom_mean_parameter": 24355.78,
    "nbinom_prob_parameter": 6.86331648564713e-05,
    "nbinom_size_parameter": 1.671729,
    "nbinom_variance": 354868962.416841,
    "variance": 77272851.0
  }
}