REGION	POS	REF	ALT	REF_DP	REF_RV	REF_QUAL	ALT_DP	ALT_RV	ALT_QUAL	ALT_FREQ	TOTAL_DP	PVAL	PASS	GFF_FEATURE	REF_CODON	REF_AA	ALT_CODON	ALT_AA
MN908947.3	322	T	-G	64	10	29	48	0	20	0.657534	73	2.55516e-13	TRUE	NA	NA	NA	NA	NA
MN908947.3	1947	T	C	53	2	38	759	7	38	0.934729	812	0	TRUE	cds-QHD43415.1	GTT	V	GCT	A
MN908947.3	3037	C	T	4	1	52	11681	1418	69	0.999658	11685	0	TRUE	cds-QHD43415.1	TTC	F	TTT	F
MN908947.3	6731	A	G	11	5	40	16458	15991	40	0.999271	16470	0	TRUE	cds-QHD43415.1	ATA	I	GTA	V
MN908947.3	8027	G	T	2	0	40	10396	41	38	0.999712	10399	0	TRUE	cds-QHD43415.1	GTT	V	TTT	F
MN908947.3	12781	C	T	38	0	39	4685	4	39	0.991534	4725	0	TRUE	cds-QHD43415.1	TAC	Y	TAT	Y
MN908947.3	14408	C	T	0	0	0	1458	126	69	1	1458	0	TRUE	cds-QHD43415.1	CCT	P	CTT	L
MN908947.3	15438	G	T	2	2	33	7103	7081	39	0.999015	7110	0	TRUE	cds-QHD43415.1	ATG	M	ATT	I
MN908947.3	17977	C	T	3	3	39	247	246	38	0.988	250	2.99442e-144	TRUE	cds-QHD43415.1	CTT	L	TTT	F
MN908947.3	18877	C	T	1	1	36	23279	23177	37	0.999914	23281	0	TRUE	cds-QHD43415.1	CTA	L	TTA	L
MN908947.3	18981	C	T	23	18	32	10818	50	38	0.997694	10843	0	TRUE	cds-QHD43415.1	CAC	H	CAT	H
MN908947.3	21785	G	C	1	0	40	13108	56	39	0.999695	13112	0	TRUE	cds-QHD43416.1	GGT	G	CGT	R
MN908947.3	21928	C	T	7	7	38	13749	13663	39	0.999346	13758	0	TRUE	cds-QHD43416.1	AAC	N	AAT	N
MN908947.3	22444	C	T	0	0	0	3082	169	69	1	3082	0	TRUE	cds-QHD43416.1	GAC	D	GAT	D
MN908947.3	23403	A	G	3	3	32	17215	16743	38	0.997855	17252	0	TRUE	cds-QHD43416.1	GAT	D	GGT	G
MN908947.3	25207	C	T	2	1	58	6606	783	69	0.999546	6609	0	TRUE	cds-QHD43416.1	TAC	Y	TAT	Y
MN908947.3	25563	G	T	0	0	0	19259	19133	38	0.99974	19264	0	TRUE	cds-QHD43417.1	CAG	Q	CAT	H
MN908947.3	26735	C	T	5	0	49	16400	2207	68	0.999695	16405	0	TRUE	cds-QHD43419.1	TAC	Y	TAT	Y
MN908947.3	27670	G	T	0	0	0	1160	202	65	1	1160	0	TRUE	cds-QHD43421.1	GTT	V	TTT	F
MN908947.3	28093	C	T	55	29	37	14789	14695	39	0.996161	14846	0	TRUE	cds-QHD43422.1	TCT	S	TTT	F
MN908947.3	28854	C	T	10	2	41	29587	7621	54	0.999595	29599	0	TRUE	cds-QHD43423.2	TCA	S	TTA	L
MN908947.3	29555	C	T	78	36	38	12639	11547	38	0.993866	12717	0	TRUE	NA	NA	NA	NA	NA
