{
  "MN908947": {
    "average": 12627.09,
    "deletion_coverage_propagation_cutoff": 985.0,
    "deletion_coverage_seed_cutoff": 0.0,
    "dispersion": 6483.264,
    "nbinom_dispersion": 2989.19694000877,
    "nbinom_mean_parameter": 12265.9,
    "nbinom_prob_parameter": 0.000334538011402175,
    "nbinom_size_parameter": 4.104783,
    "nbinom_variance": 36665190.7464535,
    "variance": 81864761.0
  }
}