{
  "MN908947": {
    "average": 13088.53,
    "deletion_coverage_propagation_cutoff": 1.0,
    "deletion_coverage_seed_cutoff": 0.0,
    "dispersion": 7655.321,
    "nbinom_dispersion": 22291.8770362257,
    "nbinom_mean_parameter": 11136.54,
    "nbinom_prob_parameter": 4.48593897398113e-05,
    "nbinom_size_parameter": 0.4996008,
    "nbinom_variance": 248254380.289009,
    "variance": 100196872.0
  }
}