{
  "MN908947": {
    "average": 12739.03,
    "deletion_coverage_propagation_cutoff": 307.0,
    "deletion_coverage_seed_cutoff": 0.0,
    "dispersion": 6781.144,
    "nbinom_dispersion": 3363.23979522801,
    "nbinom_mean_parameter": 9268.441,
    "nbinom_prob_parameter": 0.00029733235239987,
    "nbinom_size_parameter": 2.756627,
    "nbinom_variance": 31171989.6109229,
    "variance": 86385192.0
  }
}