REGION	POS	REF	ALT	REF_DP	REF_RV	REF_QUAL	ALT_DP	ALT_RV	ALT_QUAL	ALT_FREQ	TOTAL_DP	PVAL	PASS	GFF_FEATURE	REF_CODON	REF_AA	ALT_CODON	ALT_AA
MN908947.3	225	C	T	0	0	0	630	44	68	1	630	0	TRUE	NA	NA	NA	NA	NA
MN908947.3	241	C	T	1	0	27	626	83	67	0.998405	627	0	TRUE	NA	NA	NA	NA	NA
MN908947.3	1059	C	T	2	0	39	6244	25	39	0.99968	6246	0	TRUE	cds-QHD43415.1	ACC	T	ATC	I
MN908947.3	3037	C	T	2	0	30	14160	1693	69	0.999859	14162	0	TRUE	cds-QHD43415.1	TTC	F	TTT	F
MN908947.3	4634	T	C	2	2	38	6801	6754	38	0.999559	6804	0	TRUE	cds-QHD43415.1	TTA	L	CTA	L
MN908947.3	6025	T	C	4	1	46	5425	227	64	0.998895	5431	0	TRUE	cds-QHD43415.1	TAT	Y	TAC	Y
MN908947.3	10319	C	T	3	3	36	9044	2154	65	0.999668	9047	0	TRUE	cds-QHD43415.1	CTT	L	TTT	F
MN908947.3	13713	G	A	5	0	35	22038	136	39	0.999728	22044	0	TRUE	cds-QHD43415.1	AAG	K	AAA	K
MN908947.3	14408	C	T	0	0	0	3807	342	70	0.999737	3808	0	TRUE	cds-QHD43415.1	CCT	P	CTT	L
MN908947.3	16575	C	T	1	0	39	6617	98	38	0.999849	6618	0	TRUE	cds-QHD43415.1	GAC	D	GAT	D
MN908947.3	18424	A	G	4	2	52	7054	314	63	0.999433	7058	0	TRUE	cds-QHD43415.1	AAT	N	GAT	D
MN908947.3	18508	C	T	2	2	39	6817	6667	39	0.999707	6819	0	TRUE	cds-QHD43415.1	CTT	L	TTT	F
MN908947.3	18905	G	A	138	66	38	12096	12047	39	0.98872	12234	0	TRUE	cds-QHD43415.1	CGT	R	CAT	H
MN908947.3	19999	G	T	1	0	39	93	32	40	0.989362	94	4.03351e-56	TRUE	cds-QHD43415.1	GTT	V	TTT	F
MN908947.3	20237	G	T	3	0	39	5077	7	39	0.999409	5080	0	TRUE	cds-QHD43415.1	AGG	R	ATG	M
MN908947.3	21304	C	T	1	1	40	8330	1551	67	0.99988	8331	0	TRUE	cds-QHD43415.1	CGC	R	TGC	C
MN908947.3	23277	C	T	4	2	43	17835	984	64	0.99972	17840	0	TRUE	cds-QHD43416.1	ACT	T	ATT	I
MN908947.3	23403	A	G	7	7	37	17322	16789	39	0.999308	17334	0	TRUE	cds-QHD43416.1	GAT	D	GGT	G
MN908947.3	23758	C	T	3	3	35	2919	2872	38	0.998973	2922	0	TRUE	cds-QHD43416.1	ACC	T	ACT	T
MN908947.3	25563	G	T	0	0	0	6389	6278	38	0.999844	6390	0	TRUE	cds-QHD43417.1	CAG	Q	CAT	H
MN908947.3	25907	G	T	27	22	39	6406	6213	38	0.995648	6434	0	TRUE	cds-QHD43417.1	GGT	G	GTT	V
MN908947.3	26385	T	A	7	3	35	8902	597	68	0.99899	8911	0	TRUE	cds-QHD43418.1	GTT	V	GTA	V
MN908947.3	26801	C	T	1	1	40	3305	3119	38	0.999698	3306	0	TRUE	cds-QHD43419.1	CTC	L	CTT	L
MN908947.3	27964	C	T	0	0	0	4090	298	69	1	4090	0	TRUE	cds-QHD43422.1	TCA	S	TTA	L
MN908947.3	28472	C	T	1	0	39	1411	141	38	0.998585	1413	0	TRUE	cds-QHD43423.2	CCT	P	TCT	S
MN908947.3	28869	C	T	2	0	56	1174	330	55	0.998299	1176	0	TRUE	cds-QHD43423.2	CCA	P	CTA	L
