{
  "MN908947": {
    "average": 48.36078,
    "deletion_coverage_propagation_cutoff": 1.0,
    "deletion_coverage_seed_cutoff": 0.0,
    "dispersion": 2689.832,
    "nbinom_dispersion": 2.66276239837597,
    "nbinom_mean_parameter": 9.366166,
    "nbinom_prob_parameter": 0.37554984275349,
    "nbinom_size_parameter": 5.632895,
    "nbinom_variance": 24.9398746417474,
    "variance": 130082.4
  }
}