{
  "MN908947": {
    "average": 8813.529,
    "deletion_coverage_propagation_cutoff": 68.0,
    "deletion_coverage_seed_cutoff": 0.0,
    "dispersion": 6627.705,
    "nbinom_dispersion": 2787.18778069444,
    "nbinom_mean_parameter": 5598.914,
    "nbinom_prob_parameter": 0.00035878458097676,
    "nbinom_size_parameter": 2.009525,
    "nbinom_variance": 15605224.685959,
    "variance": 58413464.0
  }
}