{
  "MN908947": {
    "average": 14063.81,
    "deletion_coverage_propagation_cutoff": 22.0,
    "deletion_coverage_seed_cutoff": 0.0,
    "dispersion": 11217.41,
    "nbinom_dispersion": 75856.4629393091,
    "nbinom_mean_parameter": 35216.46,
    "nbinom_prob_parameter": 1.31827923587747e-05,
    "nbinom_size_parameter": 0.4642574,
    "nbinom_variance": 2671396092.84366,
    "variance": 157759564.0
  }
}