{
  "MN908947": {
    "average": 10004.55,
    "deletion_coverage_propagation_cutoff": 1404.0,
    "deletion_coverage_seed_cutoff": 0.0,
    "dispersion": 5607.605,
    "nbinom_dispersion": 2159.46362985085,
    "nbinom_mean_parameter": 11467.11,
    "nbinom_prob_parameter": 0.000463077954255274,
    "nbinom_size_parameter": 5.312626,
    "nbinom_variance": 24762806.984499,
    "variance": 56101588.0
  }
}