REGION	POS	REF	ALT	REF_DP	REF_RV	REF_QUAL	ALT_DP	ALT_RV	ALT_QUAL	ALT_FREQ	TOTAL_DP	PVAL	PASS	GFF_FEATURE	REF_CODON	REF_AA	ALT_CODON	ALT_AA
MN908947.3	241	C	T	0	0	0	1268	233	64	1	1268	0	TRUE	NA	NA	NA	NA	NA
MN908947.3	1059	C	T	1	0	36	1170	112	39	0.999146	1171	0	TRUE	cds-QHD43415.1	ACC	T	ATC	I
MN908947.3	3037	C	T	2	1	52	10787	1627	68	0.999722	10790	0	TRUE	cds-QHD43415.1	TTC	F	TTT	F
MN908947.3	3773	C	T	6	4	37	9042	8924	38	0.999226	9049	0	TRUE	cds-QHD43415.1	CGC	R	TGC	C
MN908947.3	10084	T	C	514	445	38	10716	10257	38	0.95372	11236	0	TRUE	cds-QHD43415.1	TCT	S	TCC	S
MN908947.3	11941	C	A	69	27	40	1218	311	39	0.946387	1287	0	TRUE	cds-QHD43415.1	GTC	V	GTA	V
MN908947.3	14191	T	C	8	8	35	22790	22650	38	0.999605	22799	0	TRUE	cds-QHD43415.1	TTA	L	CTA	L
MN908947.3	14408	C	T	5	3	43	844	208	59	0.994111	849	0	TRUE	cds-QHD43415.1	CCT	P	CTT	L
MN908947.3	16173	C	T	10	9	36	28699	26036	38	0.999617	28710	0	TRUE	cds-QHD43415.1	AAC	N	AAT	N
MN908947.3	16260	C	T	0	0	0	2590	83	41	1	2590	0	TRUE	cds-QHD43415.1	TGC	C	TGT	C
MN908947.3	17750	C	T	100	17	39	6253	42	38	0.984259	6353	0	TRUE	cds-QHD43415.1	GCT	A	GTT	V
MN908947.3	19179	T	C	2	2	27	11811	11716	38	0.999661	11815	0	TRUE	cds-QHD43415.1	GGT	G	GGC	G
MN908947.3	23403	A	G	7	6	33	22663	21960	39	0.999515	22674	0	TRUE	cds-QHD43416.1	GAT	D	GGT	G
MN908947.3	24253	A	T	1	0	34	5448	872	62	0.997985	5459	0	TRUE	cds-QHD43416.1	CCA	P	CCT	P
MN908947.3	25002	C	T	12	11	38	5137	5047	38	0.997669	5149	0	TRUE	cds-QHD43416.1	TCA	S	TTA	L
MN908947.3	25563	G	T	1	1	39	4147	4000	38	0.999277	4150	0	TRUE	cds-QHD43417.1	CAG	Q	CAT	H
MN908947.3	26681	C	T	0	0	0	1158	331	55	1	1158	0	TRUE	cds-QHD43419.1	TTC	F	TTT	F
MN908947.3	28821	C	A	0	0	0	2011	213	57	1	2011	0	TRUE	cds-QHD43423.2	TCT	S	TAT	Y
MN908947.3	29737	G	T	2	2	37	669	400	44	0.997019	671	0	TRUE	NA	NA	NA	NA	NA
