{
  "MN908947": {
    "average": 9932.379,
    "deletion_coverage_propagation_cutoff": 339.0,
    "deletion_coverage_seed_cutoff": 0.0,
    "dispersion": 5811.17,
    "nbinom_dispersion": 1914.8784554322,
    "nbinom_mean_parameter": 6396.844,
    "nbinom_prob_parameter": 0.000522226357063635,
    "nbinom_size_parameter": 3.342346,
    "nbinom_variance": 12249178.7583608,
    "variance": 57718740.0
  }
}