{
  "MN908947": {
    "average": 10006.63,
    "deletion_coverage_propagation_cutoff": 110.0,
    "deletion_coverage_seed_cutoff": 0.0,
    "dispersion": 8472.286,
    "nbinom_dispersion": 14605.3206524125,
    "nbinom_mean_parameter": 23287.67,
    "nbinom_prob_parameter": 6.84681989391873e-05,
    "nbinom_size_parameter": 1.594574,
    "nbinom_variance": 340123887.597567,
    "variance": 84779006.0
  }
}