REGION	POS	REF	ALT	REF_DP	REF_RV	REF_QUAL	ALT_DP	ALT_RV	ALT_QUAL	ALT_FREQ	TOTAL_DP	PVAL	PASS	GFF_FEATURE	REF_CODON	REF_AA	ALT_CODON	ALT_AA
MN908947.3	21	C	T	3	1	39	90	43	38	0.967742	93	2.4934e-50	TRUE	NA	NA	NA	NA	NA
MN908947.3	241	C	T	1	0	31	932	146	64	0.998928	933	0	TRUE	NA	NA	NA	NA	NA
MN908947.3	586	T	C	10	10	39	20700	19725	38	0.999517	20710	0	TRUE	cds-QHD43415.1	CTT	L	CTC	L
MN908947.3	1947	T	C	105	12	38	15721	111	38	0.993365	15826	0	TRUE	cds-QHD43415.1	GTT	V	GCT	A
MN908947.3	3037	C	T	2	0	78	12141	1260	70	0.999671	12145	0	TRUE	cds-QHD43415.1	TTC	F	TTT	F
MN908947.3	5869	C	T	6	3	39	6493	6435	38	0.998616	6502	0	TRUE	cds-QHD43415.1	TAC	Y	TAT	Y
MN908947.3	7006	C	T	2	2	35	4968	4912	39	0.999598	4970	0	TRUE	cds-QHD43415.1	ACC	T	ACT	T
MN908947.3	8348	A	G	0	0	0	3460	118	38	1	3460	0	TRUE	cds-QHD43415.1	AGT	S	GGT	G
MN908947.3	9925	A	G	2	1	57	5045	342	60	0.999406	5048	0	TRUE	cds-QHD43415.1	GCA	A	GCG	A
MN908947.3	12241	C	T	292	88	43	2855	176	57	0.907213	3147	0	TRUE	cds-QHD43415.1	GAC	D	GAT	D
MN908947.3	14408	C	T	3	1	65	1351	220	65	0.997784	1354	0	TRUE	cds-QHD43415.1	CCT	P	CTT	L
MN908947.3	16332	C	T	1	1	39	4476	549	68	0.999777	4477	0	TRUE	cds-QHD43415.1	GAC	D	GAT	D
MN908947.3	16376	C	T	1	1	36	4380	4209	39	0.999544	4382	0	TRUE	cds-QHD43415.1	CCG	P	CTG	L
MN908947.3	18395	C	T	0	0	0	2463	61	39	1	2463	0	TRUE	cds-QHD43415.1	GCT	A	GTT	V
MN908947.3	18877	C	T	1	1	39	8520	8395	37	0.999883	8521	0	TRUE	cds-QHD43415.1	CTA	L	TTA	L
MN908947.3	22444	C	T	2	0	78	6288	351	69	0.999682	6290	0	TRUE	cds-QHD43416.1	GAC	D	GAT	D
MN908947.3	22918	G	T	0	0	0	654	96	38	1	654	0	TRUE	cds-QHD43416.1	CTG	L	CTT	L
MN908947.3	23403	A	G	2	2	40	12332	11852	39	0.999676	12336	0	TRUE	cds-QHD43416.1	GAT	D	GGT	G
MN908947.3	25563	G	T	2	2	37	6157	5961	38	0.999189	6162	0	TRUE	cds-QHD43417.1	CAG	Q	CAT	H
MN908947.3	26060	C	T	1	0	39	4630	36	39	0.999784	4631	0	TRUE	cds-QHD43417.1	ACT	T	ATT	I
MN908947.3	26735	C	T	2	1	48	3438	770	63	0.999419	3440	0	TRUE	cds-QHD43419.1	TAC	Y	TAT	Y
MN908947.3	28854	C	T	3	0	52	1637	322	58	0.997562	1641	0	TRUE	cds-QHD43423.2	TCA	S	TTA	L
