{
  "MN908947": {
    "average": 13100.65,
    "deletion_coverage_propagation_cutoff": 189.0,
    "deletion_coverage_seed_cutoff": 0.0,
    "dispersion": 5829.226,
    "nbinom_dispersion": 10382.775618693,
    "nbinom_mean_parameter": 19584.14,
    "nbinom_prob_parameter": 9.63133594257411e-05,
    "nbinom_size_parameter": 1.886396,
    "nbinom_variance": 203337731.30507,
    "variance": 76366630.0
  }
}