{
  "MN908947": {
    "average": 6930.037,
    "deletion_coverage_propagation_cutoff": 322.0,
    "deletion_coverage_seed_cutoff": 0.0,
    "dispersion": 3057.872,
    "nbinom_dispersion": 589.608671445109,
    "nbinom_mean_parameter": 2924.212,
    "nbinom_prob_parameter": 0.00169604018466865,
    "nbinom_size_parameter": 4.968007,
    "nbinom_variance": 1724140.75234384,
    "variance": 21191167.0
  }
}