{
  "MN908947": {
    "average": 1990.201,
    "deletion_coverage_propagation_cutoff": 5.0,
    "deletion_coverage_seed_cutoff": 0.0,
    "dispersion": 7635.098,
    "nbinom_dispersion": 1410.9114086399,
    "nbinom_mean_parameter": 2042.502,
    "nbinom_prob_parameter": 0.000708761722299762,
    "nbinom_size_parameter": 1.448674,
    "nbinom_variance": 2881789.37396981,
    "variance": 15195381.0
  }
}