{
  "MN908947": {
    "average": 18805.43,
    "deletion_coverage_propagation_cutoff": 86.0,
    "deletion_coverage_seed_cutoff": 0.0,
    "dispersion": 9775.535,
    "nbinom_dispersion": 88731.3701299938,
    "nbinom_mean_parameter": 63818.6,
    "nbinom_prob_parameter": 1.12699713588889e-05,
    "nbinom_size_parameter": 0.7192419,
    "nbinom_variance": 5662711817.77802,
    "variance": 183833103.0
  }
}