{
  "MN908947": {
    "average": 11709.82,
    "deletion_coverage_propagation_cutoff": 1.0,
    "deletion_coverage_seed_cutoff": 0.0,
    "dispersion": 8455.187,
    "nbinom_dispersion": 43066.9030005053,
    "nbinom_mean_parameter": 18434.7,
    "nbinom_prob_parameter": 2.32196868204864e-05,
    "nbinom_size_parameter": 0.4280579,
    "nbinom_variance": 793925436.743415,
    "variance": 99008699.0
  }
}