{
  "MN908947": {
    "average": 5596.273,
    "deletion_coverage_propagation_cutoff": 1.0,
    "deletion_coverage_seed_cutoff": 0.0,
    "dispersion": 3709.603,
    "nbinom_dispersion": 11281.8223115688,
    "nbinom_mean_parameter": 7750.912,
    "nbinom_prob_parameter": 8.86381625577072e-05,
    "nbinom_size_parameter": 0.6870875,
    "nbinom_variance": 87444411.936606,
    "variance": 20759953.0
  }
}