{
  "MN908947": {
    "average": 13554.65,
    "deletion_coverage_propagation_cutoff": 38.0,
    "deletion_coverage_seed_cutoff": 0.0,
    "dispersion": 8850.664,
    "nbinom_dispersion": 67392.861385099,
    "nbinom_mean_parameter": 73168.22,
    "nbinom_prob_parameter": 1.48383668454996e-05,
    "nbinom_size_parameter": 1.085713,
    "nbinom_variance": 4931015708.25443,
    "variance": 119967635.0
  }
}