REGION	POS	REF	ALT	REF_DP	REF_RV	REF_QUAL	ALT_DP	ALT_RV	ALT_QUAL	ALT_FREQ	TOTAL_DP	PVAL	PASS	GFF_FEATURE	REF_CODON	REF_AA	ALT_CODON	ALT_AA
MN908947.3	241	C	T	0	0	0	10	1	73	1	10	7.62014e-08	TRUE	NA	NA	NA	NA	NA
MN908947.3	322	T	-G	113	10	28	118	0	20	0.855072	138	1.37414e-29	TRUE	NA	NA	NA	NA	NA
MN908947.3	1947	T	C	89	4	37	906	3	38	0.910553	995	0	TRUE	cds-QHD43415.1	GTT	V	GCT	A
MN908947.3	3037	C	T	3	1	51	7746	1121	68	0.999484	7750	0	TRUE	cds-QHD43415.1	TTC	F	TTT	F
MN908947.3	3051	A	G	2	1	49	7755	1576	65	0.999613	7758	0	TRUE	cds-QHD43415.1	GAG	E	GGG	G
MN908947.3	3431	G	T	0	0	0	10469	10442	38	0.999904	10470	0	TRUE	cds-QHD43415.1	GTG	V	TTG	L
MN908947.3	4683	C	T	13	2	38	3038	5	39	0.995739	3051	0	TRUE	cds-QHD43415.1	GCT	A	GTT	V
MN908947.3	5653	T	C	0	0	0	4244	3	38	1	4244	0	TRUE	cds-QHD43415.1	TAT	Y	TAC	Y
MN908947.3	14408	C	T	2	0	72	1046	112	67	0.998092	1048	0	TRUE	cds-QHD43415.1	CCT	P	CTT	L
MN908947.3	17058	G	T	0	0	0	2543	2535	38	1	2543	0	TRUE	cds-QHD43415.1	ATG	M	ATT	I
MN908947.3	17331	G	T	1	1	40	9292	9181	39	0.999247	9299	0	TRUE	cds-QHD43415.1	GAG	E	GAT	D
MN908947.3	18877	C	T	2	2	37	23928	23883	37	0.999916	23930	0	TRUE	cds-QHD43415.1	CTA	L	TTA	L
MN908947.3	21614	C	T	1	0	30	3925	3058	38	0.999745	3926	0	TRUE	cds-QHD43416.1	CTT	L	TTT	F
MN908947.3	22444	C	T	0	0	0	515	30	69	1	515	0	TRUE	cds-QHD43416.1	GAC	D	GAT	D
MN908947.3	22484	G	T	0	0	0	521	50	67	1	521	0	TRUE	cds-QHD43416.1	GTA	V	TTA	L
MN908947.3	23403	A	G	11	11	39	12930	12744	38	0.999073	12942	0	TRUE	cds-QHD43416.1	GAT	D	GGT	G
MN908947.3	23626	T	C	1	1	39	7220	852	67	0.999446	7224	0	TRUE	cds-QHD43416.1	GCT	A	GCC	A
MN908947.3	25563	G	T	0	0	0	20025	19865	38	0.995278	20120	0	TRUE	cds-QHD43417.1	CAG	Q	CAT	H
MN908947.3	26589	G	T	47	30	37	14159	41	38	0.996551	14208	0	TRUE	cds-QHD43419.1	GTA	V	TTA	L
MN908947.3	26735	C	T	4	0	66	14260	2081	66	0.99972	14264	0	TRUE	cds-QHD43419.1	TAC	Y	TAT	Y
MN908947.3	26840	G	A	17	13	39	14179	14147	38	0.998591	14199	0	TRUE	cds-QHD43419.1	ACG	T	ACA	T
MN908947.3	28139	C	T	9	5	34	34226	17342	39	0.999679	34237	0	TRUE	cds-QHD43422.1	TCC	S	TCT	S
MN908947.3	28854	C	T	2	0	52	15501	3527	56	0.999871	15503	0	TRUE	cds-QHD43423.2	TCA	S	TTA	L
