{
  "MN908947": {
    "average": 11153.9,
    "deletion_coverage_propagation_cutoff": 66.0,
    "deletion_coverage_seed_cutoff": 0.0,
    "dispersion": 8659.643,
    "nbinom_dispersion": 6750.26258621081,
    "nbinom_mean_parameter": 11298.9,
    "nbinom_prob_parameter": 0.000148142385163321,
    "nbinom_size_parameter": 1.674094,
    "nbinom_variance": 76270541.9353373,
    "variance": 96588773.0
  }
}