REGION	POS	REF	ALT	REF_DP	REF_RV	REF_QUAL	ALT_DP	ALT_RV	ALT_QUAL	ALT_FREQ	TOTAL_DP	PVAL	PASS	GFF_FEATURE	REF_CODON	REF_AA	ALT_CODON	ALT_AA
MN908947.3	322	T	-G	26	6	30	21	0	20	0.724138	29	5.96698e-06	TRUE	NA	NA	NA	NA	NA
MN908947.3	1947	T	C	18	0	38	157	0	38	0.897143	175	2.98121e-80	TRUE	cds-QHD43415.1	GTT	V	GCT	A
MN908947.3	3037	C	T	2	0	53	2674	320	69	0.999253	2676	0	TRUE	cds-QHD43415.1	TTC	F	TTT	F
MN908947.3	6731	A	G	6	4	38	18207	17923	39	0.999506	18216	0	TRUE	cds-QHD43415.1	ATA	I	GTA	V
MN908947.3	7184	A	-T	12	1	58	6	0	20	0.315789	19	0.00953079	TRUE	NA	NA	NA	NA	NA
MN908947.3	7266	T	C	9	3	61	3	0	62	0.25	12	0.0443548	FALSE	cds-QHD43415.1	TTC	F	TCC	S
MN908947.3	8027	G	T	1	0	40	2940	33	39	0.99966	2941	0	TRUE	cds-QHD43415.1	GTT	V	TTT	F
MN908947.3	14408	C	T	2	0	72	1300	108	69	0.998464	1302	0	TRUE	cds-QHD43415.1	CCT	P	CTT	L
MN908947.3	15438	G	T	2	2	40	2300	2171	39	0.998264	2304	0	TRUE	cds-QHD43415.1	ATG	M	ATT	I
MN908947.3	15613	C	T	3	0	40	10893	11	39	0.999541	10898	0	TRUE	cds-QHD43415.1	CAC	H	TAC	Y
MN908947.3	17977	C	T	6	0	37	389	205	39	0.98481	395	1.38568e-226	TRUE	cds-QHD43415.1	CTT	L	TTT	F
MN908947.3	18877	C	T	2	2	37	24078	23890	37	0.999917	24080	0	TRUE	cds-QHD43415.1	CTA	L	TTA	L
MN908947.3	18981	C	T	22	22	31	6186	70	38	0.996456	6208	0	TRUE	cds-QHD43415.1	CAC	H	CAT	H
MN908947.3	21785	G	C	1	0	40	2869	76	39	0.999652	2870	0	TRUE	cds-QHD43416.1	GGT	G	CGT	R
MN908947.3	21928	C	T	1	1	40	2879	2854	39	0.999653	2880	0	TRUE	cds-QHD43416.1	AAC	N	AAT	N
MN908947.3	22444	C	T	0	0	0	461	33	68	1	461	0	TRUE	cds-QHD43416.1	GAC	D	GAT	D
MN908947.3	23403	A	G	0	0	0	8301	8259	38	1	8301	0	TRUE	cds-QHD43416.1	GAT	D	GGT	G
MN908947.3	25207	C	T	0	0	0	635	68	70	0.998428	636	0	TRUE	cds-QHD43416.1	TAC	Y	TAT	Y
MN908947.3	25563	G	T	0	0	0	34717	34305	38	0.999827	34723	0	TRUE	cds-QHD43417.1	CAG	Q	CAT	H
MN908947.3	26735	C	T	0	0	0	14440	1618	69	1	14440	0	TRUE	cds-QHD43419.1	TAC	Y	TAT	Y
MN908947.3	28093	C	T	86	24	37	15651	15522	39	0.994472	15738	0	TRUE	cds-QHD43422.1	TCT	S	TTT	F
MN908947.3	28854	C	T	5	1	51	26614	11731	42	0.999775	26620	0	TRUE	cds-QHD43423.2	TCA	S	TTA	L
MN908947.3	29034	C	T	2236	1836	38	1771	1767	39	0.441977	4007	0	TRUE	cds-QHD43423.2	GCT	A	GTT	V
MN908947.3	29555	C	T	1449	712	38	4192	3711	38	0.742999	5642	0	TRUE	NA	NA	NA	NA	NA
