{
  "MN908947": {
    "average": 9380.2,
    "deletion_coverage_propagation_cutoff": 6.0,
    "deletion_coverage_seed_cutoff": 0.0,
    "dispersion": 7890.907,
    "nbinom_dispersion": 66103.3075626161,
    "nbinom_mean_parameter": 58300.51,
    "nbinom_prob_parameter": 1.51278360625564e-05,
    "nbinom_size_parameter": 0.8819739,
    "nbinom_variance": 3853856543.58738,
    "variance": 74018282.0
  }
}