{
  "MN908947": {
    "average": 13233.84,
    "deletion_coverage_propagation_cutoff": 5.0,
    "deletion_coverage_seed_cutoff": 0.0,
    "dispersion": 10391.84,
    "nbinom_dispersion": 73770.3424166184,
    "nbinom_mean_parameter": 10353.21,
    "nbinom_prob_parameter": 1.3555583005871e-05,
    "nbinom_size_parameter": 0.1403457,
    "nbinom_variance": 763759846.811158,
    "variance": 137523936.0
  }
}