REGION	POS	REF	ALT	REF_DP	REF_RV	REF_QUAL	ALT_DP	ALT_RV	ALT_QUAL	ALT_FREQ	TOTAL_DP	PVAL	PASS	GFF_FEATURE	REF_CODON	REF_AA	ALT_CODON	ALT_AA
MN908947.3	241	C	T	0	0	0	279	45	64	1	279	1.43967e-217	TRUE	NA	NA	NA	NA	NA
MN908947.3	322	T	-G	386	267	35	130	0	20	0.305164	426	2.50436e-32	TRUE	NA	NA	NA	NA	NA
MN908947.3	3037	C	T	1	1	38	9826	1212	69	0.999898	9827	0	TRUE	cds-QHD43415.1	TTC	F	TTT	F
MN908947.3	7420	C	T	3	1	33	8653	46	39	0.999538	8657	0	TRUE	cds-QHD43415.1	ATC	I	ATT	I
MN908947.3	7869	C	T	0	0	0	2262	360	69	0.999558	2263	0	TRUE	cds-QHD43415.1	TCA	S	TTA	L
MN908947.3	10279	C	T	1	1	36	8572	1045	68	0.999883	8573	0	TRUE	cds-QHD43415.1	CTC	L	CTT	L
MN908947.3	11249	C	T	5	4	46	7668	3399	58	0.999218	7674	0	TRUE	cds-QHD43415.1	CGT	R	TGT	C
MN908947.3	14408	C	T	1	0	29	2674	218	70	0.999626	2675	0	TRUE	cds-QHD43415.1	CCT	P	CTT	L
MN908947.3	15773	G	A	7	7	39	8648	8619	39	0.999076	8656	0	TRUE	cds-QHD43415.1	AGC	S	AAC	N
MN908947.3	17547	C	T	3	0	39	14111	750	67	0.999717	14115	0	TRUE	cds-QHD43415.1	TTC	F	TTT	F
MN908947.3	21658	C	T	3	3	38	5561	4730	38	0.998922	5567	0	TRUE	cds-QHD43416.1	TTC	F	TTT	F
MN908947.3	22005	A	C	40	21	38	17681	9283	39	0.99763	17723	0	TRUE	cds-QHD43416.1	AAC	N	ACC	T
MN908947.3	22020	T	C	71	9	37	8218	29	38	0.991315	8290	0	TRUE	cds-QHD43416.1	ATG	M	ACG	T
MN908947.3	22480	C	T	3	1	61	3065	368	68	0.999022	3068	0	TRUE	cds-QHD43416.1	TTC	F	TTT	F
MN908947.3	23403	A	G	4	4	37	13725	13368	39	0.999563	13731	0	TRUE	cds-QHD43416.1	GAT	D	GGT	G
MN908947.3	26783	T	A	11	7	38	2988	2838	39	0.996	3000	0	TRUE	cds-QHD43419.1	CTT	L	CTA	L
MN908947.3	26801	C	T	2	2	39	2998	2849	39	0.999333	3000	0	TRUE	cds-QHD43419.1	CTC	L	CTT	L
MN908947.3	27522	T	C	64	14	39	2423	164	39	0.974266	2487	0	TRUE	cds-QHD43421.1	AAT	N	AAC	N
MN908947.3	27708	G	T	0	0	0	2722	2335	39	1	2722	0	TRUE	cds-QHD43421.1	GCG	A	GCT	A
MN908947.3	28881	G	A	4	2	47	3577	692	61	0.998883	3581	0	TRUE	cds-QHD43423.2	AGG	R	AAG	K
MN908947.3	28882	G	A	3	1	49	3591	693	60	0.998887	3595	0	TRUE	cds-QHD43423.2	AGG	R	AGA	R
MN908947.3	28883	G	C	4	2	47	3615	730	62	0.998895	3619	0	TRUE	cds-QHD43423.2	GGA	G	CGA	R
MN908947.3	29592	C	T	15	13	38	3160	2850	37	0.995276	3175	0	TRUE	cds-QHI42199.1	ACG	T	ATG	M
MN908947.3	29732	C	G	1422	780	40	674	224	38	0.321258	2098	1.32912e-240	TRUE	NA	NA	NA	NA	NA
