REGION	POS	REF	ALT	REF_DP	REF_RV	REF_QUAL	ALT_DP	ALT_RV	ALT_QUAL	ALT_FREQ	TOTAL_DP	PVAL	PASS	GFF_FEATURE	REF_CODON	REF_AA	ALT_CODON	ALT_AA
MN908947.3	241	C	T	1	0	75	619	119	64	0.998387	620	0	TRUE	NA	NA	NA	NA	NA
MN908947.3	1947	T	C	87	8	38	12164	78	38	0.992817	12252	0	TRUE	cds-QHD43415.1	GTT	V	GCT	A
MN908947.3	3037	C	T	2	1	58	8071	1030	69	0.999752	8073	0	TRUE	cds-QHD43415.1	TTC	F	TTT	F
MN908947.3	3431	G	T	0	0	0	5171	5144	38	0.99942	5174	0	TRUE	cds-QHD43415.1	GTG	V	TTG	L
MN908947.3	5653	T	C	2	0	39	5315	51	38	0.999624	5317	0	TRUE	cds-QHD43415.1	TAT	Y	TAC	Y
MN908947.3	7038	G	A	13	6	35	4714	4629	38	0.99725	4727	0	TRUE	cds-QHD43415.1	GGC	G	GAC	D
MN908947.3	10770	A	G	1	0	38	1632	69	38	0.999388	1633	0	TRUE	cds-QHD43415.1	TAT	Y	TGT	C
MN908947.3	14408	C	T	0	0	0	1065	185	64	1	1065	0	TRUE	cds-QHD43415.1	CCT	P	CTT	L
MN908947.3	17058	G	T	2	1	39	4804	4743	38	0.999584	4806	0	TRUE	cds-QHD43415.1	ATG	M	ATT	I
MN908947.3	17331	G	T	2	2	37	5071	4839	39	0.999606	5073	0	TRUE	cds-QHD43415.1	GAG	E	GAT	D
MN908947.3	18877	C	T	1	1	27	7200	7122	37	0.999861	7201	0	TRUE	cds-QHD43415.1	CTA	L	TTA	L
MN908947.3	21614	C	T	0	0	0	4801	3804	39	1	4801	0	TRUE	cds-QHD43416.1	CTT	L	TTT	F
MN908947.3	22444	C	T	12	5	45	3354	319	66	0.996435	3366	0	TRUE	cds-QHD43416.1	GAC	D	GAT	D
MN908947.3	22484	G	T	13	7	38	3377	430	66	0.995871	3391	0	TRUE	cds-QHD43416.1	GTA	V	TTA	L
MN908947.3	23403	A	G	1	1	39	11897	11544	39	0.999748	11900	0	TRUE	cds-QHD43416.1	GAT	D	GGT	G
MN908947.3	25563	G	T	1	1	27	4219	4081	38	0.999763	4220	0	TRUE	cds-QHD43417.1	CAG	Q	CAT	H
MN908947.3	26589	G	T	45	21	36	357	50	38	0.88806	402	4.86465e-182	TRUE	cds-QHD43419.1	GTA	V	TTA	L
MN908947.3	26735	C	T	2	2	40	460	213	47	0.995671	462	3.59364e-307	TRUE	cds-QHD43419.1	TAC	Y	TAT	Y
MN908947.3	26840	G	A	404	335	38	279	222	38	0.408492	683	3.79612e-102	TRUE	cds-QHD43419.1	ACG	T	ACA	T
MN908947.3	28139	C	T	2	2	39	3680	1780	39	0.999185	3683	0	TRUE	cds-QHD43422.1	TCC	S	TCT	S
MN908947.3	28854	C	T	0	0	0	678	141	56	1	678	0	TRUE	cds-QHD43423.2	TCA	S	TTA	L
MN908947.3	29732	C	G	823	456	41	298	111	38	0.265834	1121	1.01515e-106	TRUE	NA	NA	NA	NA	NA
