REGION	POS	REF	ALT	REF_DP	REF_RV	REF_QUAL	ALT_DP	ALT_RV	ALT_QUAL	ALT_FREQ	TOTAL_DP	PVAL	PASS	GFF_FEATURE	REF_CODON	REF_AA	ALT_CODON	ALT_AA
MN908947.3	7482	C	T	4	2	39	7	4	38	0.636364	11	0.00283798	TRUE	cds-QHD43415.1	TCA	S	TTA	L
MN908947.3	17331	G	T	0	0	0	11	11	37	1	11	2.83514e-06	TRUE	cds-QHD43415.1	GAG	E	GAT	D
MN908947.3	26735	C	T	0	0	0	11	6	37	1	11	1.41757e-06	TRUE	cds-QHD43419.1	TAC	Y	TAT	Y
MN908947.3	28302	G	+A	16	8	37	4	0	20	0.25	16	0.0925325	FALSE	NA	NA	NA	NA	NA
MN908947.3	28854	C	T	0	0	0	14	7	37	1	14	4.98547e-08	TRUE	cds-QHD43423.2	TCA	S	TTA	L
