REGION	POS	REF	ALT	REF_DP	REF_RV	REF_QUAL	ALT_DP	ALT_RV	ALT_QUAL	ALT_FREQ	TOTAL_DP	PVAL	PASS	GFF_FEATURE	REF_CODON	REF_AA	ALT_CODON	ALT_AA
MN908947.3	225	C	T	0	0	0	13	0	71	1	13	2.80704e-10	TRUE	NA	NA	NA	NA	NA
MN908947.3	241	C	T	0	0	0	13	2	68	1	13	6.77352e-10	TRUE	NA	NA	NA	NA	NA
MN908947.3	322	T	-G	72	14	30	62	0	20	0.666667	93	3.75897e-18	TRUE	NA	NA	NA	NA	NA
MN908947.3	1059	C	T	4	0	36	20662	20	39	0.999758	20667	0	TRUE	cds-QHD43415.1	ACC	T	ATC	I
MN908947.3	3037	C	T	2	0	34	13323	1627	69	0.999625	13328	0	TRUE	cds-QHD43415.1	TTC	F	TTT	F
MN908947.3	4249	T	C	8512	622	71	10626	718	71	0.555172	19140	0	TRUE	cds-QHD43415.1	ACT	T	ACC	T
MN908947.3	6025	T	C	2	0	63	11153	346	64	0.999731	11156	0	TRUE	cds-QHD43415.1	TAT	Y	TAC	Y
MN908947.3	10319	C	T	2	1	55	18212	3800	66	0.99989	18214	0	TRUE	cds-QHD43415.1	CTT	L	TTT	F
MN908947.3	14408	C	T	1	0	29	2565	207	69	0.99961	2566	0	TRUE	cds-QHD43415.1	CCT	P	CTT	L
MN908947.3	16575	C	T	4	0	37	11283	82	38	0.999646	11287	0	TRUE	cds-QHD43415.1	GAC	D	GAT	D
MN908947.3	18424	A	G	8	3	41	14584	770	61	0.999315	14594	0	TRUE	cds-QHD43415.1	AAT	N	GAT	D
MN908947.3	18508	C	T	4	4	39	13957	13763	38	0.999713	13961	0	TRUE	cds-QHD43415.1	CTT	L	TTT	F
MN908947.3	19999	G	T	0	0	0	868	11	40	0.998849	869	0	TRUE	cds-QHD43415.1	GTT	V	TTT	F
MN908947.3	21304	C	T	4	2	57	11064	2454	66	0.999639	11068	0	TRUE	cds-QHD43415.1	CGC	R	TGC	C
MN908947.3	21648	C	T	0	0	0	8887	6572	38	1	8887	0	TRUE	cds-QHD43416.1	ACT	T	ATT	I
MN908947.3	21974	G	T	48	45	39	9158	9131	38	0.994786	9206	0	TRUE	cds-QHD43416.1	GAT	D	TAT	Y
MN908947.3	23403	A	G	3	3	37	14200	13770	38	0.999648	14205	0	TRUE	cds-QHD43416.1	GAT	D	GGT	G
MN908947.3	23608	G	T	1	0	53	11596	846	64	0.999655	11600	0	TRUE	cds-QHD43416.1	CGG	R	CGT	R
MN908947.3	23758	C	T	4	4	36	11707	11699	38	0.999658	11711	0	TRUE	cds-QHD43416.1	ACC	T	ACT	T
MN908947.3	25563	G	T	1	1	39	22040	21905	38	0.999728	22046	0	TRUE	cds-QHD43417.1	CAG	Q	CAT	H
MN908947.3	25907	G	T	6	4	36	678	585	38	0.991228	684	0	TRUE	cds-QHD43417.1	GGT	G	GTT	V
MN908947.3	26385	T	A	5	0	41	20901	1694	68	0.999522	20911	0	TRUE	cds-QHD43418.1	GTT	V	GTA	V
MN908947.3	27964	C	T	4	0	76	16266	903	69	0.999754	16270	0	TRUE	cds-QHD43422.1	TCA	S	TTA	L
MN908947.3	28472	C	T	1	0	39	6907	442	38	0.999421	6911	0	TRUE	cds-QHD43423.2	CCT	P	TCT	S
MN908947.3	28869	C	T	9	4	36	23309	6753	53	0.999443	23322	0	TRUE	cds-QHD43423.2	CCA	P	CTA	L
