REGION	POS	REF	ALT	REF_DP	REF_RV	REF_QUAL	ALT_DP	ALT_RV	ALT_QUAL	ALT_FREQ	TOTAL_DP	PVAL	PASS	GFF_FEATURE	REF_CODON	REF_AA	ALT_CODON	ALT_AA
MN908947.3	241	C	T	0	0	0	268	31	65	0.996283	269	8.51126e-210	TRUE	NA	NA	NA	NA	NA
MN908947.3	1947	T	C	34	5	37	5778	30	38	0.99415	5812	0	TRUE	cds-QHD43415.1	GTT	V	GCT	A
MN908947.3	2455	C	T	0	0	0	2754	2713	38	1	2754	0	TRUE	cds-QHD43415.1	CTC	L	CTT	L
MN908947.3	3037	C	T	1	0	70	7062	918	68	0.999717	7064	0	TRUE	cds-QHD43415.1	TTC	F	TTT	F
MN908947.3	6731	A	G	26	11	43	4197	4073	40	0.993843	4223	0	TRUE	cds-QHD43415.1	ATA	I	GTA	V
MN908947.3	6894	G	T	0	0	0	2887	204	69	0.999654	2888	0	TRUE	cds-QHD43415.1	TGT	C	TTT	F
MN908947.3	8027	G	T	2	0	35	6891	16	39	0.999565	6894	0	TRUE	cds-QHD43415.1	GTT	V	TTT	F
MN908947.3	14408	C	T	0	0	0	1711	198	69	1	1711	0	TRUE	cds-QHD43415.1	CCT	P	CTT	L
MN908947.3	15438	G	T	0	0	0	5862	5748	39	0.999829	5863	0	TRUE	cds-QHD43415.1	ATG	M	ATT	I
MN908947.3	17977	C	T	127	24	39	2154	2075	38	0.943909	2282	0	TRUE	cds-QHD43415.1	CTT	L	TTT	F
MN908947.3	18877	C	T	7	7	37	6534	6503	37	0.99893	6541	0	TRUE	cds-QHD43415.1	CTA	L	TTA	L
MN908947.3	18981	C	T	6	5	31	4721	18	38	0.998308	4729	0	TRUE	cds-QHD43415.1	CAC	H	CAT	H
MN908947.3	21785	G	C	0	0	0	6435	34	39	0.998913	6442	0	TRUE	cds-QHD43416.1	GGT	G	CGT	R
MN908947.3	21928	C	T	3	3	39	6596	6558	39	0.999545	6599	0	TRUE	cds-QHD43416.1	AAC	N	AAT	N
MN908947.3	22444	C	T	2	1	36	2606	168	68	0.999233	2608	0	TRUE	cds-QHD43416.1	GAC	D	GAT	D
MN908947.3	23403	A	G	2	2	40	8134	7932	38	0.999754	8136	0	TRUE	cds-QHD43416.1	GAT	D	GGT	G
MN908947.3	25207	C	T	1	0	76	2434	304	69	0.999589	2435	0	TRUE	cds-QHD43416.1	TAC	Y	TAT	Y
MN908947.3	25563	G	T	0	0	0	3895	3851	38	0.999487	3897	0	TRUE	cds-QHD43417.1	CAG	Q	CAT	H
MN908947.3	26735	C	T	0	0	0	1906	529	59	1	1906	0	TRUE	cds-QHD43419.1	TAC	Y	TAT	Y
MN908947.3	28087	C	T	10	6	39	2173	2114	38	0.994963	2184	0	TRUE	cds-QHD43422.1	GCT	A	GTT	V
MN908947.3	28093	C	T	7	3	42	2170	2117	39	0.996785	2177	0	TRUE	cds-QHD43422.1	TCT	S	TTT	F
MN908947.3	28854	C	T	3	1	49	1000	177	59	0.997009	1003	0	TRUE	cds-QHD43423.2	TCA	S	TTA	L
MN908947.3	29555	C	T	207	101	38	2155	1055	38	0.912362	2362	0	TRUE	NA	NA	NA	NA	NA
