{
  "MN908947": {
    "average": 12735.48,
    "deletion_coverage_propagation_cutoff": 1123.0,
    "deletion_coverage_seed_cutoff": 0.0,
    "dispersion": 6071.079,
    "nbinom_dispersion": 3219.77004988788,
    "nbinom_mean_parameter": 13480.18,
    "nbinom_prob_parameter": 0.000310581185769717,
    "nbinom_size_parameter": 4.187991,
    "nbinom_variance": 43403079.8310976,
    "variance": 77318072.0
  }
}