{
  "MN908947": {
    "average": 10788.99,
    "deletion_coverage_propagation_cutoff": 248.0,
    "deletion_coverage_seed_cutoff": 0.0,
    "dispersion": 5136.695,
    "nbinom_dispersion": 6907.3394832934,
    "nbinom_mean_parameter": 15074.26,
    "nbinom_prob_parameter": 0.000144773541595671,
    "nbinom_size_parameter": 2.18267,
    "nbinom_variance": 104123031.27943,
    "variance": 55419733.0
  }
}