{
  "MN908947": {
    "average": 9829.572,
    "deletion_coverage_propagation_cutoff": 255.0,
    "deletion_coverage_seed_cutoff": 0.0,
    "dispersion": 6724.357,
    "nbinom_dispersion": 786.300602316187,
    "nbinom_mean_parameter": 3214.522,
    "nbinom_prob_parameter": 0.00127177824492862,
    "nbinom_size_parameter": 4.093365,
    "nbinom_variance": 2527580.58475863,
    "variance": 66097554.0
  }
}