REGION	POS	REF	ALT	REF_DP	REF_RV	REF_QUAL	ALT_DP	ALT_RV	ALT_QUAL	ALT_FREQ	TOTAL_DP	PVAL	PASS	GFF_FEATURE	REF_CODON	REF_AA	ALT_CODON	ALT_AA
MN908947.3	241	C	T	0	0	0	22	3	64	1	22	1.11553e-16	TRUE	NA	NA	NA	NA	NA
MN908947.3	322	T	-G	64	23	31	45	0	20	0.6	75	6.49984e-13	TRUE	NA	NA	NA	NA	NA
MN908947.3	1154	A	G	2	0	76	5179	551	70	0.999614	5181	0	TRUE	cds-QHD43415.1	ATG	M	GTG	V
MN908947.3	3037	C	T	3	2	52	11094	1281	70	0.99964	11098	0	TRUE	cds-QHD43415.1	TTC	F	TTT	F
MN908947.3	8152	C	T	2	1	52	13420	1002	69	0.999777	13423	0	TRUE	cds-QHD43415.1	GTC	V	GTT	V
MN908947.3	10702	C	T	0	0	0	6702	6620	38	0.999851	6703	0	TRUE	cds-QHD43415.1	GAC	D	GAT	D
MN908947.3	12121	A	G	22	8	39	9924	9890	39	0.997487	9949	0	TRUE	cds-QHD43415.1	CCA	P	CCG	P
MN908947.3	14408	C	T	0	0	0	528	40	71	1	528	0	TRUE	cds-QHD43415.1	CCT	P	CTT	L
MN908947.3	18877	C	T	2	2	38	9934	9871	37	0.999799	9936	0	TRUE	cds-QHD43415.1	CTA	L	TTA	L
MN908947.3	21637	C	T	1	1	34	1230	1136	38	0.999188	1231	0	TRUE	cds-QHD43416.1	CCC	P	CCT	P
MN908947.3	23403	A	G	0	0	0	4982	4816	39	0.998397	4990	0	TRUE	cds-QHD43416.1	GAT	D	GGT	G
MN908947.3	23587	G	T	0	0	0	3920	13	38	0.999745	3921	0	TRUE	cds-QHD43416.1	CAG	Q	CAT	H
MN908947.3	25563	G	T	1	1	28	10252	10152	38	0.999902	10253	0	TRUE	cds-QHD43417.1	CAG	Q	CAT	H
MN908947.3	25677	G	T	1	0	39	1080	1	39	0.999075	1081	0	TRUE	cds-QHD43417.1	TTG	L	TTT	F
MN908947.3	28272	A	G	10	1	60	22687	5055	58	0.999251	22704	0	TRUE	NA	NA	NA	NA	NA
MN908947.3	28975	G	T	0	0	0	9200	8084	38	0.998481	9214	0	TRUE	cds-QHD43423.2	ATG	M	ATT	I
MN908947.3	29474	G	T	1	1	30	12484	2188	61	0.99976	12487	0	TRUE	cds-QHD43423.2	GAT	D	TAT	Y
