{
  "MN908947": {
    "average": 2.885751,
    "deletion_coverage_propagation_cutoff": -1.0,
    "deletion_coverage_seed_cutoff": 0.0,
    "dispersion": 40.79958,
    "nbinom_dispersion": 1.000160668,
    "nbinom_mean_parameter": 1.60668,
    "nbinom_prob_parameter": 0.999839357810059,
    "nbinom_size_parameter": 10000.0,
    "nbinom_variance": 1.60693814206224,
    "variance": 117.7374
  }
}