{
  "MN908947": {
    "average": 7022.319,
    "deletion_coverage_propagation_cutoff": 11.0,
    "deletion_coverage_seed_cutoff": 0.0,
    "dispersion": 5695.305,
    "nbinom_dispersion": 3575.49291042119,
    "nbinom_mean_parameter": 4969.042,
    "nbinom_prob_parameter": 0.000279681718032606,
    "nbinom_size_parameter": 1.390139,
    "nbinom_variance": 17766774.4425851,
    "variance": 39994246.0
  }
}