{
  "MN908947": {
    "average": 13044.24,
    "deletion_coverage_propagation_cutoff": 15.0,
    "deletion_coverage_seed_cutoff": 0.0,
    "dispersion": 7725.4,
    "nbinom_dispersion": 48753.6361303142,
    "nbinom_mean_parameter": 49217.2,
    "nbinom_prob_parameter": 2.05112906312687e-05,
    "nbinom_size_parameter": 1.009529,
    "nbinom_variance": 2399517460.1529,
    "variance": 100771956.0
  }
}