{
  "MN908947": {
    "average": 10172.28,
    "deletion_coverage_propagation_cutoff": 97.0,
    "deletion_coverage_seed_cutoff": 0.0,
    "dispersion": 7785.034,
    "nbinom_dispersion": 1440.34790351837,
    "nbinom_mean_parameter": 3665.203,
    "nbinom_prob_parameter": 0.000694276707424141,
    "nbinom_size_parameter": 2.546433,
    "nbinom_variance": 5279167.45701925,
    "variance": 79191557.0
  }
}