{
  "MN908947": {
    "average": 8.957347,
    "deletion_coverage_propagation_cutoff": 1.0,
    "deletion_coverage_seed_cutoff": 0.0,
    "dispersion": 121.1601,
    "nbinom_dispersion": 1.00000377737381,
    "nbinom_mean_parameter": 1.075339,
    "nbinom_prob_parameter": 0.999996222640455,
    "nbinom_size_parameter": 284679.0,
    "nbinom_variance": 1.07534306195738,
    "variance": 1085.273
  }
}