{
  "MN908947": {
    "average": 10314.36,
    "deletion_coverage_propagation_cutoff": 4.0,
    "deletion_coverage_seed_cutoff": 0.0,
    "dispersion": 11677.95,
    "nbinom_dispersion": 2023.97968716185,
    "nbinom_mean_parameter": 2692.149,
    "nbinom_prob_parameter": 0.000494076104786536,
    "nbinom_size_parameter": 1.330784,
    "nbinom_variance": 5448854.8908131,
    "variance": 120450498.0
  }
}