REGION	POS	REF	ALT	REF_DP	REF_RV	REF_QUAL	ALT_DP	ALT_RV	ALT_QUAL	ALT_FREQ	TOTAL_DP	PVAL	PASS	GFF_FEATURE	REF_CODON	REF_AA	ALT_CODON	ALT_AA
MN908947.3	241	C	T	0	0	0	102	18	64	1	102	1.39985e-78	TRUE	NA	NA	NA	NA	NA
MN908947.3	313	C	T	0	0	0	95	94	38	1	95	2.79909e-57	TRUE	cds-QHD43415.1	CTC	L	CTT	L
MN908947.3	322	T	-G	167	95	33	90	0	20	0.447761	201	9.06513e-24	TRUE	NA	NA	NA	NA	NA
MN908947.3	1347	C	T	4	0	37	4666	52	38	0.998716	4672	0	TRUE	cds-QHD43415.1	CCC	P	CTC	L
MN908947.3	1943	C	T	34	1	39	2980	43	38	0.988719	3014	0	TRUE	cds-QHD43415.1	CGT	R	TGT	C
MN908947.3	1959	C	T	39	5	38	2941	41	38	0.986582	2981	0	TRUE	cds-QHD43415.1	GCC	A	GTC	V
MN908947.3	3037	C	T	3	1	64	7613	1053	68	0.999606	7616	0	TRUE	cds-QHD43415.1	TTC	F	TTT	F
MN908947.3	3784	C	T	3915	3899	38	2796	2747	39	0.416505	6713	0	TRUE	cds-QHD43415.1	GTC	V	GTT	V
MN908947.3	5700	C	A	0	0	0	3678	19	38	1	3678	0	TRUE	cds-QHD43415.1	GCT	A	GAT	D
MN908947.3	6031	C	T	5	0	68	4900	374	65	0.998981	4905	0	TRUE	cds-QHD43415.1	AAC	N	AAT	N
MN908947.3	7153	T	C	0	0	0	3141	58	38	0.999682	3142	0	TRUE	cds-QHD43415.1	GAT	D	GAC	D
MN908947.3	8818	C	T	4	1	41	2408	314	65	0.998342	2412	0	TRUE	cds-QHD43415.1	TGC	C	TGT	C
MN908947.3	13975	G	T	55	16	38	13055	65	39	0.995501	13114	0	TRUE	cds-QHD43415.1	GGT	G	TGT	C
MN908947.3	14408	C	T	1	0	75	817	98	67	0.998778	818	0	TRUE	cds-QHD43415.1	CCT	P	CTT	L
MN908947.3	17944	G	T	1	0	30	1629	1514	38	0.999387	1630	0	TRUE	cds-QHD43415.1	GTA	V	TTA	L
MN908947.3	23403	A	G	3	3	33	12149	11846	38	0.998931	12162	0	TRUE	cds-QHD43416.1	GAT	D	GGT	G
MN908947.3	25690	G	T	0	0	0	2220	9	39	0.99955	2221	0	TRUE	cds-QHD43417.1	GGC	G	TGC	C
MN908947.3	28881	G	A	3	1	33	9735	2844	55	0.999692	9738	0	TRUE	cds-QHD43423.2	AGG	R	AAG	K
MN908947.3	28882	G	A	5	2	47	9735	2824	55	0.999281	9742	0	TRUE	cds-QHD43423.2	AGG	R	AGA	R
MN908947.3	28883	G	C	1	0	75	9818	2901	56	0.999695	9821	0	TRUE	cds-QHD43423.2	GGA	G	CGA	R
MN908947.3	29732	C	G	630	372	44	215	88	38	0.254137	846	5.97613e-80	TRUE	NA	NA	NA	NA	NA
