{
  "MN908947": {
    "average": 9896.639,
    "deletion_coverage_propagation_cutoff": 792.0,
    "deletion_coverage_seed_cutoff": 0.0,
    "dispersion": 5449.996,
    "nbinom_dispersion": 1247.05573060312,
    "nbinom_mean_parameter": 6559.195,
    "nbinom_prob_parameter": 0.000801888781278734,
    "nbinom_size_parameter": 5.263966,
    "nbinom_variance": 8179681.71289335,
    "variance": 53936641.0
  }
}