{
  "MN908947": {
    "average": 11975.25,
    "deletion_coverage_propagation_cutoff": 11.0,
    "deletion_coverage_seed_cutoff": 0.0,
    "dispersion": 6108.645,
    "nbinom_dispersion": 31545.479365947,
    "nbinom_mean_parameter": 32317.95,
    "nbinom_prob_parameter": 3.17002632421395e-05,
    "nbinom_size_parameter": 1.02452,
    "nbinom_variance": 1019485224.87471,
    "variance": 73152557.0
  }
}