{
  "MN908947": {
    "average": 11393.66,
    "deletion_coverage_propagation_cutoff": 466.0,
    "deletion_coverage_seed_cutoff": 0.0,
    "dispersion": 5206.053,
    "nbinom_dispersion": 4460.74517740154,
    "nbinom_mean_parameter": 12752.9,
    "nbinom_prob_parameter": 0.000224177790981218,
    "nbinom_size_parameter": 2.859558,
    "nbinom_variance": 56887437.1728841,
    "variance": 59315996.0
  }
}