{
  "MN908947": {
    "average": 11229.66,
    "deletion_coverage_propagation_cutoff": 114.0,
    "deletion_coverage_seed_cutoff": 0.0,
    "dispersion": 6803.096,
    "nbinom_dispersion": 7560.80213749596,
    "nbinom_mean_parameter": 13742.42,
    "nbinom_prob_parameter": 0.00013226109899646,
    "nbinom_size_parameter": 1.817828,
    "nbinom_variance": 103903718.510367,
    "variance": 76396482.0
  }
}