{
  "MN908947": {
    "average": 6822.346,
    "deletion_coverage_propagation_cutoff": 311.0,
    "deletion_coverage_seed_cutoff": 0.0,
    "dispersion": 3011.21,
    "nbinom_dispersion": 633.789433539832,
    "nbinom_mean_parameter": 3014.021,
    "nbinom_prob_parameter": 0.00157781109479029,
    "nbinom_size_parameter": 4.763071,
    "nbinom_variance": 1910254.66226716,
    "variance": 20543518.0
  }
}