{
  "MN908947": {
    "average": 9184.316,
    "deletion_coverage_propagation_cutoff": 84.0,
    "deletion_coverage_seed_cutoff": 0.0,
    "dispersion": 5908.52,
    "nbinom_dispersion": 4179.29448926884,
    "nbinom_mean_parameter": 8061.522,
    "nbinom_prob_parameter": 0.000239274835158828,
    "nbinom_size_parameter": 1.929381,
    "nbinom_variance": 33691474.4697195,
    "variance": 54265714.0
  }
}