REGION	POS	REF	ALT	REF_DP	REF_RV	REF_QUAL	ALT_DP	ALT_RV	ALT_QUAL	ALT_FREQ	TOTAL_DP	PVAL	PASS	GFF_FEATURE	REF_CODON	REF_AA	ALT_CODON	ALT_AA
MN908947.3	241	C	T	0	0	0	10	2	61	1	10	1.88262e-07	TRUE	NA	NA	NA	NA	NA
MN908947.3	322	T	-G	65	10	29	61	0	20	0.73494	83	2.06041e-17	TRUE	NA	NA	NA	NA	NA
MN908947.3	1947	T	C	48	1	37	543	3	38	0.918782	591	1.16805e-282	TRUE	cds-QHD43415.1	GTT	V	GCT	A
MN908947.3	3037	C	T	7	0	59	7033	846	69	0.999006	7040	0	TRUE	cds-QHD43415.1	TTC	F	TTT	F
MN908947.3	3431	G	T	1	1	27	12033	11991	38	0.999751	12036	0	TRUE	cds-QHD43415.1	GTG	V	TTG	L
MN908947.3	5653	T	C	0	0	0	992	4	38	1	992	0	TRUE	cds-QHD43415.1	TAT	Y	TAC	Y
MN908947.3	7038	G	A	3	2	35	3534	3513	38	0.999152	3537	0	TRUE	cds-QHD43415.1	GGC	G	GAC	D
MN908947.3	10770	A	G	1	0	39	19	1	39	0.95	20	2.90178e-10	TRUE	cds-QHD43415.1	TAT	Y	TGT	C
MN908947.3	14408	C	T	0	0	0	1142	77	69	1	1142	0	TRUE	cds-QHD43415.1	CCT	P	CTT	L
MN908947.3	17058	G	T	0	0	0	3320	3293	38	0.999699	3321	0	TRUE	cds-QHD43415.1	ATG	M	ATT	I
MN908947.3	17331	G	T	2	2	39	15900	15794	39	0.999811	15903	0	TRUE	cds-QHD43415.1	GAG	E	GAT	D
MN908947.3	18877	C	T	8	8	36	21265	21185	37	0.999624	21273	0	TRUE	cds-QHD43415.1	CTA	L	TTA	L
MN908947.3	21614	C	T	4	3	38	7042	4565	39	0.999432	7046	0	TRUE	cds-QHD43416.1	CTT	L	TTT	F
MN908947.3	22444	C	T	0	0	0	973	53	70	1	973	0	TRUE	cds-QHD43416.1	GAC	D	GAT	D
MN908947.3	22484	G	T	0	0	0	964	72	70	1	964	0	TRUE	cds-QHD43416.1	GTA	V	TTA	L
MN908947.3	23403	A	G	3	3	36	14433	14224	38	0.995585	14497	0	TRUE	cds-QHD43416.1	GAT	D	GGT	G
MN908947.3	25563	G	T	1	1	39	21754	21538	38	0.999678	21761	0	TRUE	cds-QHD43417.1	CAG	Q	CAT	H
MN908947.3	26589	G	T	72	38	38	13059	58	38	0.994365	13133	0	TRUE	cds-QHD43419.1	GTA	V	TTA	L
MN908947.3	26735	C	T	5	2	49	13113	1751	68	0.999543	13119	0	TRUE	cds-QHD43419.1	TAC	Y	TAT	Y
MN908947.3	26840	G	A	7	6	37	13136	13111	38	0.999467	13143	0	TRUE	cds-QHD43419.1	ACG	T	ACA	T
MN908947.3	28139	C	T	4	2	36	32503	16406	39	0.999754	32511	0	TRUE	cds-QHD43422.1	TCC	S	TCT	S
MN908947.3	28854	C	T	0	0	0	21813	6690	51	1	21813	0	TRUE	cds-QHD43423.2	TCA	S	TTA	L
