{
  "MN908947": {
    "average": 6613.79,
    "deletion_coverage_propagation_cutoff": 131.0,
    "deletion_coverage_seed_cutoff": 0.0,
    "dispersion": 5107.695,
    "nbinom_dispersion": 827.837834983482,
    "nbinom_mean_parameter": 2677.544,
    "nbinom_prob_parameter": 0.0012079660505248,
    "nbinom_size_parameter": 3.238294,
    "nbinom_variance": 2216572.22803301,
    "variance": 33781226.0
  }
}