{
  "MN908947": {
    "average": 9149.532,
    "deletion_coverage_propagation_cutoff": 2.0,
    "deletion_coverage_seed_cutoff": 0.0,
    "dispersion": 11973.71,
    "nbinom_dispersion": 26859.8014019674,
    "nbinom_mean_parameter": 23516.75,
    "nbinom_prob_parameter": 3.72303571807778e-05,
    "nbinom_size_parameter": 0.8755696,
    "nbinom_variance": 631655234.619716,
    "variance": 109553819.0
  }
}