REGION	POS	REF	ALT	REF_DP	REF_RV	REF_QUAL	ALT_DP	ALT_RV	ALT_QUAL	ALT_FREQ	TOTAL_DP	PVAL	PASS	GFF_FEATURE	REF_CODON	REF_AA	ALT_CODON	ALT_AA
MN908947.3	241	C	T	0	0	0	666	157	62	1	666	0	TRUE	NA	NA	NA	NA	NA
MN908947.3	1059	C	T	0	0	0	1791	123	39	1	1791	0	TRUE	cds-QHD43415.1	ACC	T	ATC	I
MN908947.3	2485	C	T	1	1	40	5742	5595	38	0.999478	5745	0	TRUE	cds-QHD43415.1	ATC	I	ATT	I
MN908947.3	3037	C	T	2	0	70	12638	1507	69	0.999763	12641	0	TRUE	cds-QHD43415.1	TTC	F	TTT	F
MN908947.3	4832	C	T	0	0	0	3044	305	52	1	3044	0	TRUE	cds-QHD43415.1	CTA	L	TTA	L
MN908947.3	7113	C	T	71	14	38	10769	92	38	0.993175	10843	0	TRUE	cds-QHD43415.1	ACT	T	ATT	I
MN908947.3	7756	G	T	1910	61	39	699	33	39	0.267714	2611	4.70255e-233	TRUE	cds-QHD43415.1	AAG	K	AAT	N
MN908947.3	10319	C	T	2	2	38	6371	1808	62	0.999529	6374	0	TRUE	cds-QHD43415.1	CTT	L	TTT	F
MN908947.3	14408	C	T	0	0	0	1964	314	65	0.999491	1965	0	TRUE	cds-QHD43415.1	CCT	P	CTT	L
MN908947.3	18424	A	G	2	0	52	6960	322	63	0.999569	6963	0	TRUE	cds-QHD43415.1	AAT	N	GAT	D
MN908947.3	21004	G	T	0	0	0	3531	537	67	0.999717	3532	0	TRUE	cds-QHD43415.1	GCA	A	TCA	S
MN908947.3	21234	C	T	25	5	52	7109	587	68	0.996356	7135	0	TRUE	cds-QHD43415.1	GCC	A	GCT	A
MN908947.3	21304	C	T	6	2	53	7253	1473	66	0.998761	7262	0	TRUE	cds-QHD43415.1	CGC	R	TGC	C
MN908947.3	21390	A	G	9	5	37	12613	7323	38	0.998812	12628	0	TRUE	cds-QHD43415.1	TTA	L	TTG	L
MN908947.3	23403	A	G	4	4	35	16714	16198	39	0.999163	16728	0	TRUE	cds-QHD43416.1	GAT	D	GGT	G
MN908947.3	25563	G	T	2	2	39	4273	4118	38	0.999065	4277	0	TRUE	cds-QHD43417.1	CAG	Q	CAT	H
MN908947.3	25907	G	T	30	23	38	5870	5385	38	0.994578	5902	0	TRUE	cds-QHD43417.1	GGT	G	GTT	V
MN908947.3	26688	C	T	1	0	78	1131	608	44	0.999117	1132	0	TRUE	cds-QHD43419.1	CTG	L	TTG	L
MN908947.3	27964	C	T	2	0	80	3460	295	68	0.999422	3462	0	TRUE	cds-QHD43422.1	TCA	S	TTA	L
MN908947.3	28116	G	A	2	2	39	6097	3601	38	0.999181	6102	0	TRUE	cds-QHD43422.1	GAT	D	AAT	N
MN908947.3	28472	C	T	0	0	0	1173	207	38	1	1173	0	TRUE	cds-QHD43423.2	CCT	P	TCT	S
MN908947.3	28817	G	T	1	0	40	758	142	50	0.998682	759	0	TRUE	cds-QHD43423.2	GCC	A	TCC	S
MN908947.3	28869	C	T	5	2	39	778	193	57	0.993614	783	0	TRUE	cds-QHD43423.2	CCA	P	CTA	L
MN908947.3	29732	C	G	1111	640	40	432	145	38	0.279974	1543	6.77277e-155	TRUE	NA	NA	NA	NA	NA
