REGION	POS	REF	ALT	REF_DP	REF_RV	REF_QUAL	ALT_DP	ALT_RV	ALT_QUAL	ALT_FREQ	TOTAL_DP	PVAL	PASS	GFF_FEATURE	REF_CODON	REF_AA	ALT_CODON	ALT_AA
MN908947.3	241	C	T	0	0	0	15	2	60	1	15	3.97759e-11	TRUE	NA	NA	NA	NA	NA
MN908947.3	322	T	-G	89	14	29	80	0	20	0.754717	106	4.14528e-20	TRUE	NA	NA	NA	NA	NA
MN908947.3	1947	T	C	69	1	39	714	8	38	0.911877	783	0	TRUE	cds-QHD43415.1	GTT	V	GCT	A
MN908947.3	3037	C	T	2	0	51	12601	1749	69	0.999762	12604	0	TRUE	cds-QHD43415.1	TTC	F	TTT	F
MN908947.3	4276	C	T	4	1	49	17006	2414	69	0.999647	17012	0	TRUE	cds-QHD43415.1	TAC	Y	TAT	Y
MN908947.3	6731	A	G	6	3	45	11500	11369	39	0.999218	11509	0	TRUE	cds-QHD43415.1	ATA	I	GTA	V
MN908947.3	8027	G	T	0	0	0	9040	35	38	1	9040	0	TRUE	cds-QHD43415.1	GTT	V	TTT	F
MN908947.3	11812	C	T	1	1	39	12401	12100	38	0.999194	12411	0	TRUE	cds-QHD43415.1	GGC	G	GGT	G
MN908947.3	14408	C	T	0	0	0	1681	139	70	1	1681	0	TRUE	cds-QHD43415.1	CCT	P	CTT	L
MN908947.3	14599	C	T	5	0	36	12249	16	38	0.999592	12254	0	TRUE	cds-QHD43415.1	CTA	L	TTA	L
MN908947.3	15438	G	T	0	0	0	8517	8441	38	0.999179	8524	0	TRUE	cds-QHD43415.1	ATG	M	ATT	I
MN908947.3	17977	C	T	65	32	37	406	358	38	0.858351	473	3.29455e-199	TRUE	cds-QHD43415.1	CTT	L	TTT	F
MN908947.3	18877	C	T	4	4	39	18413	18370	37	0.999783	18417	0	TRUE	cds-QHD43415.1	CTA	L	TTA	L
MN908947.3	18981	C	T	19	5	38	8997	15	38	0.997893	9016	0	TRUE	cds-QHD43415.1	CAC	H	CAT	H
MN908947.3	21785	G	C	0	0	0	6916	50	39	0.999855	6917	0	TRUE	cds-QHD43416.1	GGT	G	CGT	R
MN908947.3	21928	C	T	3	3	40	7037	7017	39	0.999574	7040	0	TRUE	cds-QHD43416.1	AAC	N	AAT	N
MN908947.3	22444	C	T	0	0	0	1372	89	68	0.999272	1373	0	TRUE	cds-QHD43416.1	GAC	D	GAT	D
MN908947.3	23403	A	G	3	3	39	12172	11940	38	0.999589	12177	0	TRUE	cds-QHD43416.1	GAT	D	GGT	G
MN908947.3	25207	C	T	2	1	42	5916	662	70	0.999662	5918	0	TRUE	cds-QHD43416.1	TAC	Y	TAT	Y
MN908947.3	25563	G	T	1	1	27	22796	22560	38	0.999518	22807	0	TRUE	cds-QHD43417.1	CAG	Q	CAT	H
MN908947.3	26735	C	T	4	1	58	12192	1633	67	0.999672	12196	0	TRUE	cds-QHD43419.1	TAC	Y	TAT	Y
MN908947.3	28093	C	T	153	105	38	14777	14334	39	0.989752	14930	0	TRUE	cds-QHD43422.1	TCT	S	TTT	F
MN908947.3	28854	C	T	0	0	0	11675	2982	54	0.999914	11676	0	TRUE	cds-QHD43423.2	TCA	S	TTA	L
MN908947.3	29555	C	T	426	194	38	9388	7346	39	0.956593	9814	0	TRUE	NA	NA	NA	NA	NA
