REGION	POS	REF	ALT	REF_DP	REF_RV	REF_QUAL	ALT_DP	ALT_RV	ALT_QUAL	ALT_FREQ	TOTAL_DP	PVAL	PASS	GFF_FEATURE	REF_CODON	REF_AA	ALT_CODON	ALT_AA
MN908947.3	322	T	-G	48	8	29	33	0	20	0.6	55	1.66879e-09	TRUE	NA	NA	NA	NA	NA
MN908947.3	514	T	-GTTATG	7712	726	62	6860	0	20	0.508223	13498	0	TRUE	NA	NA	NA	NA	NA
MN908947.3	702	G	T	6871	4009	38	4081	4065	38	0.37249	10956	0	TRUE	cds-QHD43415.1	GGC	G	GTC	V
MN908947.3	841	C	A	4610	1381	55	2223	1067	38	0.325285	6834	0	TRUE	cds-QHD43415.1	GGC	G	GGA	G
MN908947.3	3037	C	T	3	1	61	5876	814	68	0.99949	5879	0	TRUE	cds-QHD43415.1	TTC	F	TTT	F
MN908947.3	3716	G	A	1	1	36	314	298	39	0.996825	315	9.45796e-189	TRUE	cds-QHD43415.1	GCT	A	ACT	T
MN908947.3	3875	G	A	0	0	0	91	19	38	1	91	2.76206e-54	TRUE	cds-QHD43415.1	GCT	A	ACT	T
MN908947.3	4276	C	T	6	3	54	12596	1772	69	0.999445	12603	0	TRUE	cds-QHD43415.1	TAC	Y	TAT	Y
MN908947.3	4421	C	-G	81	47	36	22	0	20	0.252874	87	5.04139e-07	TRUE	NA	NA	NA	NA	NA
MN908947.3	11109	C	T	2	0	34	17965	364	38	0.999833	17968	0	TRUE	cds-QHD43415.1	GCT	A	GTT	V
MN908947.3	13601	G	-T	63	25	34	47	0	20	0.573171	82	2.40477e-14	TRUE	NA	NA	NA	NA	NA
MN908947.3	14408	C	T	0	0	0	765	61	70	1	765	0	TRUE	cds-QHD43415.1	CCT	P	CTT	L
MN908947.3	21137	A	G	6	6	36	13414	6781	38	0.99933	13423	0	TRUE	cds-QHD43415.1	AAG	K	AGG	R
MN908947.3	21625	A	G	2	2	39	1596	993	38	0.998748	1598	0	TRUE	cds-QHD43416.1	AGA	R	AGG	R
MN908947.3	23403	A	G	1	1	40	7673	7581	39	0.99987	7674	0	TRUE	cds-QHD43416.1	GAT	D	GGT	G
MN908947.3	25505	A	C	4	1	38	48525	8002	66	0.999567	48546	0	TRUE	cds-QHD43417.1	CAA	Q	CCA	P
MN908947.3	25855	G	T	0	0	0	130	88	39	1	130	7.08705e-79	TRUE	cds-QHD43417.1	GAC	D	TAC	Y
MN908947.3	28857	G	T	0	0	0	2721	716	45	1	2721	0	TRUE	cds-QHD43423.2	AGA	R	ATA	I
MN908947.3	28881	G	A	0	0	0	2597	772	45	1	2597	0	TRUE	cds-QHD43423.2	AGG	R	AAG	K
MN908947.3	28882	G	A	0	0	0	2599	771	45	1	2599	0	TRUE	cds-QHD43423.2	AGG	R	AGA	R
MN908947.3	28883	G	C	0	0	0	2601	787	46	1	2601	0	TRUE	cds-QHD43423.2	GGA	G	CGA	R
MN908947.3	29580	C	-T	1998	1189	38	2020	0	20	0.997038	2026	0	TRUE	NA	NA	NA	NA	NA
