{
  "MN908947": {
    "average": 15000.48,
    "deletion_coverage_propagation_cutoff": 14.0,
    "deletion_coverage_seed_cutoff": 0.0,
    "dispersion": 8433.163,
    "nbinom_dispersion": 77416.6356423565,
    "nbinom_mean_parameter": 62747.61,
    "nbinom_prob_parameter": 1.29171203540764e-05,
    "nbinom_size_parameter": 0.8105289,
    "nbinom_variance": 4857708860.79868,
    "variance": 126501500.0
  }
}