{
  "MN908947": {
    "average": 11178.2,
    "deletion_coverage_propagation_cutoff": 115.0,
    "deletion_coverage_seed_cutoff": 0.0,
    "dispersion": 5934.464,
    "nbinom_dispersion": 6344.13633523436,
    "nbinom_mean_parameter": 11968.68,
    "nbinom_prob_parameter": 0.000157625868543548,
    "nbinom_size_parameter": 1.886871,
    "nbinom_variance": 75930937.6727928,
    "variance": 66336634.0
  }
}