REGION	POS	REF	ALT	REF_DP	REF_RV	REF_QUAL	ALT_DP	ALT_RV	ALT_QUAL	ALT_FREQ	TOTAL_DP	PVAL	PASS	GFF_FEATURE	REF_CODON	REF_AA	ALT_CODON	ALT_AA
MN908947.3	21	C	T	0	0	0	64	26	38	1	64	2.10377e-38	TRUE	NA	NA	NA	NA	NA
MN908947.3	241	C	T	2	0	70	1733	224	66	0.998847	1735	0	TRUE	NA	NA	NA	NA	NA
MN908947.3	586	T	C	7	7	37	19067	18137	38	0.999476	19077	0	TRUE	cds-QHD43415.1	CTT	L	CTC	L
MN908947.3	1947	T	C	130	7	38	19060	106	38	0.993122	19192	0	TRUE	cds-QHD43415.1	GTT	V	GCT	A
MN908947.3	3037	C	T	1	0	80	9042	1056	69	0.999889	9043	0	TRUE	cds-QHD43415.1	TTC	F	TTT	F
MN908947.3	7006	C	T	3	2	39	5106	5068	39	0.999413	5109	0	TRUE	cds-QHD43415.1	ACC	T	ACT	T
MN908947.3	8348	A	G	0	0	0	1769	107	38	1	1769	0	TRUE	cds-QHD43415.1	AGT	S	GGT	G
MN908947.3	9925	A	G	0	0	0	4818	320	62	1	4818	0	TRUE	cds-QHD43415.1	GCA	A	GCG	A
MN908947.3	14408	C	T	1	0	79	656	144	62	0.998478	657	0	TRUE	cds-QHD43415.1	CCT	P	CTT	L
MN908947.3	16332	C	T	4	2	47	2368	306	68	0.998314	2372	0	TRUE	cds-QHD43415.1	GAC	D	GAT	D
MN908947.3	16376	C	T	3	3	39	2320	2218	39	0.998709	2323	0	TRUE	cds-QHD43415.1	CCG	P	CTG	L
MN908947.3	18877	C	T	2	2	38	4284	4181	37	0.999533	4286	0	TRUE	cds-QHD43415.1	CTA	L	TTA	L
MN908947.3	22444	C	T	3	0	65	4777	265	69	0.999372	4780	0	TRUE	cds-QHD43416.1	GAC	D	GAT	D
MN908947.3	22918	G	T	0	0	0	606	53	38	1	606	0	TRUE	cds-QHD43416.1	CTG	L	CTT	L
MN908947.3	23403	A	G	4	4	39	13740	13314	39	0.999491	13747	0	TRUE	cds-QHD43416.1	GAT	D	GGT	G
MN908947.3	25563	G	T	0	0	0	2423	2278	38	1	2423	0	TRUE	cds-QHD43417.1	CAG	Q	CAT	H
MN908947.3	25824	C	T	3	2	43	3217	495	67	0.999068	3220	0	TRUE	cds-QHD43417.1	AAC	N	AAT	N
MN908947.3	26735	C	T	1	0	75	1417	415	59	0.998591	1419	0	TRUE	cds-QHD43419.1	TAC	Y	TAT	Y
MN908947.3	28854	C	T	0	0	0	2180	296	63	1	2180	0	TRUE	cds-QHD43423.2	TCA	S	TTA	L
