REGION	POS	REF	ALT	REF_DP	REF_RV	REF_QUAL	ALT_DP	ALT_RV	ALT_QUAL	ALT_FREQ	TOTAL_DP	PVAL	PASS	GFF_FEATURE	REF_CODON	REF_AA	ALT_CODON	ALT_AA
MN908947.3	1868	G	C	8	5	43	6	0	39	0.428571	14	0.00632184	TRUE	cds-QHD43415.1	GCA	A	CCA	P
MN908947.3	12534	C	T	2	0	39	8	0	39	0.8	10	0.00059538	TRUE	cds-QHD43415.1	ACT	T	ATT	I
MN908947.3	20988	T	G	1075	117	67	1244	138	68	0.536207	2320	0	TRUE	cds-QHD43415.1	ACT	T	ACG	T
MN908947.3	21853	G	A	1	1	34	9	1	72	0.9	10	2.13364e-06	TRUE	cds-QHD43416.1	AAG	K	AAA	K
MN908947.3	23403	A	G	0	0	0	12	12	38	1	12	7.39602e-07	TRUE	cds-QHD43416.1	GAT	D	GGT	G
MN908947.3	23484	A	G	2	2	37	13	10	39	0.866667	15	8.76755e-07	TRUE	cds-QHD43416.1	AAT	N	AGT	S
MN908947.3	28846	C	T	0	0	0	12	0	71	1	12	1.82364e-09	TRUE	cds-QHD43423.2	CGC	R	CGT	R
MN908947.3	28881	G	A	0	0	0	12	0	72	1	12	1.82364e-09	TRUE	cds-QHD43423.2	AGG	R	AAG	K
MN908947.3	28882	G	A	0	0	0	12	0	72	1	12	1.82364e-09	TRUE	cds-QHD43423.2	AGG	R	AGA	R
MN908947.3	28883	G	C	0	0	0	11	0	75	1	11	7.75047e-09	TRUE	cds-QHD43423.2	GGA	G	CGA	R
MN908947.3	28908	G	T	0	0	0	10	1	73	1	10	4.99251e-08	TRUE	cds-QHD43423.2	GGC	G	GTC	V
