{
  "MN908947": {
    "average": 10275.26,
    "deletion_coverage_propagation_cutoff": 1.0,
    "deletion_coverage_seed_cutoff": 0.0,
    "dispersion": 7692.981,
    "nbinom_dispersion": 38758.2149614148,
    "nbinom_mean_parameter": 19232.33,
    "nbinom_prob_parameter": 2.58009818304465e-05,
    "nbinom_size_parameter": 0.4962258,
    "nbinom_variance": 745410780.348866,
    "variance": 79047380.0
  }
}