{
  "MN908947": {
    "average": 9401.409,
    "deletion_coverage_propagation_cutoff": 14.0,
    "deletion_coverage_seed_cutoff": 0.0,
    "dispersion": 14068.29,
    "nbinom_dispersion": 3336.34037626708,
    "nbinom_mean_parameter": 4834.229,
    "nbinom_prob_parameter": 0.000299729610058212,
    "nbinom_size_parameter": 1.449396,
    "nbinom_variance": 16128633.4008212,
    "variance": 132261787.0
  }
}