{
  "MN908947": {
    "average": 10819.72,
    "deletion_coverage_propagation_cutoff": 172.0,
    "deletion_coverage_seed_cutoff": 0.0,
    "dispersion": 6763.926,
    "nbinom_dispersion": 17431.9576930469,
    "nbinom_mean_parameter": 29204.21,
    "nbinom_prob_parameter": 5.73659033373441e-05,
    "nbinom_size_parameter": 1.675422,
    "nbinom_variance": 509086553.178857,
    "variance": 73183756.0
  }
}