REGION	POS	REF	ALT	REF_DP	REF_RV	REF_QUAL	ALT_DP	ALT_RV	ALT_QUAL	ALT_FREQ	TOTAL_DP	PVAL	PASS	GFF_FEATURE	REF_CODON	REF_AA	ALT_CODON	ALT_AA
MN908947.3	241	C	T	0	0	0	403	99	62	1	403	8.71537e-310	TRUE	NA	NA	NA	NA	NA
MN908947.3	1059	C	T	0	0	0	1385	42	39	1	1385	0	TRUE	cds-QHD43415.1	ACC	T	ATC	I
MN908947.3	3037	C	T	3	1	48	10014	1061	70	0.999701	10017	0	TRUE	cds-QHD43415.1	TTC	F	TTT	F
MN908947.3	3606	G	T	3	1	49	10346	344	65	0.999324	10353	0	TRUE	cds-QHD43415.1	TGT	C	TTT	F
MN908947.3	4551	C	T	7	6	37	12034	11926	38	0.999419	12041	0	TRUE	cds-QHD43415.1	ACA	T	ATA	I
MN908947.3	8083	G	A	45	0	39	17428	58	38	0.997253	17476	0	TRUE	cds-QHD43415.1	ATG	M	ATA	I
MN908947.3	10319	C	T	4	3	37	6293	1497	65	0.999365	6297	0	TRUE	cds-QHD43415.1	CTT	L	TTT	F
MN908947.3	11417	G	T	0	0	0	3839	87	39	1	3839	0	TRUE	cds-QHD43415.1	GTT	V	TTT	F
MN908947.3	14408	C	T	1	1	36	1186	152	68	0.999158	1187	0	TRUE	cds-QHD43415.1	CCT	P	CTT	L
MN908947.3	14805	C	T	3	2	51	8482	8200	39	0.999411	8487	0	TRUE	cds-QHD43415.1	TAC	Y	TAT	Y
MN908947.3	17822	C	T	2	1	39	3225	163	68	0.999071	3228	0	TRUE	cds-QHD43415.1	CCA	P	CTA	L
MN908947.3	18424	A	G	3	0	48	6371	262	63	0.999373	6375	0	TRUE	cds-QHD43415.1	AAT	N	GAT	D
MN908947.3	19512	C	T	0	0	0	4140	4075	39	1	4140	0	TRUE	cds-QHD43415.1	TAC	Y	TAT	Y
MN908947.3	19554	C	T	38	32	38	4186	4129	39	0.990066	4228	0	TRUE	cds-QHD43415.1	GGC	G	GGT	G
MN908947.3	21304	C	T	2	1	42	4752	884	67	0.999159	4756	0	TRUE	cds-QHD43415.1	CGC	R	TGC	C
MN908947.3	22155	A	G	4	1	57	2103	198	69	0.998102	2107	0	TRUE	cds-QHD43416.1	GAT	D	GGT	G
MN908947.3	23403	A	G	1	1	40	4488	4297	38	0.999555	4490	0	TRUE	cds-QHD43416.1	GAT	D	GGT	G
MN908947.3	23599	T	G	0	0	0	633	66	61	1	633	0	TRUE	cds-QHD43416.1	AAT	N	AAG	K
MN908947.3	25563	G	T	1	1	39	1727	1650	38	0.999421	1728	0	TRUE	cds-QHD43417.1	CAG	Q	CAT	H
MN908947.3	25609	C	A	166	161	38	1587	1567	38	0.905305	1753	0	TRUE	cds-QHD43417.1	CTC	L	ATC	I
MN908947.3	25907	G	T	10	8	38	2094	1843	38	0.995247	2104	0	TRUE	cds-QHD43417.1	GGT	G	GTT	V
MN908947.3	27964	C	T	0	0	0	173	16	65	1	173	3.37698e-134	TRUE	cds-QHD43422.1	TCA	S	TTA	L
MN908947.3	28472	C	T	1	0	39	110	12	38	0.990991	111	3.10659e-64	TRUE	cds-QHD43423.2	CCT	P	TCT	S
MN908947.3	28869	C	T	1	0	79	135	30	58	0.992647	136	2.23592e-98	TRUE	cds-QHD43423.2	CCA	P	CTA	L
MN908947.3	28907	G	T	1	1	39	137	45	57	0.992754	138	6.88792e-98	TRUE	cds-QHD43423.2	GGC	G	TGC	C
