{
  "MN908947": {
    "average": 8696.291,
    "deletion_coverage_propagation_cutoff": 15.0,
    "deletion_coverage_seed_cutoff": 0.0,
    "dispersion": 16689.79,
    "nbinom_dispersion": 63147.3347326606,
    "nbinom_mean_parameter": 62102.69,
    "nbinom_prob_parameter": 1.58359811104235e-05,
    "nbinom_size_parameter": 0.9834726,
    "nbinom_variance": 3921619353.22865,
    "variance": 145139319.0
  }
}