{
  "MN908947": {
    "average": 3392.921,
    "deletion_coverage_propagation_cutoff": 1.0,
    "deletion_coverage_seed_cutoff": 0.0,
    "dispersion": 17787.49,
    "nbinom_dispersion": 4124.54542898438,
    "nbinom_mean_parameter": 2675.0,
    "nbinom_prob_parameter": 0.00024245096028588,
    "nbinom_size_parameter": 0.6487136,
    "nbinom_variance": 11033159.0225332,
    "variance": 60351550.0
  }
}