REGION	POS	REF	ALT	REF_DP	REF_RV	REF_QUAL	ALT_DP	ALT_RV	ALT_QUAL	ALT_FREQ	TOTAL_DP	PVAL	PASS	GFF_FEATURE	REF_CODON	REF_AA	ALT_CODON	ALT_AA
MN908947.3	241	C	T	0	0	0	14	0	70	1	14	6.62932e-11	TRUE	NA	NA	NA	NA	NA
MN908947.3	322	T	-G	73	14	30	57	0	20	0.662791	86	5.77937e-16	TRUE	NA	NA	NA	NA	NA
MN908947.3	1059	C	T	1	0	40	6938	89	40	0.999856	6939	0	TRUE	cds-QHD43415.1	ACC	T	ATC	I
MN908947.3	3037	C	T	1	0	76	1602	202	69	0.998753	1604	0	TRUE	cds-QHD43415.1	TTC	F	TTT	F
MN908947.3	8083	G	A	6	0	36	9534	75	39	0.999371	9540	0	TRUE	cds-QHD43415.1	ATG	M	ATA	I
MN908947.3	10319	C	T	3	0	64	4354	899	66	0.999311	4357	0	TRUE	cds-QHD43415.1	CTT	L	TTT	F
MN908947.3	12525	C	T	1	0	40	3640	11	39	0.999725	3641	0	TRUE	cds-QHD43415.1	ACA	T	ATA	I
MN908947.3	14408	C	T	1	0	29	1162	115	69	0.99914	1163	0	TRUE	cds-QHD43415.1	CCT	P	CTT	L
MN908947.3	14805	C	T	0	0	0	7587	7342	39	1	7587	0	TRUE	cds-QHD43415.1	TAC	Y	TAT	Y
MN908947.3	17125	C	T	1	0	34	17909	1685	39	0.999944	17910	0	TRUE	cds-QHD43415.1	CTC	L	TTC	F
MN908947.3	18060	C	T	0	0	0	2023	22	38	0.999506	2024	0	TRUE	cds-QHD43415.1	CTC	L	CTT	L
MN908947.3	18424	A	G	1	0	78	23527	908	63	0.99983	23531	0	TRUE	cds-QHD43415.1	AAT	N	GAT	D
MN908947.3	19220	C	T	95	95	38	12450	12446	39	0.992348	12546	0	TRUE	cds-QHD43415.1	GCT	A	GTT	V
MN908947.3	20307	C	A	0	0	0	10413	30	39	0.999712	10416	0	TRUE	cds-QHD43415.1	GGC	G	GGA	G
MN908947.3	21304	C	T	2	1	56	873	173	67	0.997714	875	0	TRUE	cds-QHD43415.1	CGC	R	TGC	C
MN908947.3	21707	C	T	2	0	38	4076	1577	39	0.99951	4078	0	TRUE	cds-QHD43416.1	CAT	H	TAT	Y
MN908947.3	23403	A	G	3	3	29	11787	11761	39	0.999661	11791	0	TRUE	cds-QHD43416.1	GAT	D	GGT	G
MN908947.3	23533	C	G	0	0	0	751	6	38	1	751	0	TRUE	cds-QHD43416.1	AAC	N	AAG	K
MN908947.3	25563	G	T	0	0	0	2238	2056	39	1	2238	0	TRUE	cds-QHD43417.1	CAG	Q	CAT	H
MN908947.3	25907	G	T	1	0	40	196	190	38	0.994924	197	2.43087e-115	TRUE	cds-QHD43417.1	GGT	G	GTT	V
MN908947.3	27964	C	T	0	0	0	1395	80	69	1	1395	0	TRUE	cds-QHD43422.1	TCA	S	TTA	L
MN908947.3	28472	C	T	2	0	39	2165	107	38	0.999077	2167	0	TRUE	cds-QHD43423.2	CCT	P	TCT	S
MN908947.3	28869	C	T	3	1	54	10041	1042	67	0.999701	10044	0	TRUE	cds-QHD43423.2	CCA	P	CTA	L
MN908947.3	28961	C	T	5410	5315	37	4431	4356	37	0.450213	9842	0	TRUE	cds-QHD43423.2	CTT	L	TTT	F
MN908947.3	29402	G	T	0	0	0	9076	515	39	0.99967	9079	0	TRUE	cds-QHD43423.2	GAT	D	TAT	Y
