{
  "MN908947": {
    "average": 11085.4,
    "deletion_coverage_propagation_cutoff": 386.0,
    "deletion_coverage_seed_cutoff": 0.0,
    "dispersion": 5541.03,
    "nbinom_dispersion": 3748.43108462196,
    "nbinom_mean_parameter": 10676.3,
    "nbinom_prob_parameter": 0.000266778280679223,
    "nbinom_size_parameter": 2.848965,
    "nbinom_variance": 40019374.7887494,
    "variance": 61424551.0
  }
}