{
  "MN908947": {
    "average": 4924.58,
    "deletion_coverage_propagation_cutoff": 136.0,
    "deletion_coverage_seed_cutoff": 0.0,
    "dispersion": 3235.652,
    "nbinom_dispersion": 911.019445162191,
    "nbinom_mean_parameter": 2895.003,
    "nbinom_prob_parameter": 0.001097671411198,
    "nbinom_size_parameter": 3.181254,
    "nbinom_variance": 2637404.02680288,
    "variance": 15934224.0
  }
}