{
  "MN908947": {
    "average": 8400.209,
    "deletion_coverage_propagation_cutoff": 537.0,
    "deletion_coverage_seed_cutoff": 0.0,
    "dispersion": 4545.855,
    "nbinom_dispersion": 774.344144571748,
    "nbinom_mean_parameter": 4223.22,
    "nbinom_prob_parameter": 0.00129141546043853,
    "nbinom_size_parameter": 5.460984,
    "nbinom_variance": 3270225.6782383,
    "variance": 38186136.0
  }
}