REGION	POS	REF	ALT	REF_DP	REF_RV	REF_QUAL	ALT_DP	ALT_RV	ALT_QUAL	ALT_FREQ	TOTAL_DP	PVAL	PASS	GFF_FEATURE	REF_CODON	REF_AA	ALT_CODON	ALT_AA
MN908947.3	322	T	-G	53	6	29	52	0	20	0.732394	71	2.73253e-15	TRUE	NA	NA	NA	NA	NA
MN908947.3	1947	T	C	35	2	37	496	4	38	0.934087	531	4.09198e-265	TRUE	cds-QHD43415.1	GTT	V	GCT	A
MN908947.3	3037	C	T	1	0	79	6178	920	68	0.999838	6179	0	TRUE	cds-QHD43415.1	TTC	F	TTT	F
MN908947.3	4276	C	T	4	0	78	11076	1613	69	0.999639	11080	0	TRUE	cds-QHD43415.1	TAC	Y	TAT	Y
MN908947.3	6731	A	G	16	5	40	10839	10593	39	0.99825	10858	0	TRUE	cds-QHD43415.1	ATA	I	GTA	V
MN908947.3	8027	G	T	3	0	37	6372	34	38	0.999216	6377	0	TRUE	cds-QHD43415.1	GTT	V	TTT	F
MN908947.3	11812	C	T	8	8	38	11909	11783	38	0.998742	11924	0	TRUE	cds-QHD43415.1	GGC	G	GGT	G
MN908947.3	14408	C	T	1	0	79	1050	93	68	0.999049	1051	0	TRUE	cds-QHD43415.1	CCT	P	CTT	L
MN908947.3	14599	C	T	5	3	38	8972	6	38	0.999443	8977	0	TRUE	cds-QHD43415.1	CTA	L	TTA	L
MN908947.3	15438	G	T	2	2	35	6312	6279	39	0.999525	6315	0	TRUE	cds-QHD43415.1	ATG	M	ATT	I
MN908947.3	17977	C	T	50	6	38	476	414	38	0.904943	526	1.61996e-244	TRUE	cds-QHD43415.1	CTT	L	TTT	F
MN908947.3	18877	C	T	6	6	38	18667	18619	37	0.999679	18673	0	TRUE	cds-QHD43415.1	CTA	L	TTA	L
MN908947.3	18981	C	T	47	17	35	7771	27	38	0.993861	7819	0	TRUE	cds-QHD43415.1	CAC	H	CAT	H
MN908947.3	21785	G	C	0	0	0	7954	82	39	0.999749	7956	0	TRUE	cds-QHD43416.1	GGT	G	CGT	R
MN908947.3	21928	C	T	5	5	39	8054	8033	39	0.999256	8060	0	TRUE	cds-QHD43416.1	AAC	N	AAT	N
MN908947.3	22444	C	T	1	0	77	675	55	67	0.998521	676	0	TRUE	cds-QHD43416.1	GAC	D	GAT	D
MN908947.3	23124	C	-A	14	6	36	9	0	20	0.45	20	0.00183271	TRUE	NA	NA	NA	NA	NA
MN908947.3	23403	A	G	2	2	40	10006	9900	38	0.9997	10009	0	TRUE	cds-QHD43416.1	GAT	D	GGT	G
MN908947.3	25207	C	T	3	0	79	3995	507	69	0.99925	3998	0	TRUE	cds-QHD43416.1	TAC	Y	TAT	Y
MN908947.3	25563	G	T	0	0	0	14106	13893	38	1	14106	0	TRUE	cds-QHD43417.1	CAG	Q	CAT	H
MN908947.3	26735	C	T	4	1	52	8863	1256	67	0.999436	8868	0	TRUE	cds-QHD43419.1	TAC	Y	TAT	Y
MN908947.3	28093	C	T	36	13	37	8591	8068	38	0.995827	8627	0	TRUE	cds-QHD43422.1	TCT	S	TTT	F
MN908947.3	28854	C	T	4	1	39	6085	948	60	0.999343	6089	0	TRUE	cds-QHD43423.2	TCA	S	TTA	L
MN908947.3	29555	C	T	9	7	38	6576	5820	38	0.998482	6586	0	TRUE	NA	NA	NA	NA	NA
