sample	contig	position	ref	alt	primer_name	amplicon	depth
SC2188	MN908947.3	322	TG	T	nCoV-2019_2_LEFT	nCoV-2019_2	14335.1982422
SC2188	MN908947.3	1947	T	C	nCoV-2019_6_RIGHT	nCoV-2019_6	4360.2763672
SC2188	MN908947.3	6731	A	G	nCoV-2019_23_LEFT	nCoV-2019_23	3788.5803223
SC2188	MN908947.3	12781	C	T	nCoV-2019_42_RIGHT	nCoV-2019_42	6625.8090820
SC2188	MN908947.3	17977	C	T	nCoV-2019_60_LEFT	nCoV-2019_60	20586.0371094
SC2188	MN908947.3	28093	C	T	nCoV-2019_93_LEFT	nCoV-2019_93	54529.9414062
