sample	contig	position	ref	alt	primer_name	amplicon	depth
SC2187	MN908947.3	322	TG	T	nCoV-2019_2_LEFT	nCoV-2019_2	8213.9091797
SC2187	MN908947.3	1947	T	C	nCoV-2019_6_RIGHT	nCoV-2019_6	3436.3317871
SC2187	MN908947.3	6731	A	G	nCoV-2019_23_LEFT	nCoV-2019_23	4367.6606445
SC2187	MN908947.3	12781	C	T	nCoV-2019_42_RIGHT	nCoV-2019_42	4687.9589844
SC2187	MN908947.3	17977	C	T	nCoV-2019_60_LEFT	nCoV-2019_60	16160.5966797
SC2187	MN908947.3	28093	C	T	nCoV-2019_93_LEFT	nCoV-2019_93	28327.1582031
