sample	contig	position	ref	alt	primer_name	amplicon	depth
SC2196	MN908947.3	643	C	T	nCoV-2019_3_LEFT	nCoV-2019_3	25781.7382812
SC2196	MN908947.3	5284	C	T	nCoV-2019_18_LEFT_alt2	nCoV-2019_18	6411.5659180
SC2196	MN908947.3	5884	C	T	nCoV-2019_20_LEFT	nCoV-2019_20	5214.4570312
SC2196	MN908947.3	12784	C	T	nCoV-2019_42_RIGHT	nCoV-2019_42	15180.7958984
SC2196	MN908947.3	26842	G	A	nCoV-2019_89_LEFT	nCoV-2019_89	7623.5527344
