sample	contig	position	ref	alt	primer_name	amplicon	depth
SC2191	MN908947.3	322	TG	T	nCoV-2019_2_LEFT	nCoV-2019_2	11334.7539062
SC2191	MN908947.3	3773	C	T	nCoV-2019_13_LEFT	nCoV-2019_13	308.9162292
SC2191	MN908947.3	9561	C	T	nCoV-2019_31_RIGHT	nCoV-2019_31	2.0000000
