sample	contig	position	ref	alt	primer_name	amplicon	depth
SC2186	MN908947.3	322	TG	T	nCoV-2019_2_LEFT	nCoV-2019_2	14875.5341797
SC2186	MN908947.3	18060	C	T	nCoV-2019_59_RIGHT	nCoV-2019_59	116.6926804
SC2186	MN908947.3	19220	C	T	nCoV-2019_64_LEFT	nCoV-2019_64	8.4023905
SC2186	MN908947.3	25907	G	T	nCoV-2019_86_LEFT	nCoV-2019_86	1239.2364502
