sample	contig	position	ref	alt	primer_name	amplicon	depth
SC2190	MN908947.3	322	TG	T	nCoV-2019_2_LEFT	nCoV-2019_2	8741.4697266
SC2190	MN908947.3	12121	A	G	nCoV-2019_41_LEFT	nCoV-2019_41	10008.7763672
