sample	contig	position	ref	alt	primer_name	amplicon	depth
SC2215	MN908947.3	322	TG	T	nCoV-2019_2_LEFT	nCoV-2019_2	12722.8447266
SC2215	MN908947.3	13601	GT	G	nCoV-2019_46_LEFT	nCoV-2019_46	28127.8457031
SC2215	MN908947.3	23124	CA	C	nCoV-2019_77_LEFT	nCoV-2019_77	12438.7949219
