sample	contig	position	ref	alt	primer_name	amplicon	depth
SC2201	MN908947.3	19554	C	T	nCoV-2019_65_LEFT	nCoV-2019_65	6743.7851562
SC2201	MN908947.3	25609	C	A	nCoV-2019_85_LEFT	nCoV-2019_85	1291.0174561
SC2201	MN908947.3	25907	G	T	nCoV-2019_86_LEFT	nCoV-2019_86	6625.2412109
