sample	contig	position	ref	alt	primer_name	amplicon	depth
SC2208	MN908947.3	1947	T	C	nCoV-2019_6_RIGHT	nCoV-2019_6	2915.4055176
SC2208	MN908947.3	7038	G	A	nCoV-2019_24_LEFT	nCoV-2019_24	10975.6865234
SC2208	MN908947.3	26589	G	T	nCoV-2019_87_RIGHT	nCoV-2019_87	9911.4101562
SC2208	MN908947.3	26840	G	A	nCoV-2019_89_LEFT	nCoV-2019_89	12589.1494141
