sample	contig	position	ref	alt	primer_name	amplicon	depth
SC2212	MN908947.3	322	TG	T	nCoV-2019_2_LEFT	nCoV-2019_2	16215.5126953
SC2212	MN908947.3	21974	G	T	nCoV-2019_73_LEFT	nCoV-2019_73	6113.5043945
SC2212	MN908947.3	25907	G	T	nCoV-2019_86_LEFT	nCoV-2019_86	3778.3645020
