sample	contig	position	ref	alt	primer_name	amplicon	depth
SC2249	MN908947.3	1947	T	C	nCoV-2019_6_RIGHT	nCoV-2019_6	9307.5488281
SC2249	MN908947.3	15540	C	T	nCoV-2019_51_RIGHT	nCoV-2019_51	12929.7109375
SC2249	MN908947.3	29311	C	T	nCoV-2019_97_LEFT	nCoV-2019_97	1943.2778320
