sample	contig	position	ref	alt	primer_name	amplicon	depth
SC2254	MN908947.3	322	TG	T	nCoV-2019_2_LEFT	nCoV-2019_2	5382.0214844
SC2254	MN908947.3	10084	T	C	nCoV-2019_34_LEFT	nCoV-2019_34	3503.7277832
SC2254	MN908947.3	11048	GT	G	nCoV-2019_36_RIGHT	nCoV-2019_36	2.8008475
SC2254	MN908947.3	17694	T	C	nCoV-2019_59_LEFT	nCoV-2019_59	18.7999992
