sample	contig	position	ref	alt	primer_name	amplicon	depth
SC2276	MN908947.3	322	TG	T	nCoV-2019_2_LEFT	nCoV-2019_2	17215.2753906
SC2276	MN908947.3	12121	A	G	nCoV-2019_41_LEFT	nCoV-2019_41	9854.9189453
