sample	contig	position	ref	alt	primer_name	amplicon	depth
SC2220	MN908947.3	18905	G	A	nCoV-2019_63_LEFT	nCoV-2019_63	12096.1425781
SC2220	MN908947.3	20237	G	T	nCoV-2019_66_RIGHT	nCoV-2019_66	105.9914169
SC2220	MN908947.3	25907	G	T	nCoV-2019_86_LEFT	nCoV-2019_86	5704.6601562
