sample	contig	position	ref	alt	primer_name	amplicon	depth
SC2294	MN908947.3	643	C	T	nCoV-2019_3_LEFT	nCoV-2019_3	21093.0917969
SC2294	MN908947.3	5284	C	T	nCoV-2019_18_LEFT_alt2	nCoV-2019_18	9610.7724609
SC2294	MN908947.3	5884	C	T	nCoV-2019_20_LEFT	nCoV-2019_20	4237.7666016
SC2294	MN908947.3	26842	G	A	nCoV-2019_89_LEFT	nCoV-2019_89	9107.1796875
