sample	contig	position	ref	alt	primer_name	amplicon	depth
SC2211	MN908947.3	6262	T	C	nCoV-2019_20_RIGHT	nCoV-2019_20	2323.1096191
SC2211	MN908947.3	12121	A	G	nCoV-2019_41_LEFT	nCoV-2019_41	8253.1611328
