sample	contig	position	ref	alt	primer_name	amplicon	depth
SC2275	MN908947.3	8260	T	C	nCoV-2019_28_LEFT	nCoV-2019_28	3976.0905762
SC2275	MN908947.3	12121	A	G	nCoV-2019_41_LEFT	nCoV-2019_41	7071.2607422
