sample	contig	position	ref	alt	primer_name	amplicon	depth
SC2247	MN908947.3	1947	T	C	nCoV-2019_6_RIGHT	nCoV-2019_6	4772.9677734
SC2247	MN908947.3	6731	A	G	nCoV-2019_23_LEFT	nCoV-2019_23	6834.5371094
SC2247	MN908947.3	17977	C	T	nCoV-2019_60_LEFT	nCoV-2019_60	3712.8430176
SC2247	MN908947.3	28093	C	T	nCoV-2019_93_LEFT	nCoV-2019_93	1429.4144287
