sample	contig	position	ref	alt	primer_name	amplicon	depth
SC2286	MN908947.3	322	TG	T	nCoV-2019_2_LEFT	nCoV-2019_2	11824.2412109
SC2286	MN908947.3	4960	G	T	nCoV-2019_17_LEFT	nCoV-2019_17	2047.0000000
SC2286	MN908947.3	14551	T	C	nCoV-2019_49_LEFT	nCoV-2019_49	16614.6894531
SC2286	MN908947.3	25609	C	A	nCoV-2019_85_LEFT	nCoV-2019_85	328.5502319
SC2286	MN908947.3	25907	G	T	nCoV-2019_86_LEFT	nCoV-2019_86	166.8719177
