sample	contig	position	ref	alt	primer_name	amplicon	depth
SC2283	MN908947.3	10097	G	A	nCoV-2019_34_LEFT	nCoV-2019_34	2877.2670898
SC2283	MN908947.3	10449	C	T	nCoV-2019_34_RIGHT	nCoV-2019_34	2877.2670898
SC2283	MN908947.3	26894	C	T	nCoV-2019_88_RIGHT	nCoV-2019_88	4638.8652344
SC2283	MN908947.3	28093	C	T	nCoV-2019_93_LEFT	nCoV-2019_93	17680.0410156
