sample	contig	position	ref	alt	primer_name	amplicon	depth
SC2206	MN908947.3	322	TG	T	nCoV-2019_2_LEFT	nCoV-2019_2	4618.9438477
SC2206	MN908947.3	1947	T	C	nCoV-2019_6_RIGHT	nCoV-2019_6	330.7695923
SC2206	MN908947.3	7038	G	A	nCoV-2019_24_LEFT	nCoV-2019_24	26.4468079
SC2206	MN908947.3	26589	G	T	nCoV-2019_87_RIGHT	nCoV-2019_87	40822.9257812
SC2206	MN908947.3	26840	G	A	nCoV-2019_89_LEFT	nCoV-2019_89	229.1228027
