sample	contig	position	ref	alt	primer_name	amplicon	depth
SC2248	MN908947.3	12121	A	G	nCoV-2019_41_LEFT	nCoV-2019_41	20514.3984375
SC2248	MN908947.3	17135	C	A	nCoV-2019_56_RIGHT	nCoV-2019_56	15891.1162109
