sample	contig	position	ref	alt	primer_name	amplicon	depth
SC2202	MN908947.3	19554	C	T	nCoV-2019_65_LEFT	nCoV-2019_65	5554.3945312
SC2202	MN908947.3	25609	C	A	nCoV-2019_85_LEFT	nCoV-2019_85	2920.9519043
SC2202	MN908947.3	25907	G	T	nCoV-2019_86_LEFT	nCoV-2019_86	701.6453247
