sample	contig	position	ref	alt	primer_name	amplicon	depth
SC2235	MN908947.3	2836	C	T	nCoV-2019_10_LEFT	nCoV-2019_10	12299.5537109
SC2235	MN908947.3	21724	G	T	nCoV-2019_71_RIGHT	nCoV-2019_71	2332.5764160
SC2235	MN908947.3	25000	C	T	nCoV-2019_83_LEFT	nCoV-2019_83	7373.7241211
SC2235	MN908947.3	26849	G	T	nCoV-2019_89_LEFT	nCoV-2019_89	5787.9165039
SC2235	MN908947.3	29358	C	T	nCoV-2019_96_RIGHT	nCoV-2019_96	1442.9866943
