sample	contig	position	ref	alt	primer_name	amplicon	depth
SC2227	MN908947.3	18905	G	A	nCoV-2019_63_LEFT	nCoV-2019_63	8420.4755859
SC2227	MN908947.3	20237	G	T	nCoV-2019_66_RIGHT	nCoV-2019_66	111.9442062
SC2227	MN908947.3	25907	G	T	nCoV-2019_86_LEFT	nCoV-2019_86	4412.7978516
