sample	contig	position	ref	alt	primer_name	amplicon	depth
SC2205	MN908947.3	322	TG	T	nCoV-2019_2_LEFT	nCoV-2019_2	17221.3535156
SC2205	MN908947.3	1947	T	C	nCoV-2019_6_RIGHT	nCoV-2019_6	3057.6406250
SC2205	MN908947.3	7038	G	A	nCoV-2019_24_LEFT	nCoV-2019_24	188.2127686
SC2205	MN908947.3	26589	G	T	nCoV-2019_87_RIGHT	nCoV-2019_87	38143.7070312
SC2205	MN908947.3	26840	G	A	nCoV-2019_89_LEFT	nCoV-2019_89	3748.4692383
