sample	contig	position	ref	alt	primer_name	amplicon	depth
SC2258	MN908947.3	10097	G	A	nCoV-2019_34_LEFT	nCoV-2019_34	1766.7539062
SC2258	MN908947.3	28093	C	T	nCoV-2019_93_LEFT	nCoV-2019_93	17942.3554688
