sample	contig	position	ref	alt	primer_name	amplicon	depth
SC2207	MN908947.3	1947	T	C	nCoV-2019_6_RIGHT	nCoV-2019_6	5239.6269531
SC2207	MN908947.3	7038	G	A	nCoV-2019_24_LEFT	nCoV-2019_24	9495.3613281
SC2207	MN908947.3	26589	G	T	nCoV-2019_87_RIGHT	nCoV-2019_87	17710.3164062
SC2207	MN908947.3	26840	G	A	nCoV-2019_89_LEFT	nCoV-2019_89	7878.3642578
