sample	contig	position	ref	alt	primer_name	amplicon	depth
SC2274	MN908947.3	10097	G	A	nCoV-2019_34_LEFT	nCoV-2019_34	1928.1623535
SC2274	MN908947.3	28093	C	T	nCoV-2019_93_LEFT	nCoV-2019_93	9884.5859375
