sample	contig	position	ref	alt	primer_name	amplicon	depth
SC2221	MN908947.3	12111	G	A	nCoV-2019_41_LEFT	nCoV-2019_41	5385.5590820
SC2221	MN908947.3	18905	G	A	nCoV-2019_63_LEFT	nCoV-2019_63	4652.0712891
SC2221	MN908947.3	20237	G	T	nCoV-2019_66_RIGHT	nCoV-2019_66	361.4248962
SC2221	MN908947.3	25907	G	T	nCoV-2019_86_LEFT	nCoV-2019_86	536.5024414
