sample	contig	position	ref	alt	primer_name	amplicon	depth
SC2292	MN908947.3	322	TG	T	nCoV-2019_2_LEFT	nCoV-2019_2	21711.1289062
SC2292	MN908947.3	1947	T	C	nCoV-2019_6_RIGHT	nCoV-2019_6	4991.8569336
SC2292	MN908947.3	17977	C	T	nCoV-2019_60_LEFT	nCoV-2019_60	12005.8066406
SC2292	MN908947.3	25669	C	T	nCoV-2019_84_RIGHT	nCoV-2019_84	16728.2890625
SC2292	MN908947.3	28093	C	T	nCoV-2019_93_LEFT	nCoV-2019_93	28276.6445312
