sample	contig	position	ref	alt	primer_name	amplicon	depth
SC2230	MN908947.3	322	TG	T	nCoV-2019_2_LEFT	nCoV-2019_2	29633.9179688
SC2230	MN908947.3	643	C	T	nCoV-2019_3_LEFT	nCoV-2019_3	23091.7421875
SC2230	MN908947.3	5284	C	T	nCoV-2019_18_LEFT_alt2	nCoV-2019_18	1986.8016357
SC2230	MN908947.3	5884	C	T	nCoV-2019_20_LEFT	nCoV-2019_20	5652.0668945
SC2230	MN908947.3	17444	C	A	nCoV-2019_57_RIGHT	nCoV-2019_57	18023.9179688
SC2230	MN908947.3	26842	G	A	nCoV-2019_89_LEFT	nCoV-2019_89	4196.6313477
