sample	contig	position	ref	alt	primer_name	amplicon	depth
SC2231	MN908947.3	7113	C	T	nCoV-2019_23_RIGHT	nCoV-2019_23	9436.1542969
SC2231	MN908947.3	25907	G	T	nCoV-2019_86_LEFT	nCoV-2019_86	2079.7290039
