sample	contig	position	ref	alt	primer_name	amplicon	depth
SC2209	MN908947.3	322	TG	T	nCoV-2019_2_LEFT	nCoV-2019_2	15059.5341797
SC2209	MN908947.3	6262	T	C	nCoV-2019_20_RIGHT	nCoV-2019_20	7835.1855469
SC2209	MN908947.3	12121	A	G	nCoV-2019_41_LEFT	nCoV-2019_41	8430.0058594
