sample	contig	position	ref	alt	primer_name	amplicon	depth
SC2244	MN908947.3	14283	AC	A	nCoV-2019_47_RIGHT	nCoV-2019_47	1002.8923950
SC2244	MN908947.3	29358	C	T	nCoV-2019_96_RIGHT	nCoV-2019_96	7.9866667
SC2244	MN908947.3	29503	C	T	nCoV-2019_98_LEFT	nCoV-2019_98	1.6503496
