sample	contig	position	ref	alt	primer_name	amplicon	depth
SC2250	MN908947.3	1947	T	C	nCoV-2019_6_RIGHT	nCoV-2019_6	50.8156700
SC2250	MN908947.3	28451	G	T	nCoV-2019_93_RIGHT	nCoV-2019_93	38.5855865
