sample	contig	position	ref	alt	primer_name	amplicon	depth
SC2269	MN908947.3	322	TG	T	nCoV-2019_2_LEFT	nCoV-2019_2	13179.5214844
SC2269	MN908947.3	1947	T	C	nCoV-2019_6_RIGHT	nCoV-2019_6	1407.8894043
SC2269	MN908947.3	6731	A	G	nCoV-2019_23_LEFT	nCoV-2019_23	2495.3518066
SC2269	MN908947.3	14599	C	T	nCoV-2019_48_RIGHT	nCoV-2019_48	1631.5040283
SC2269	MN908947.3	17977	C	T	nCoV-2019_60_LEFT	nCoV-2019_60	9650.6806641
SC2269	MN908947.3	28093	C	T	nCoV-2019_93_LEFT	nCoV-2019_93	31276.0761719
