sample	contig	position	ref	alt	primer_name	amplicon	depth
SC2200	MN908947.3	19554	C	T	nCoV-2019_65_LEFT	nCoV-2019_65	8780.3730469
SC2200	MN908947.3	25609	C	A	nCoV-2019_85_LEFT	nCoV-2019_85	3631.3974609
SC2200	MN908947.3	25907	G	T	nCoV-2019_86_LEFT	nCoV-2019_86	4520.1870117
