sample	contig	position	ref	alt	primer_name	amplicon	depth
SC2226	MN908947.3	2577	G	A	nCoV-2019_8_RIGHT	nCoV-2019_8	5442.0126953
SC2226	MN908947.3	3773	C	T	nCoV-2019_13_LEFT	nCoV-2019_13	4772.2724609
SC2226	MN908947.3	10084	T	C	nCoV-2019_34_LEFT	nCoV-2019_34	3594.2094727
