sample	contig	position	ref	alt	primer_name	amplicon	depth
SC2224	MN908947.3	322	TG	T	nCoV-2019_2_LEFT	nCoV-2019_2	22517.4492188
SC2224	MN908947.3	1947	T	C	nCoV-2019_6_RIGHT	nCoV-2019_6	3973.9123535
SC2224	MN908947.3	17977	C	T	nCoV-2019_60_LEFT	nCoV-2019_60	22415.9375000
SC2224	MN908947.3	28093	C	T	nCoV-2019_93_LEFT	nCoV-2019_93	42531.3164062
