sample	contig	position	ref	alt	primer_name	amplicon	depth
SC2299	MN908947.3	2894	G	A	nCoV-2019_9_RIGHT	nCoV-2019_9	12068.7265625
SC2299	MN908947.3	9257	G	A	nCoV-2019_30_RIGHT	nCoV-2019_30	6583.3032227
SC2299	MN908947.3	9479	G	T	nCoV-2019_32_LEFT	nCoV-2019_32	603.1256104
SC2299	MN908947.3	10097	G	A	nCoV-2019_34_LEFT	nCoV-2019_34	1752.1727295
SC2299	MN908947.3	11868	C	T	nCoV-2019_40_LEFT	nCoV-2019_40	1711.5589600
SC2299	MN908947.3	27827	G	T	nCoV-2019_91_RIGHT	nCoV-2019_91	141.9402466
SC2299	MN908947.3	28693	T	C	nCoV-2019_95_LEFT	nCoV-2019_95	528.5437012
