sample	contig	position	ref	alt	primer_name	amplicon	depth
SC2223	MN908947.3	322	TG	T	nCoV-2019_2_LEFT	nCoV-2019_2	17865.1855469
SC2223	MN908947.3	1947	T	C	nCoV-2019_6_RIGHT	nCoV-2019_6	4586.7050781
SC2223	MN908947.3	6731	A	G	nCoV-2019_23_LEFT	nCoV-2019_23	3320.4506836
SC2223	MN908947.3	14599	C	T	nCoV-2019_48_RIGHT	nCoV-2019_48	2622.5649414
SC2223	MN908947.3	17977	C	T	nCoV-2019_60_LEFT	nCoV-2019_60	20256.4238281
SC2223	MN908947.3	28093	C	T	nCoV-2019_93_LEFT	nCoV-2019_93	32579.8066406
