sample	contig	position	ref	alt	primer_name	amplicon	depth
SC2298	MN908947.3	322	TG	T	nCoV-2019_2_LEFT	nCoV-2019_2	21765.0351562
SC2298	MN908947.3	25907	G	T	nCoV-2019_86_LEFT	nCoV-2019_86	2339.6206055
