sample	contig	position	ref	alt	primer_name	amplicon	depth
SC2300	MN908947.3	3773	C	T	nCoV-2019_13_LEFT	nCoV-2019_13	2152.4606934
SC2300	MN908947.3	10084	T	C	nCoV-2019_34_LEFT	nCoV-2019_34	6769.8325195
