REGION	POS	REF	ALT	REF_DP	REF_RV	REF_QUAL	ALT_DP	ALT_RV	ALT_QUAL	ALT_FREQ	TOTAL_DP	PVAL	PASS	GFF_FEATURE	REF_CODON	REF_AA	ALT_CODON	ALT_AA
MN908947.3	241	C	T	1	0	77	1149	216	64	0.99913	1150	0	TRUE	NA	NA	NA	NA	NA
MN908947.3	1947	T	C	123	15	38	20284	89	38	0.993924	20408	0	TRUE	cds-QHD43415.1	GTT	V	GCT	A
MN908947.3	3037	C	T	6	1	61	13645	1671	69	0.999341	13654	0	TRUE	cds-QHD43415.1	TTC	F	TTT	F
MN908947.3	6731	A	G	53	22	42	6384	6157	40	0.991766	6437	0	TRUE	cds-QHD43415.1	ATA	I	GTA	V
MN908947.3	8027	G	T	0	0	0	11302	57	39	0.999823	11304	0	TRUE	cds-QHD43415.1	GTT	V	TTT	F
MN908947.3	14408	C	T	0	0	0	1570	245	66	0.999363	1571	0	TRUE	cds-QHD43415.1	CCT	P	CTT	L
MN908947.3	15438	G	T	1	1	38	7830	7635	39	0.999745	7832	0	TRUE	cds-QHD43415.1	ATG	M	ATT	I
MN908947.3	17977	C	T	84	51	37	3847	3737	39	0.978631	3931	0	TRUE	cds-QHD43415.1	CTT	L	TTT	F
MN908947.3	18877	C	T	6	5	37	12820	12726	37	0.999454	12827	0	TRUE	cds-QHD43415.1	CTA	L	TTA	L
MN908947.3	18981	C	T	15	13	32	5643	37	38	0.997173	5659	0	TRUE	cds-QHD43415.1	CAC	H	CAT	H
MN908947.3	21575	C	T	3	1	39	4577	1117	58	0.999345	4580	0	TRUE	cds-QHD43416.1	CTT	L	TTT	F
MN908947.3	21785	G	C	1	0	35	13914	81	39	0.999641	13919	0	TRUE	cds-QHD43416.1	GGT	G	CGT	R
MN908947.3	21928	C	T	3	3	39	14359	14239	39	0.999652	14364	0	TRUE	cds-QHD43416.1	AAC	N	AAT	N
MN908947.3	22444	C	T	1	0	78	6257	422	68	0.99968	6259	0	TRUE	cds-QHD43416.1	GAC	D	GAT	D
MN908947.3	23255	T	A	2	0	39	10068	131	38	0.999603	10072	0	TRUE	cds-QHD43416.1	TTT	F	ATT	I
MN908947.3	23403	A	G	6	6	36	10219	9737	39	0.999413	10225	0	TRUE	cds-QHD43416.1	GAT	D	GGT	G
MN908947.3	25207	C	T	2	1	32	1999	271	67	0.999	2001	0	TRUE	cds-QHD43416.1	TAC	Y	TAT	Y
MN908947.3	25563	G	T	1	1	40	5639	5522	38	0.999468	5642	0	TRUE	cds-QHD43417.1	CAG	Q	CAT	H
MN908947.3	26735	C	T	0	0	0	1363	676	50	1	1363	0	TRUE	cds-QHD43419.1	TAC	Y	TAT	Y
MN908947.3	28093	C	T	28	16	42	424	369	39	0.938053	452	1.70448e-228	TRUE	cds-QHD43422.1	TCT	S	TTT	F
MN908947.3	28854	C	T	0	0	0	245	83	50	1	245	1.62277e-171	TRUE	cds-QHD43423.2	TCA	S	TTA	L
MN908947.3	29555	C	T	128	39	37	2066	920	39	0.941659	2194	0	TRUE	NA	NA	NA	NA	NA
