{
  "MN908947": {
    "average": 13880.8,
    "deletion_coverage_propagation_cutoff": 229.0,
    "deletion_coverage_seed_cutoff": 0.0,
    "dispersion": 8807.891,
    "nbinom_dispersion": 2592.07699897093,
    "nbinom_mean_parameter": 7080.263,
    "nbinom_prob_parameter": 0.000385791008676443,
    "nbinom_size_parameter": 2.732556,
    "nbinom_variance": 18352586.8689649,
    "variance": 122260598.0
  }
}