{
  "MN908947": {
    "average": 13603.98,
    "deletion_coverage_propagation_cutoff": 244.0,
    "deletion_coverage_seed_cutoff": 0.0,
    "dispersion": 6966.496,
    "nbinom_dispersion": 92721.2893820227,
    "nbinom_mean_parameter": 124420.8,
    "nbinom_prob_parameter": 1.07850096419592e-05,
    "nbinom_size_parameter": 1.341894,
    "nbinom_variance": 11536457001.9428,
    "variance": 94772079.0
  }
}