{
  "MN908947": {
    "average": 11607.26,
    "deletion_coverage_propagation_cutoff": 307.0,
    "deletion_coverage_seed_cutoff": 0.0,
    "dispersion": 5111.644,
    "nbinom_dispersion": 5387.53912987818,
    "nbinom_mean_parameter": 13127.82,
    "nbinom_prob_parameter": 0.000185613501061033,
    "nbinom_size_parameter": 2.437153,
    "nbinom_variance": 70726643.9399974,
    "variance": 59332190.0
  }
}