{
  "MN908947": {
    "average": 18574.08,
    "deletion_coverage_propagation_cutoff": 4.0,
    "deletion_coverage_seed_cutoff": 0.0,
    "dispersion": 9531.294,
    "nbinom_dispersion": 84912.6604940322,
    "nbinom_mean_parameter": 51885.89,
    "nbinom_prob_parameter": 1.17768068292982e-05,
    "nbinom_size_parameter": 0.6110573,
    "nbinom_variance": 4405768962.0007,
    "variance": 177034989.0
  }
}