{
  "MN908947": {
    "average": 9942.48,
    "deletion_coverage_propagation_cutoff": 224.0,
    "deletion_coverage_seed_cutoff": 0.0,
    "dispersion": 8568.021,
    "nbinom_dispersion": 22311.0825048607,
    "nbinom_mean_parameter": 37465.21,
    "nbinom_prob_parameter": 4.48207745985494e-05,
    "nbinom_size_parameter": 1.679295,
    "nbinom_variance": 835889391.371931,
    "variance": 85187377.0
  }
}