REGION	POS	REF	ALT	REF_DP	REF_RV	REF_QUAL	ALT_DP	ALT_RV	ALT_QUAL	ALT_FREQ	TOTAL_DP	PVAL	PASS	GFF_FEATURE	REF_CODON	REF_AA	ALT_CODON	ALT_AA
MN908947.3	241	C	T	0	0	0	93	12	64	1	93	6.68213e-72	TRUE	NA	NA	NA	NA	NA
MN908947.3	322	T	-G	171	83	33	103	0	20	0.512438	201	1.88755e-26	TRUE	NA	NA	NA	NA	NA
MN908947.3	1059	C	T	3	0	39	4799	52	39	0.999375	4802	0	TRUE	cds-QHD43415.1	ACC	T	ATC	I
MN908947.3	3037	C	T	0	0	0	6011	721	70	1	6011	0	TRUE	cds-QHD43415.1	TTC	F	TTT	F
MN908947.3	3606	G	T	0	0	0	4553	134	65	1	4553	0	TRUE	cds-QHD43415.1	TGT	C	TTT	F
MN908947.3	4551	C	T	0	0	0	1698	1679	38	1	1698	0	TRUE	cds-QHD43415.1	ACA	T	ATA	I
MN908947.3	8083	G	A	26	0	38	5758	35	38	0.995333	5785	0	TRUE	cds-QHD43415.1	ATG	M	ATA	I
MN908947.3	10319	C	T	4	2	47	7225	1556	66	0.999447	7229	0	TRUE	cds-QHD43415.1	CTT	L	TTT	F
MN908947.3	11417	G	T	0	0	0	1431	16	39	0.998604	1433	0	TRUE	cds-QHD43415.1	GTT	V	TTT	F
MN908947.3	14408	C	T	0	0	0	1304	125	69	0.999234	1305	0	TRUE	cds-QHD43415.1	CCT	P	CTT	L
MN908947.3	14805	C	T	4	4	38	6606	6489	39	0.999395	6610	0	TRUE	cds-QHD43415.1	TAC	Y	TAT	Y
MN908947.3	17822	C	T	3	1	51	971	38	68	0.99692	974	0	TRUE	cds-QHD43415.1	CCA	P	CTA	L
MN908947.3	18424	A	G	1	0	40	4905	234	62	0.999389	4908	0	TRUE	cds-QHD43415.1	AAT	N	GAT	D
MN908947.3	19512	C	T	0	0	0	1766	1755	39	1	1766	0	TRUE	cds-QHD43415.1	TAC	Y	TAT	Y
MN908947.3	19554	C	T	4	3	35	1786	1777	39	0.997765	1790	0	TRUE	cds-QHD43415.1	GGC	G	GGT	G
MN908947.3	21304	C	T	2	1	57	5547	1078	67	0.99964	5549	0	TRUE	cds-QHD43415.1	CGC	R	TGC	C
MN908947.3	22155	A	G	1	0	71	4227	350	70	0.999527	4229	0	TRUE	cds-QHD43416.1	GAT	D	GGT	G
MN908947.3	23403	A	G	2	2	32	8330	8060	39	0.9994	8335	0	TRUE	cds-QHD43416.1	GAT	D	GGT	G
MN908947.3	23599	T	G	0	0	0	2498	119	62	0.9996	2499	0	TRUE	cds-QHD43416.1	AAT	N	AAG	K
MN908947.3	25563	G	T	0	0	0	5124	4992	38	0.99961	5126	0	TRUE	cds-QHD43417.1	CAG	Q	CAT	H
MN908947.3	25609	C	A	95	87	38	5086	5075	38	0.981285	5183	0	TRUE	cds-QHD43417.1	CTC	L	ATC	I
MN908947.3	25907	G	T	5	4	38	668	568	38	0.992571	673	0	TRUE	cds-QHD43417.1	GGT	G	GTT	V
MN908947.3	27964	C	T	2	0	54	4121	257	69	0.999515	4123	0	TRUE	cds-QHD43422.1	TCA	S	TTA	L
MN908947.3	28472	C	T	1	0	30	1803	16	38	0.999446	1804	0	TRUE	cds-QHD43423.2	CCT	P	TCT	S
MN908947.3	28869	C	T	1	0	25	6454	1387	59	0.999845	6455	0	TRUE	cds-QHD43423.2	CCA	P	CTA	L
MN908947.3	28907	G	T	0	0	0	6428	1912	58	0.999689	6430	0	TRUE	cds-QHD43423.2	GGC	G	TGC	C
