{
  "MN908947": {
    "average": 11433.09,
    "deletion_coverage_propagation_cutoff": 315.0,
    "deletion_coverage_seed_cutoff": 0.0,
    "dispersion": 5800.952,
    "nbinom_dispersion": 2558.15179576189,
    "nbinom_mean_parameter": 7666.919,
    "nbinom_prob_parameter": 0.00039090721733429,
    "nbinom_size_parameter": 2.998226,
    "nbinom_variance": 19613142.607811,
    "variance": 66322787.0
  }
}