{
  "MN908947": {
    "average": 12149.34,
    "deletion_coverage_propagation_cutoff": 17.0,
    "deletion_coverage_seed_cutoff": 0.0,
    "dispersion": 6041.506,
    "nbinom_dispersion": 57181.3288771433,
    "nbinom_mean_parameter": 57639.83,
    "nbinom_prob_parameter": 1.74882259583114e-05,
    "nbinom_size_parameter": 1.008036,
    "nbinom_variance": 3295922075.65263,
    "variance": 73400291.0
  }
}