{
  "MN908947": {
    "average": 10245.62,
    "deletion_coverage_propagation_cutoff": 2.0,
    "deletion_coverage_seed_cutoff": 0.0,
    "dispersion": 12742.22,
    "nbinom_dispersion": 64475.1497965483,
    "nbinom_mean_parameter": 51437.87,
    "nbinom_prob_parameter": 1.55098515188488e-05,
    "nbinom_size_parameter": 0.7978061,
    "nbinom_variance": 3316464373.46538,
    "variance": 130552009.0
  }
}