{
  "MN908947": {
    "average": 1740.985,
    "deletion_coverage_propagation_cutoff": 1.0,
    "deletion_coverage_seed_cutoff": 0.0,
    "dispersion": 1283.607,
    "nbinom_dispersion": 27336.5143062486,
    "nbinom_mean_parameter": 19047.78,
    "nbinom_prob_parameter": 3.65811086518599e-05,
    "nbinom_size_parameter": 0.6968144,
    "nbinom_variance": 520699910.472275,
    "variance": 2234740.0
  }
}