REGION	POS	REF	ALT	REF_DP	REF_RV	REF_QUAL	ALT_DP	ALT_RV	ALT_QUAL	ALT_FREQ	TOTAL_DP	PVAL	PASS	GFF_FEATURE	REF_CODON	REF_AA	ALT_CODON	ALT_AA
MN908947.3	241	C	T	0	0	0	98	21	62	1	98	7.42271e-75	TRUE	NA	NA	NA	NA	NA
MN908947.3	322	T	-G	182	95	33	105	0	20	0.481651	218	1.32145e-27	TRUE	NA	NA	NA	NA	NA
MN908947.3	1947	T	C	39	2	38	4157	23	38	0.990705	4196	0	TRUE	cds-QHD43415.1	GTT	V	GCT	A
MN908947.3	3037	C	T	4	0	69	11681	1685	68	0.999572	11686	0	TRUE	cds-QHD43415.1	TTC	F	TTT	F
MN908947.3	3051	A	G	6	0	69	11666	2423	66	0.999229	11675	0	TRUE	cds-QHD43415.1	GAG	E	GGG	G
MN908947.3	3431	G	T	2	2	39	8730	8699	38	0.999656	8733	0	TRUE	cds-QHD43415.1	GTG	V	TTG	L
MN908947.3	4683	C	T	79	1	39	4380	17	39	0.982283	4459	0	TRUE	cds-QHD43415.1	GCT	A	GTT	V
MN908947.3	5653	T	C	1	0	40	4533	10	38	0.999779	4534	0	TRUE	cds-QHD43415.1	TAT	Y	TAC	Y
MN908947.3	7482	C	T	2363	280	66	8877	1168	66	0.789769	11240	0	TRUE	cds-QHD43415.1	TCA	S	TTA	L
MN908947.3	14408	C	T	0	0	0	1893	165	68	1	1893	0	TRUE	cds-QHD43415.1	CCT	P	CTT	L
MN908947.3	17058	G	T	1	1	30	6310	6292	38	0.999525	6313	0	TRUE	cds-QHD43415.1	ATG	M	ATT	I
MN908947.3	17331	G	T	2	2	37	12113	12032	39	0.999752	12116	0	TRUE	cds-QHD43415.1	GAG	E	GAT	D
MN908947.3	18877	C	T	3	3	38	11764	11721	37	0.99966	11768	0	TRUE	cds-QHD43415.1	CTA	L	TTA	L
MN908947.3	21614	C	T	0	0	0	6261	5164	39	1	6261	0	TRUE	cds-QHD43416.1	CTT	L	TTT	F
MN908947.3	22444	C	T	5	2	62	2467	173	67	0.997977	2472	0	TRUE	cds-QHD43416.1	GAC	D	GAT	D
MN908947.3	22484	G	T	1	0	36	2456	282	67	0.999186	2458	0	TRUE	cds-QHD43416.1	GTA	V	TTA	L
MN908947.3	23403	A	G	5	5	37	16858	16460	38	0.999111	16873	0	TRUE	cds-QHD43416.1	GAT	D	GGT	G
MN908947.3	23626	T	C	9	1	72	6336	814	66	0.998267	6347	0	TRUE	cds-QHD43416.1	GCT	A	GCC	A
MN908947.3	25563	G	T	0	0	0	8171	8084	38	0.999511	8175	0	TRUE	cds-QHD43417.1	CAG	Q	CAT	H
MN908947.3	26589	G	T	18	14	37	5597	74	38	0.996617	5616	0	TRUE	cds-QHD43419.1	GTA	V	TTA	L
MN908947.3	26735	C	T	0	0	0	5758	972	66	1	5758	0	TRUE	cds-QHD43419.1	TAC	Y	TAT	Y
MN908947.3	26840	G	A	36	33	38	5664	5630	38	0.993336	5702	0	TRUE	cds-QHD43419.1	ACG	T	ACA	T
MN908947.3	28139	C	T	9	3	36	20446	8870	39	0.999462	20457	0	TRUE	cds-QHD43422.1	TCC	S	TCT	S
MN908947.3	28854	C	T	2	1	39	13801	3476	54	0.99971	13805	0	TRUE	cds-QHD43423.2	TCA	S	TTA	L
