REGION	POS	REF	ALT	REF_DP	REF_RV	REF_QUAL	ALT_DP	ALT_RV	ALT_QUAL	ALT_FREQ	TOTAL_DP	PVAL	PASS	GFF_FEATURE	REF_CODON	REF_AA	ALT_CODON	ALT_AA
MN908947.3	241	C	T	0	0	0	43	8	63	1	43	1.26474e-32	TRUE	NA	NA	NA	NA	NA
MN908947.3	322	T	-G	88	38	32	54	0	20	0.514286	105	1.84063e-14	TRUE	NA	NA	NA	NA	NA
MN908947.3	1154	A	G	3	1	51	14189	1632	69	0.999789	14192	0	TRUE	cds-QHD43415.1	ATG	M	GTG	V
MN908947.3	3037	C	T	3	0	65	8053	937	70	0.999504	8057	0	TRUE	cds-QHD43415.1	TTC	F	TTT	F
MN908947.3	6262	T	C	30	5	38	2553	55	38	0.988386	2583	0	TRUE	cds-QHD43415.1	AAT	N	AAC	N
MN908947.3	8152	C	T	1	0	79	8825	813	67	0.999887	8826	0	TRUE	cds-QHD43415.1	GTC	V	GTT	V
MN908947.3	10702	C	T	0	0	0	9105	9015	38	1	9105	0	TRUE	cds-QHD43415.1	GAC	D	GAT	D
MN908947.3	12121	A	G	22	14	39	9286	9235	38	0.997529	9309	0	TRUE	cds-QHD43415.1	CCA	P	CCG	P
MN908947.3	14408	C	T	0	0	0	1399	82	70	1	1399	0	TRUE	cds-QHD43415.1	CCT	P	CTT	L
MN908947.3	18877	C	T	2	2	37	14040	14020	37	0.999858	14042	0	TRUE	cds-QHD43415.1	CTA	L	TTA	L
MN908947.3	23403	A	G	2	2	38	13137	12739	38	0.999467	13144	0	TRUE	cds-QHD43416.1	GAT	D	GGT	G
MN908947.3	23587	G	T	0	0	0	6307	5	39	0.999841	6308	0	TRUE	cds-QHD43416.1	CAG	Q	CAT	H
MN908947.3	25563	G	T	0	0	0	14469	14397	38	0.999655	14474	0	TRUE	cds-QHD43417.1	CAG	Q	CAT	H
MN908947.3	25677	G	T	1	0	34	524	1	39	0.994307	527	0	TRUE	cds-QHD43417.1	TTG	L	TTT	F
MN908947.3	26681	C	T	1	0	39	7771	244	66	0.999743	7773	0	TRUE	cds-QHD43419.1	TTC	F	TTT	F
MN908947.3	28272	A	G	3	0	46	15678	2190	63	0.999681	15683	0	TRUE	NA	NA	NA	NA	NA
MN908947.3	28975	G	T	2	1	39	8876	7803	38	0.999775	8878	0	TRUE	cds-QHD43423.2	ATG	M	ATT	I
MN908947.3	29474	G	T	2	1	39	4418	306	66	0.999321	4421	0	TRUE	cds-QHD43423.2	GAT	D	TAT	Y
