REGION	POS	REF	ALT	REF_DP	REF_RV	REF_QUAL	ALT_DP	ALT_RV	ALT_QUAL	ALT_FREQ	TOTAL_DP	PVAL	PASS	GFF_FEATURE	REF_CODON	REF_AA	ALT_CODON	ALT_AA
MN908947.3	241	C	T	2	0	75	179	23	66	0.98895	181	4.69234e-138	TRUE	NA	NA	NA	NA	NA
MN908947.3	322	T	-G	277	176	34	118	0	20	0.363077	325	8.02616e-31	TRUE	NA	NA	NA	NA	NA
MN908947.3	1154	A	G	3	0	78	9326	1106	69	0.999678	9329	0	TRUE	cds-QHD43415.1	ATG	M	GTG	V
MN908947.3	3037	C	T	4	1	67	12513	1505	70	0.99968	12517	0	TRUE	cds-QHD43415.1	TTC	F	TTT	F
MN908947.3	8152	C	T	4	0	56	9875	826	68	0.999595	9879	0	TRUE	cds-QHD43415.1	GTC	V	GTT	V
MN908947.3	10702	C	T	0	0	0	8095	7647	38	1	8095	0	TRUE	cds-QHD43415.1	GAC	D	GAT	D
MN908947.3	12081	C	T	5	2	55	10389	1638	67	0.999231	10397	0	TRUE	cds-QHD43415.1	GCA	A	GTA	V
MN908947.3	12121	A	G	30	19	38	10092	10032	38	0.996839	10124	0	TRUE	cds-QHD43415.1	CCA	P	CCG	P
MN908947.3	13863	A	G	4	4	38	26149	26001	39	0.99958	26160	0	TRUE	cds-QHD43415.1	ACA	T	ACG	T
MN908947.3	14408	C	T	0	0	0	2370	178	71	1	2370	0	TRUE	cds-QHD43415.1	CCT	P	CTT	L
MN908947.3	16679	C	T	926	912	38	7007	6896	38	0.883161	7934	0	TRUE	cds-QHD43415.1	TCT	S	TTT	F
MN908947.3	18877	C	T	1	1	31	12381	12346	37	0.999919	12382	0	TRUE	cds-QHD43415.1	CTA	L	TTA	L
MN908947.3	23403	A	G	3	3	36	14302	14047	38	0.999581	14308	0	TRUE	cds-QHD43416.1	GAT	D	GGT	G
MN908947.3	23587	G	T	0	0	0	7511	19	38	0.999867	7512	0	TRUE	cds-QHD43416.1	CAG	Q	CAT	H
MN908947.3	25563	G	T	3	3	34	11724	11645	38	0.999233	11733	0	TRUE	cds-QHD43417.1	CAG	Q	CAT	H
MN908947.3	25677	G	T	1	0	40	1909	4	39	0.999476	1910	0	TRUE	cds-QHD43417.1	TTG	L	TTT	F
MN908947.3	28272	A	G	2	1	38	18739	4154	57	0.99984	18742	0	TRUE	NA	NA	NA	NA	NA
MN908947.3	28975	G	T	0	0	0	12706	11437	38	0.999607	12711	0	TRUE	cds-QHD43423.2	ATG	M	ATT	I
MN908947.3	29474	G	T	1	0	27	8334	583	66	0.99988	8335	0	TRUE	cds-QHD43423.2	GAT	D	TAT	Y
