REGION	POS	REF	ALT	REF_DP	REF_RV	REF_QUAL	ALT_DP	ALT_RV	ALT_QUAL	ALT_FREQ	TOTAL_DP	PVAL	PASS	GFF_FEATURE	REF_CODON	REF_AA	ALT_CODON	ALT_AA
MN908947.3	241	C	T	0	0	0	541	77	64	1	541	0	TRUE	NA	NA	NA	NA	NA
MN908947.3	1059	C	T	0	0	0	1967	42	39	1	1967	0	TRUE	cds-QHD43415.1	ACC	T	ATC	I
MN908947.3	3037	C	T	6	0	68	6640	762	70	0.999097	6646	0	TRUE	cds-QHD43415.1	TTC	F	TTT	F
MN908947.3	3773	C	T	8	5	42	7001	6944	39	0.998859	7009	0	TRUE	cds-QHD43415.1	CGC	R	TGC	C
MN908947.3	10084	T	C	229	206	38	3226	3126	38	0.933719	3455	0	TRUE	cds-QHD43415.1	TCT	S	TCC	S
MN908947.3	14191	T	C	8	8	36	8338	8270	38	0.999041	8346	0	TRUE	cds-QHD43415.1	TTA	L	CTA	L
MN908947.3	14408	C	T	0	0	0	814	112	66	1	814	0	TRUE	cds-QHD43415.1	CCT	P	CTT	L
MN908947.3	16173	C	T	9	9	33	12690	9363	39	0.999134	12701	0	TRUE	cds-QHD43415.1	AAC	N	AAT	N
MN908947.3	16260	C	T	0	0	0	3186	41	41	1	3186	0	TRUE	cds-QHD43415.1	TGC	C	TGT	C
MN908947.3	21137	A	G	2	0	34	4106	1242	38	0.999513	4108	0	TRUE	cds-QHD43415.1	AAG	K	AGG	R
MN908947.3	22450	C	T	3	1	39	2381	161	69	0.998742	2384	0	TRUE	cds-QHD43416.1	CTC	L	CTT	L
MN908947.3	23403	A	G	1	1	31	7837	7583	39	0.99949	7841	0	TRUE	cds-QHD43416.1	GAT	D	GGT	G
MN908947.3	24237	C	T	2278	155	66	921	424	39	0.287902	3199	0	TRUE	cds-QHD43416.1	GCT	A	GTT	V
MN908947.3	24253	A	T	0	0	0	3235	625	60	0.996304	3247	0	TRUE	cds-QHD43416.1	CCA	P	CCT	P
MN908947.3	25563	G	T	0	0	0	2650	2571	38	1	2650	0	TRUE	cds-QHD43417.1	CAG	Q	CAT	H
MN908947.3	26681	C	T	3	0	76	1171	227	58	0.996596	1175	0	TRUE	cds-QHD43419.1	TTC	F	TTT	F
MN908947.3	28000	C	T	0	0	0	1786	264	66	1	1786	0	TRUE	cds-QHD43422.1	CCG	P	CTG	L
MN908947.3	28821	C	A	1	1	31	455	130	50	0.997807	456	6.71781e-312	TRUE	cds-QHD43423.2	TCT	S	TAT	Y
