REGION	POS	REF	ALT	REF_DP	REF_RV	REF_QUAL	ALT_DP	ALT_RV	ALT_QUAL	ALT_FREQ	TOTAL_DP	PVAL	PASS	GFF_FEATURE	REF_CODON	REF_AA	ALT_CODON	ALT_AA
MN908947.3	322	T	-G	64	3	28	72	0	20	0.888889	81	1.59728e-19	TRUE	NA	NA	NA	NA	NA
MN908947.3	679	C	T	7592	3845	38	3470	3449	38	0.31363	11064	0	TRUE	cds-QHD43415.1	GCC	A	GCT	A
MN908947.3	841	C	A	3756	602	65	1457	695	38	0.279386	5215	0	TRUE	cds-QHD43415.1	GGC	G	GGA	G
MN908947.3	1059	C	T	2	0	39	21217	113	39	0.999906	21219	0	TRUE	cds-QHD43415.1	ACC	T	ATC	I
MN908947.3	1528	C	T	0	0	0	6359	6247	38	1	6359	0	TRUE	cds-QHD43415.1	GCC	A	GCT	A
MN908947.3	3037	C	T	6	2	51	6147	763	70	0.998538	6156	0	TRUE	cds-QHD43415.1	TTC	F	TTT	F
MN908947.3	3773	C	T	3	3	38	493	492	38	0.993952	496	2.48632e-291	TRUE	cds-QHD43415.1	CGC	R	TGC	C
MN908947.3	6463	G	C	2	2	33	731	711	38	0.997271	733	0	TRUE	cds-QHD43415.1	GTG	V	GTC	V
MN908947.3	9148	T	C	5	5	37	10725	10671	39	0.999441	10731	0	TRUE	cds-QHD43415.1	ATT	I	ATC	I
MN908947.3	9272	A	T	7	4	39	3	3	35	0.3	10	0.123839	FALSE	cds-QHD43415.1	AGA	R	TGA	*
MN908947.3	9561	C	T	2	0	37	97	1	38	0.979798	99	1.13773e-55	TRUE	cds-QHD43415.1	TCA	S	TTA	L
MN908947.3	10615	C	T	3	3	34	6392	6020	40	0.999531	6395	0	TRUE	cds-QHD43415.1	GAC	D	GAT	D
MN908947.3	14191	T	C	7	7	37	12133	12060	38	0.999259	12142	0	TRUE	cds-QHD43415.1	TTA	L	CTA	L
MN908947.3	14408	C	T	0	0	0	1687	134	70	1	1687	0	TRUE	cds-QHD43415.1	CCT	P	CTT	L
MN908947.3	16173	C	T	3	3	34	9632	9461	38	0.999689	9635	0	TRUE	cds-QHD43415.1	AAC	N	AAT	N
MN908947.3	16260	C	T	0	0	0	155	8	49	1	155	5.60855e-104	TRUE	cds-QHD43415.1	TGC	C	TGT	C
MN908947.3	17518	C	T	2	1	32	3936	165	64	0.999492	3938	0	TRUE	cds-QHD43415.1	CTT	L	TTT	F
MN908947.3	21789	C	T	4	0	48	4249	117	55	0.998825	4254	0	TRUE	cds-QHD43416.1	ACT	T	ATT	I
MN908947.3	23403	A	G	2	2	39	8565	8475	38	0.99965	8568	0	TRUE	cds-QHD43416.1	GAT	D	GGT	G
MN908947.3	24253	A	T	2	0	54	1866	246	65	0.998395	1869	0	TRUE	cds-QHD43416.1	CCA	P	CCT	P
MN908947.3	25563	G	T	1	1	39	29702	29432	38	0.999731	29710	0	TRUE	cds-QHD43417.1	CAG	Q	CAT	H
MN908947.3	28821	C	A	1	0	30	4912	793	55	0.999593	4914	0	TRUE	cds-QHD43423.2	TCT	S	TAT	Y
MN908947.3	29546	C	T	2	0	38	5809	4962	38	0.998796	5816	0	TRUE	NA	NA	NA	NA	NA
