{
  "MN908947": {
    "average": 4880.968,
    "deletion_coverage_propagation_cutoff": 139.0,
    "deletion_coverage_seed_cutoff": 0.0,
    "dispersion": 3224.76,
    "nbinom_dispersion": 903.07723640062,
    "nbinom_mean_parameter": 2895.004,
    "nbinom_prob_parameter": 0.00110732499911711,
    "nbinom_size_parameter": 3.209264,
    "nbinom_variance": 2614412.21168874,
    "variance": 15739951.0
  }
}