REGION	POS	REF	ALT	REF_DP	REF_RV	REF_QUAL	ALT_DP	ALT_RV	ALT_QUAL	ALT_FREQ	TOTAL_DP	PVAL	PASS	GFF_FEATURE	REF_CODON	REF_AA	ALT_CODON	ALT_AA
MN908947.3	241	C	T	0	0	0	27	9	57	1	27	8.94034e-20	TRUE	NA	NA	NA	NA	NA
MN908947.3	322	T	-G	139	29	29	122	0	20	0.730539	167	1.88445e-31	TRUE	NA	NA	NA	NA	NA
MN908947.3	1059	C	T	1	0	37	6184	62	39	0.999838	6185	0	TRUE	cds-QHD43415.1	ACC	T	ATC	I
MN908947.3	3037	C	T	2	0	78	9804	1715	66	0.999592	9808	0	TRUE	cds-QHD43415.1	TTC	F	TTT	F
MN908947.3	3604	C	T	0	0	0	1894	66	50	1	1894	0	TRUE	cds-QHD43415.1	CAC	H	CAT	H
MN908947.3	10319	C	T	4	1	44	20524	5316	63	0.999756	20529	0	TRUE	cds-QHD43415.1	CTT	L	TTT	F
MN908947.3	14408	C	T	0	0	0	1308	150	65	1	1308	0	TRUE	cds-QHD43415.1	CCT	P	CTT	L
MN908947.3	16659	T	G	0	0	0	13275	3710	62	0.999774	13278	0	TRUE	cds-QHD43415.1	ACT	T	ACG	T
MN908947.3	18424	A	G	2	1	39	3080	305	56	0.999351	3082	0	TRUE	cds-QHD43415.1	AAT	N	GAT	D
MN908947.3	18859	G	T	1	1	39	17296	17187	38	0.999769	17300	0	TRUE	cds-QHD43415.1	GCA	A	TCA	S
MN908947.3	19269	C	T	3	3	39	7130	4079	38	0.999439	7134	0	TRUE	cds-QHD43415.1	AAC	N	AAT	N
MN908947.3	19590	T	C	0	0	0	8730	3013	38	0.999428	8735	0	TRUE	cds-QHD43415.1	TAT	Y	TAC	Y
MN908947.3	21304	C	T	3	2	46	11866	2969	64	0.999747	11869	0	TRUE	cds-QHD43415.1	CGC	R	TGC	C
MN908947.3	23403	A	G	3	3	37	9845	9594	38	0.998175	9863	0	TRUE	cds-QHD43416.1	GAT	D	GGT	G
MN908947.3	25563	G	T	0	0	0	13335	13119	38	0.999925	13336	0	TRUE	cds-QHD43417.1	CAG	Q	CAT	H
MN908947.3	25907	G	T	5	1	39	450	420	38	0.986842	456	3.25031e-264	TRUE	cds-QHD43417.1	GGT	G	GTT	V
MN908947.3	27964	C	T	1	0	40	9065	589	67	0.99989	9066	0	TRUE	cds-QHD43422.1	TCA	S	TTA	L
MN908947.3	28472	C	T	1	0	40	3816	17	38	0.999476	3818	0	TRUE	cds-QHD43423.2	CCT	P	TCT	S
MN908947.3	28869	C	T	2	1	39	11384	3010	55	0.999824	11386	0	TRUE	cds-QHD43423.2	CCA	P	CTA	L
MN908947.3	29585	C	T	13	11	38	12661	10289	38	0.998974	12674	0	TRUE	cds-QHI42199.1	CCG	P	TCG	S
