REGION	POS	REF	ALT	REF_DP	REF_RV	REF_QUAL	ALT_DP	ALT_RV	ALT_QUAL	ALT_FREQ	TOTAL_DP	PVAL	PASS	GFF_FEATURE	REF_CODON	REF_AA	ALT_CODON	ALT_AA
MN908947.3	241	C	T	0	0	0	1077	214	65	1	1077	0	TRUE	NA	NA	NA	NA	NA
MN908947.3	1947	T	C	128	14	37	18795	167	38	0.993131	18925	0	TRUE	cds-QHD43415.1	GTT	V	GCT	A
MN908947.3	3037	C	T	1	0	79	7328	830	69	0.999864	7329	0	TRUE	cds-QHD43415.1	TTC	F	TTT	F
MN908947.3	6731	A	G	54	23	41	4252	3956	40	0.98723	4307	0	TRUE	cds-QHD43415.1	ATA	I	GTA	V
MN908947.3	6894	G	T	2	1	58	3563	233	70	0.998599	3568	0	TRUE	cds-QHD43415.1	TGT	C	TTT	F
MN908947.3	8027	G	T	0	0	0	9416	74	39	1	9416	0	TRUE	cds-QHD43415.1	GTT	V	TTT	F
MN908947.3	14408	C	T	1	0	48	846	196	60	0.998819	847	0	TRUE	cds-QHD43415.1	CCT	P	CTT	L
MN908947.3	15438	G	T	3	3	38	6880	6614	39	0.999274	6885	0	TRUE	cds-QHD43415.1	ATG	M	ATT	I
MN908947.3	17977	C	T	107	58	37	2877	2767	39	0.963819	2985	0	TRUE	cds-QHD43415.1	CTT	L	TTT	F
MN908947.3	18877	C	T	0	0	0	8917	8820	37	1	8917	0	TRUE	cds-QHD43415.1	CTA	L	TTA	L
MN908947.3	18981	C	T	8	5	35	5987	63	38	0.998499	5996	0	TRUE	cds-QHD43415.1	CAC	H	CAT	H
MN908947.3	21785	G	C	2	0	39	10844	91	39	0.999539	10849	0	TRUE	cds-QHD43416.1	GGT	G	CGT	R
MN908947.3	21928	C	T	2	2	38	11238	11075	39	0.999822	11240	0	TRUE	cds-QHD43416.1	AAC	N	AAT	N
MN908947.3	22444	C	T	7	3	47	4862	338	68	0.998562	4869	0	TRUE	cds-QHD43416.1	GAC	D	GAT	D
MN908947.3	23403	A	G	2	1	30	12397	11953	39	0.999355	12405	0	TRUE	cds-QHD43416.1	GAT	D	GGT	G
MN908947.3	25207	C	T	4	4	36	2085	313	66	0.997608	2090	0	TRUE	cds-QHD43416.1	TAC	Y	TAT	Y
MN908947.3	25563	G	T	2	1	34	3007	2884	38	0.999335	3009	0	TRUE	cds-QHD43417.1	CAG	Q	CAT	H
MN908947.3	26735	C	T	2	1	37	968	545	46	0.997938	970	0	TRUE	cds-QHD43419.1	TAC	Y	TAT	Y
MN908947.3	27478	G	T	1	1	37	809	533	38	0.997534	811	0	TRUE	cds-QHD43421.1	GTA	V	TTA	L
MN908947.3	28087	C	T	29	22	38	661	554	39	0.957971	690	0	TRUE	cds-QHD43422.1	GCT	A	GTT	V
MN908947.3	28093	C	T	28	22	38	656	552	38	0.959064	684	0	TRUE	cds-QHD43422.1	TCT	S	TTT	F
MN908947.3	28854	C	T	1	0	80	600	148	54	0.995025	603	0	TRUE	cds-QHD43423.2	TCA	S	TTA	L
MN908947.3	29555	C	T	134	73	38	2182	1471	39	0.942142	2316	0	TRUE	NA	NA	NA	NA	NA
