{
  "MN908947": {
    "average": 16448.23,
    "deletion_coverage_propagation_cutoff": 1066.0,
    "deletion_coverage_seed_cutoff": 0.0,
    "dispersion": 9639.09,
    "nbinom_dispersion": 1547.06534587319,
    "nbinom_mean_parameter": 8414.439,
    "nbinom_prob_parameter": 0.000646385107563496,
    "nbinom_size_parameter": 5.442486,
    "nbinom_variance": 13017686.9818639,
    "variance": 158545990.0
  }
}