{
  "MN908947": {
    "average": 5711.139,
    "deletion_coverage_propagation_cutoff": 34.0,
    "deletion_coverage_seed_cutoff": 0.0,
    "dispersion": 16896.75,
    "nbinom_dispersion": 1731.98736179801,
    "nbinom_mean_parameter": 3339.336,
    "nbinom_prob_parameter": 0.000577371418554624,
    "nbinom_size_parameter": 1.929151,
    "nbinom_variance": 5783687.74879713,
    "variance": 96499662.0
  }
}