{
  "MN908947": {
    "average": 2.541416,
    "deletion_coverage_propagation_cutoff": -1.0,
    "deletion_coverage_seed_cutoff": 0.0,
    "dispersion": 18.48544,
    "nbinom_dispersion": 1.00002055474779,
    "nbinom_mean_parameter": 1.592387,
    "nbinom_prob_parameter": 0.999979445674696,
    "nbinom_size_parameter": 77470.52,
    "nbinom_variance": 1.59241973111317,
    "variance": 46.9792
  }
}