{
  "MN908947": {
    "average": 9827.989,
    "deletion_coverage_propagation_cutoff": 21.0,
    "deletion_coverage_seed_cutoff": 0.0,
    "dispersion": 5532.843,
    "nbinom_dispersion": 13626.5328882564,
    "nbinom_mean_parameter": 16917.23,
    "nbinom_prob_parameter": 7.33862390529158e-05,
    "nbinom_size_parameter": 1.241583,
    "nbinom_variance": 230523190.973197,
    "variance": 54376720.0
  }
}