{
  "MN908947": {
    "average": 1729.258,
    "deletion_coverage_propagation_cutoff": 1.0,
    "deletion_coverage_seed_cutoff": 0.0,
    "dispersion": 7187.491,
    "nbinom_dispersion": 697.764729295574,
    "nbinom_mean_parameter": 644.2047,
    "nbinom_prob_parameter": 0.00143314781905005,
    "nbinom_size_parameter": 0.9245656,
    "nbinom_variance": 449503.318106436,
    "variance": 12429029.0
  }
}