{
  "MN908947": {
    "average": 14703.35,
    "deletion_coverage_propagation_cutoff": 462.0,
    "deletion_coverage_seed_cutoff": 0.0,
    "dispersion": 6164.033,
    "nbinom_dispersion": 5854.90462046503,
    "nbinom_mean_parameter": 15514.58,
    "nbinom_prob_parameter": 0.000170796975326401,
    "nbinom_size_parameter": 2.650296,
    "nbinom_variance": 90836386.1265744,
    "variance": 90631956.0
  }
}