REGION	POS	REF	ALT	REF_DP	REF_RV	REF_QUAL	ALT_DP	ALT_RV	ALT_QUAL	ALT_FREQ	TOTAL_DP	PVAL	PASS	GFF_FEATURE	REF_CODON	REF_AA	ALT_CODON	ALT_AA
MN908947.3	241	C	T	0	0	0	273	32	66	1	273	2.6511e-215	TRUE	NA	NA	NA	NA	NA
MN908947.3	322	T	-G	384	263	35	122	0	20	0.296837	411	1.47787e-29	TRUE	NA	NA	NA	NA	NA
MN908947.3	832	C	T	4	0	42	16522	1497	65	0.999637	16528	0	TRUE	cds-QHD43415.1	AAC	N	AAT	N
MN908947.3	1947	T	C	39	8	37	4670	22	38	0.991718	4709	0	TRUE	cds-QHD43415.1	GTT	V	GCT	A
MN908947.3	3037	C	T	2	0	78	12057	1251	71	0.999668	12061	0	TRUE	cds-QHD43415.1	TTC	F	TTT	F
MN908947.3	3707	T	G	2	1	58	12429	2671	66	0.999759	12432	0	TRUE	cds-QHD43415.1	TTA	L	GTA	V
MN908947.3	6641	G	T	3	2	33	7662	287	72	0.999087	7669	0	TRUE	cds-QHD43415.1	GGT	G	TGT	C
MN908947.3	11208	C	T	3	1	60	9684	1313	69	0.99969	9687	0	TRUE	cds-QHD43415.1	GCT	A	GTT	V
MN908947.3	12641	C	T	2	1	53	10634	989	71	0.999812	10636	0	TRUE	cds-QHD43415.1	CTT	L	TTT	F
MN908947.3	14408	C	T	0	0	0	2052	170	70	1	2052	0	TRUE	cds-QHD43415.1	CCT	P	CTT	L
MN908947.3	15540	C	T	12	0	38	11953	18	39	0.998914	11966	0	TRUE	cds-QHD43415.1	GTC	V	GTT	V
MN908947.3	18877	C	T	4	4	35	12033	12011	37	0.999668	12037	0	TRUE	cds-QHD43415.1	CTA	L	TTA	L
MN908947.3	19009	G	T	1	0	38	9110	13	39	0.999671	9113	0	TRUE	cds-QHD43415.1	GAC	D	TAC	Y
MN908947.3	22444	C	T	3	0	67	3668	165	70	0.998911	3672	0	TRUE	cds-QHD43416.1	GAC	D	GAT	D
MN908947.3	23403	A	G	2	2	33	14841	14458	38	0.999529	14848	0	TRUE	cds-QHD43416.1	GAT	D	GGT	G
MN908947.3	25563	G	T	0	0	0	6121	5938	38	0.99951	6124	0	TRUE	cds-QHD43417.1	CAG	Q	CAT	H
MN908947.3	25595	G	T	4	4	39	6162	6053	38	0.999351	6166	0	TRUE	cds-QHD43417.1	AGA	R	ATA	I
MN908947.3	26735	C	T	2	1	50	6522	721	69	0.999693	6524	0	TRUE	cds-QHD43419.1	TAC	Y	TAT	Y
MN908947.3	26828	G	T	1	1	39	6475	6444	38	0.999074	6481	0	TRUE	cds-QHD43419.1	CTG	L	CTT	L
MN908947.3	28854	C	T	1	0	36	5992	1285	57	0.999833	5993	0	TRUE	cds-QHD43423.2	TCA	S	TTA	L
MN908947.3	29311	C	T	13	7	38	5007	4968	38	0.997013	5022	0	TRUE	cds-QHD43423.2	TTC	F	TTT	F
