REGION	POS	REF	ALT	REF_DP	REF_RV	REF_QUAL	ALT_DP	ALT_RV	ALT_QUAL	ALT_FREQ	TOTAL_DP	PVAL	PASS	GFF_FEATURE	REF_CODON	REF_AA	ALT_CODON	ALT_AA
MN908947.3	241	C	T	0	0	0	848	96	68	1	848	0	TRUE	NA	NA	NA	NA	NA
MN908947.3	1059	C	T	1	0	39	6660	34	39	0.99985	6661	0	TRUE	cds-QHD43415.1	ACC	T	ATC	I
MN908947.3	3037	C	T	4	0	78	12320	1187	71	0.999675	12324	0	TRUE	cds-QHD43415.1	TTC	F	TTT	F
MN908947.3	3773	C	T	15	13	38	14407	14379	38	0.998891	14423	0	TRUE	cds-QHD43415.1	CGC	R	TGC	C
MN908947.3	10084	T	C	341	297	38	7203	7058	38	0.954799	7544	0	TRUE	cds-QHD43415.1	TCT	S	TCC	S
MN908947.3	14191	T	C	3	3	39	17582	17509	38	0.999716	17587	0	TRUE	cds-QHD43415.1	TTA	L	CTA	L
MN908947.3	14408	C	T	0	0	0	2257	192	69	1	2257	0	TRUE	cds-QHD43415.1	CCT	P	CTT	L
MN908947.3	16173	C	T	10	10	36	29606	21380	39	0.999527	29620	0	TRUE	cds-QHD43415.1	AAC	N	AAT	N
MN908947.3	16260	C	T	3	0	49	7926	56	41	0.999622	7929	0	TRUE	cds-QHD43415.1	TGC	C	TGT	C
MN908947.3	18167	C	T	5503	490	70	3062	260	69	0.357418	8567	0	TRUE	cds-QHD43415.1	CCT	P	CTT	L
MN908947.3	23403	A	G	6	6	39	15842	15407	39	0.999306	15853	0	TRUE	cds-QHD43416.1	GAT	D	GGT	G
MN908947.3	24253	A	T	3	1	40	6219	969	63	0.995199	6249	0	TRUE	cds-QHD43416.1	CCA	P	CCT	P
MN908947.3	25563	G	T	0	0	0	6111	5929	38	0.999836	6112	0	TRUE	cds-QHD43417.1	CAG	Q	CAT	H
MN908947.3	26681	C	T	5	0	51	5391	319	66	0.999073	5396	0	TRUE	cds-QHD43419.1	TTC	F	TTT	F
MN908947.3	28821	C	A	2	0	57	4407	480	59	0.99932	4410	0	TRUE	cds-QHD43423.2	TCT	S	TAT	Y
