REGION	POS	REF	ALT	REF_DP	REF_RV	REF_QUAL	ALT_DP	ALT_RV	ALT_QUAL	ALT_FREQ	TOTAL_DP	PVAL	PASS	GFF_FEATURE	REF_CODON	REF_AA	ALT_CODON	ALT_AA
MN908947.3	241	C	T	0	0	0	75	15	61	1	75	3.95291e-56	TRUE	NA	NA	NA	NA	NA
MN908947.3	322	T	-G	185	68	31	131	0	20	0.582222	225	4.54399e-34	TRUE	NA	NA	NA	NA	NA
MN908947.3	1059	C	T	0	0	0	10495	29	39	1	10495	0	TRUE	cds-QHD43415.1	ACC	T	ATC	I
MN908947.3	2485	C	T	3	3	32	4746	4671	38	0.998948	4751	0	TRUE	cds-QHD43415.1	ATC	I	ATT	I
MN908947.3	3037	C	T	4	1	46	11312	1995	66	0.999558	11317	0	TRUE	cds-QHD43415.1	TTC	F	TTT	F
MN908947.3	4832	C	T	1	0	55	5549	338	67	0.99964	5551	0	TRUE	cds-QHD43415.1	CTA	L	TTA	L
MN908947.3	7113	C	T	38	9	37	1986	26	38	0.980741	2025	0	TRUE	cds-QHD43415.1	ACT	T	ATT	I
MN908947.3	10319	C	T	1	0	77	17371	4359	64	0.999942	17372	0	TRUE	cds-QHD43415.1	CTT	L	TTT	F
MN908947.3	14408	C	T	0	0	0	1818	155	68	1	1818	0	TRUE	cds-QHD43415.1	CCT	P	CTT	L
MN908947.3	18424	A	G	3	0	47	9317	543	58	0.999464	9322	0	TRUE	cds-QHD43415.1	AAT	N	GAT	D
MN908947.3	21004	G	T	2	0	78	5863	878	67	0.999318	5867	0	TRUE	cds-QHD43415.1	GCA	A	TCA	S
MN908947.3	21234	C	T	34	3	66	10771	1114	65	0.996669	10807	0	TRUE	cds-QHD43415.1	GCC	A	GCT	A
MN908947.3	21304	C	T	2	0	52	10892	2828	64	0.999816	10894	0	TRUE	cds-QHD43415.1	CGC	R	TGC	C
MN908947.3	21390	A	G	3	3	38	16062	10954	38	0.998943	16079	0	TRUE	cds-QHD43415.1	TTA	L	TTG	L
MN908947.3	23403	A	G	2	2	39	17146	16685	38	0.999825	17149	0	TRUE	cds-QHD43416.1	GAT	D	GGT	G
MN908947.3	25563	G	T	2	2	37	11071	10918	38	0.999549	11076	0	TRUE	cds-QHD43417.1	CAG	Q	CAT	H
MN908947.3	25907	G	T	8	4	39	1663	1586	38	0.994617	1672	0	TRUE	cds-QHD43417.1	GGT	G	GTT	V
MN908947.3	26688	C	T	0	0	0	9454	521	67	1	9454	0	TRUE	cds-QHD43419.1	CTG	L	TTG	L
MN908947.3	27964	C	T	1	0	30	8494	498	68	0.999882	8495	0	TRUE	cds-QHD43422.1	TCA	S	TTA	L
MN908947.3	28116	G	A	22	7	37	19868	8481	38	0.998793	19892	0	TRUE	cds-QHD43422.1	GAT	D	AAT	N
MN908947.3	28472	C	T	2	0	34	3789	23	38	0.998945	3793	0	TRUE	cds-QHD43423.2	CCT	P	TCT	S
MN908947.3	28817	G	T	3	0	32	17181	3479	48	0.999709	17186	0	TRUE	cds-QHD43423.2	GCC	A	TCC	S
MN908947.3	28869	C	T	6	1	47	18190	5169	54	0.99967	18196	0	TRUE	cds-QHD43423.2	CCA	P	CTA	L
