{
  "MN908947": {
    "average": 13491.27,
    "deletion_coverage_propagation_cutoff": 185.0,
    "deletion_coverage_seed_cutoff": 0.0,
    "dispersion": 7082.123,
    "nbinom_dispersion": 57802.9285437045,
    "nbinom_mean_parameter": 79970.76,
    "nbinom_prob_parameter": 1.73001615176626e-05,
    "nbinom_size_parameter": 1.383531,
    "nbinom_variance": 4622544125.86574,
    "variance": 95546857.0
  }
}