{
  "MN908947": {
    "average": 8565.502,
    "deletion_coverage_propagation_cutoff": 179.0,
    "deletion_coverage_seed_cutoff": 0.0,
    "dispersion": 11828.28,
    "nbinom_dispersion": 931.926938395091,
    "nbinom_mean_parameter": 3199.217,
    "nbinom_prob_parameter": 0.00107304549187315,
    "nbinom_size_parameter": 3.436593,
    "nbinom_variance": 2981436.50407153,
    "variance": 101315136.0
  }
}