{
  "MN908947": {
    "average": 11576.73,
    "deletion_coverage_propagation_cutoff": 1362.0,
    "deletion_coverage_seed_cutoff": 0.0,
    "dispersion": 5448.241,
    "nbinom_dispersion": 2520.58841279592,
    "nbinom_mean_parameter": 12432.07,
    "nbinom_prob_parameter": 0.000396732760859901,
    "nbinom_size_parameter": 4.934167,
    "nbinom_variance": 31336131.5890678,
    "variance": 63072832.0
  }
}