{
  "MN908947": {
    "average": 12835.71,
    "deletion_coverage_propagation_cutoff": 133.0,
    "deletion_coverage_seed_cutoff": 0.0,
    "dispersion": 5422.605,
    "nbinom_dispersion": 11259.2845244996,
    "nbinom_mean_parameter": 19519.67,
    "nbinom_prob_parameter": 8.88155901757394e-05,
    "nbinom_size_parameter": 1.733805,
    "nbinom_variance": 219777518.354339,
    "variance": 69602954.0
  }
}