{
  "MN908947": {
    "average": 6676.78,
    "deletion_coverage_propagation_cutoff": 168.0,
    "deletion_coverage_seed_cutoff": 0.0,
    "dispersion": 3953.11,
    "nbinom_dispersion": 2520.11994013455,
    "nbinom_mean_parameter": 6392.748,
    "nbinom_prob_parameter": 0.000396806510703855,
    "nbinom_size_parameter": 2.537691,
    "nbinom_variance": 16110491.7070553,
    "variance": 26394041.0
  }
}