{
  "MN908947": {
    "average": 8651.619,
    "deletion_coverage_propagation_cutoff": 4.0,
    "deletion_coverage_seed_cutoff": 0.0,
    "dispersion": 6093.075,
    "nbinom_dispersion": 20811.0717467709,
    "nbinom_mean_parameter": 20168.26,
    "nbinom_prob_parameter": 4.80513455610552e-05,
    "nbinom_size_parameter": 0.9691586,
    "nbinom_variance": 419723105.867529,
    "variance": 52714961.0
  }
}