REGION	POS	REF	ALT	REF_DP	REF_RV	REF_QUAL	ALT_DP	ALT_RV	ALT_QUAL	ALT_FREQ	TOTAL_DP	PVAL	PASS	GFF_FEATURE	REF_CODON	REF_AA	ALT_CODON	ALT_AA
MN908947.3	241	C	T	0	0	0	1548	167	67	1	1548	0	TRUE	NA	NA	NA	NA	NA
MN908947.3	1059	C	T	1	0	40	1526	39	39	0.999345	1527	0	TRUE	cds-QHD43415.1	ACC	T	ATC	I
MN908947.3	2577	G	A	44	9	38	7279	59	38	0.993856	7324	0	TRUE	cds-QHD43415.1	AGT	S	AAT	N
MN908947.3	3037	C	T	3	0	76	5204	548	70	0.999232	5208	0	TRUE	cds-QHD43415.1	TTC	F	TTT	F
MN908947.3	3773	C	T	9	5	38	11476	11419	39	0.999129	11486	0	TRUE	cds-QHD43415.1	CGC	R	TGC	C
MN908947.3	6342	A	G	5	0	63	23793	1218	71	0.999748	23799	0	TRUE	cds-QHD43415.1	GAT	D	GGT	G
MN908947.3	10084	T	C	203	179	39	7754	7631	38	0.974243	7959	0	TRUE	cds-QHD43415.1	TCT	S	TCC	S
MN908947.3	14191	T	C	8	8	36	19904	19850	38	0.999498	19914	0	TRUE	cds-QHD43415.1	TTA	L	CTA	L
MN908947.3	14408	C	T	0	0	0	752	119	66	1	752	0	TRUE	cds-QHD43415.1	CCT	P	CTT	L
MN908947.3	16173	C	T	11	10	36	25700	20680	39	0.999456	25714	0	TRUE	cds-QHD43415.1	AAC	N	AAT	N
MN908947.3	16260	C	T	2	0	39	4844	40	40	0.999587	4846	0	TRUE	cds-QHD43415.1	TGC	C	TGT	C
MN908947.3	23403	A	G	1	1	39	6903	6668	39	0.999566	6906	0	TRUE	cds-QHD43416.1	GAT	D	GGT	G
MN908947.3	24253	A	T	2	0	54	6450	618	68	0.998297	6461	0	TRUE	cds-QHD43416.1	CCA	P	CCT	P
MN908947.3	25563	G	T	0	0	0	5900	5819	38	0.999661	5902	0	TRUE	cds-QHD43417.1	CAG	Q	CAT	H
MN908947.3	28821	C	A	1	1	27	1085	92	61	0.999079	1086	0	TRUE	cds-QHD43423.2	TCT	S	TAT	Y
