REGION	POS	REF	ALT	REF_DP	REF_RV	REF_QUAL	ALT_DP	ALT_RV	ALT_QUAL	ALT_FREQ	TOTAL_DP	PVAL	PASS	GFF_FEATURE	REF_CODON	REF_AA	ALT_CODON	ALT_AA
MN908947.3	241	C	T	0	0	0	893	132	64	1	893	0	TRUE	NA	NA	NA	NA	NA
MN908947.3	955	C	T	41	20	38	7550	7492	38	0.994468	7592	0	TRUE	cds-QHD43415.1	TGC	C	TGT	C
MN908947.3	1947	T	C	38	8	37	9897	44	38	0.996175	9935	0	TRUE	cds-QHD43415.1	GTT	V	GCT	A
MN908947.3	2676	C	T	2	0	58	5804	341	64	0.999311	5808	0	TRUE	cds-QHD43415.1	CCT	P	CTT	L
MN908947.3	3037	C	T	8	2	65	9638	1187	69	0.999171	9646	0	TRUE	cds-QHD43415.1	TTC	F	TTT	F
MN908947.3	8027	G	T	0	0	0	8093	23	39	0.999876	8094	0	TRUE	cds-QHD43415.1	GTT	V	TTT	F
MN908947.3	9541	C	T	0	0	0	7126	482	38	0.99986	7127	0	TRUE	cds-QHD43415.1	CTC	L	CTT	L
MN908947.3	10369	C	T	67	50	38	16342	16254	39	0.995917	16409	0	TRUE	cds-QHD43415.1	CGC	R	CGT	R
MN908947.3	14408	C	T	0	0	0	3534	275	70	1	3534	0	TRUE	cds-QHD43415.1	CCT	P	CTT	L
MN908947.3	15438	G	T	0	0	0	5757	5620	39	0.999653	5759	0	TRUE	cds-QHD43415.1	ATG	M	ATT	I
MN908947.3	18877	C	T	1	1	27	11545	11465	37	0.999827	11547	0	TRUE	cds-QHD43415.1	CTA	L	TTA	L
MN908947.3	18981	C	T	15	10	32	5145	17	38	0.997093	5160	0	TRUE	cds-QHD43415.1	CAC	H	CAT	H
MN908947.3	19961	C	T	0	0	0	2609	26	39	0.999234	2611	0	TRUE	cds-QHD43415.1	ACG	T	ATG	M
MN908947.3	21785	G	C	0	0	0	10941	111	42	0.998996	10952	0	TRUE	cds-QHD43416.1	GGT	G	CGT	R
MN908947.3	22444	C	T	1	0	76	2201	188	67	0.999546	2202	0	TRUE	cds-QHD43416.1	GAC	D	GAT	D
MN908947.3	23403	A	G	1	1	35	9671	9593	39	0.999483	9676	0	TRUE	cds-QHD43416.1	GAT	D	GGT	G
MN908947.3	25563	G	T	2	2	37	4359	4231	38	0.999083	4363	0	TRUE	cds-QHD43417.1	CAG	Q	CAT	H
MN908947.3	26735	C	T	1	0	74	7012	1052	67	0.999715	7014	0	TRUE	cds-QHD43419.1	TAC	Y	TAT	Y
MN908947.3	28030	A	G	6	1	48	6258	1608	62	0.998564	6267	0	TRUE	cds-QHD43422.1	TAT	Y	TGT	C
MN908947.3	28093	C	T	47	32	39	6196	6098	39	0.992472	6243	0	TRUE	cds-QHD43422.1	TCT	S	TTT	F
MN908947.3	28603	C	T	0	0	0	4586	741	67	1	4586	0	TRUE	cds-QHD43423.2	TTC	F	TTT	F
MN908947.3	28854	C	T	4	2	36	2140	286	62	0.998134	2144	0	TRUE	cds-QHD43423.2	TCA	S	TTA	L
MN908947.3	29555	C	T	404	208	38	6558	3024	38	0.941971	6962	0	TRUE	NA	NA	NA	NA	NA
