{
  "MN908947": {
    "average": 8811.163,
    "deletion_coverage_propagation_cutoff": 81.0,
    "deletion_coverage_seed_cutoff": 0.0,
    "dispersion": 10734.24,
    "nbinom_dispersion": 6817.65524548633,
    "nbinom_mean_parameter": 11847.34,
    "nbinom_prob_parameter": 0.000146677994705299,
    "nbinom_size_parameter": 1.737999,
    "nbinom_variance": 80771079.69606,
    "variance": 94581125.0
  }
}