{
  "MN908947": {
    "average": 14301.69,
    "deletion_coverage_propagation_cutoff": 74.0,
    "deletion_coverage_seed_cutoff": 0.0,
    "dispersion": 11567.14,
    "nbinom_dispersion": 64186.6756354869,
    "nbinom_mean_parameter": 32157.89,
    "nbinom_prob_parameter": 1.55795574408457e-05,
    "nbinom_size_parameter": 0.5010135,
    "nbinom_variance": 2064108054.55167,
    "variance": 165429684.0
  }
}