{
  "MN908947": {
    "average": 15661.78,
    "deletion_coverage_propagation_cutoff": 224.0,
    "deletion_coverage_seed_cutoff": 0.0,
    "dispersion": 6207.069,
    "nbinom_dispersion": 6998.7460577154,
    "nbinom_mean_parameter": 14893.1,
    "nbinom_prob_parameter": 0.000142882738101006,
    "nbinom_size_parameter": 2.128271,
    "nbinom_variance": 104233024.912161,
    "variance": 97213744.0
  }
}