{
  "MN908947": {
    "average": 7808.595,
    "deletion_coverage_propagation_cutoff": 205.0,
    "deletion_coverage_seed_cutoff": 0.0,
    "dispersion": 3750.413,
    "nbinom_dispersion": 2533.72841126312,
    "nbinom_mean_parameter": 6762.628,
    "nbinom_prob_parameter": 0.000394675291777417,
    "nbinom_size_parameter": 2.670096,
    "nbinom_variance": 17134662.6984035,
    "variance": 29285456.0
  }
}