{
  "MN908947": {
    "average": 4.126483,
    "deletion_coverage_propagation_cutoff": 1.0,
    "deletion_coverage_seed_cutoff": 0.0,
    "dispersion": 175.8304,
    "nbinom_dispersion": 1.0001839614,
    "nbinom_mean_parameter": 1.839614,
    "nbinom_prob_parameter": 0.999816072435572,
    "nbinom_size_parameter": 10000.0,
    "nbinom_variance": 1.8399524179669,
    "variance": 725.5613
  }
}