{
  "MN908947": {
    "average": 2178.694,
    "deletion_coverage_propagation_cutoff": 41.0,
    "deletion_coverage_seed_cutoff": 0.0,
    "dispersion": 8896.507,
    "nbinom_dispersion": 182.413053944582,
    "nbinom_mean_parameter": 665.0608,
    "nbinom_prob_parameter": 0.00548206380177048,
    "nbinom_size_parameter": 3.666003,
    "nbinom_variance": 121315.771586827,
    "variance": 19382766.0
  }
}