{
  "MN908947": {
    "average": 12547.76,
    "deletion_coverage_propagation_cutoff": 520.0,
    "deletion_coverage_seed_cutoff": 0.0,
    "dispersion": 6897.408,
    "nbinom_dispersion": 4006.99470533427,
    "nbinom_mean_parameter": 12188.98,
    "nbinom_prob_parameter": 0.000249563594049366,
    "nbinom_size_parameter": 3.042685,
    "nbinom_variance": 48841178.3234253,
    "variance": 86547017.0
  }
}