{
  "MN908947": {
    "average": 13534.29,
    "deletion_coverage_propagation_cutoff": 11.0,
    "deletion_coverage_seed_cutoff": 0.0,
    "dispersion": 6385.158,
    "nbinom_dispersion": 33947.411361535,
    "nbinom_mean_parameter": 34694.76,
    "nbinom_prob_parameter": 2.94573270801166e-05,
    "nbinom_size_parameter": 1.022045,
    "nbinom_variance": 1177797289.80973,
    "variance": 86418594.0
  }
}