{
  "MN908947": {
    "average": 8876.08,
    "deletion_coverage_propagation_cutoff": 875.0,
    "deletion_coverage_seed_cutoff": 0.0,
    "dispersion": 5000.825,
    "nbinom_dispersion": 1808.99302453404,
    "nbinom_mean_parameter": 8549.227,
    "nbinom_prob_parameter": 0.000552793729128712,
    "nbinom_size_parameter": 4.728573,
    "nbinom_variance": 15465492.0081581,
    "variance": 44387722.0
  }
}