{
  "MN908947": {
    "average": 2.55013,
    "deletion_coverage_propagation_cutoff": -1.0,
    "deletion_coverage_seed_cutoff": 0.0,
    "dispersion": 1.069449,
    "nbinom_dispersion": 1.0001919428,
    "nbinom_mean_parameter": 1.919428,
    "nbinom_prob_parameter": 0.999808094034968,
    "nbinom_size_parameter": 10000.0,
    "nbinom_variance": 1.91979642038472,
    "variance": 2.727234
  }
}