REGION	POS	REF	ALT	REF_DP	REF_RV	REF_QUAL	ALT_DP	ALT_RV	ALT_QUAL	ALT_FREQ	TOTAL_DP	PVAL	PASS	GFF_FEATURE	REF_CODON	REF_AA	ALT_CODON	ALT_AA
MN908947.3	241	C	T	0	0	0	39	5	63	1	39	1.02677e-29	TRUE	NA	NA	NA	NA	NA
MN908947.3	583	C	T	0	0	0	270	227	39	1	270	5.97156e-166	TRUE	cds-QHD43415.1	GTC	V	GTT	V
MN908947.3	1148	G	T	1	0	31	19	3	62	0.95	20	4.12716e-13	TRUE	cds-QHD43415.1	GGC	G	TGC	C
MN908947.3	1947	T	C	1	1	39	128	1	38	0.992248	129	2.86066e-75	TRUE	cds-QHD43415.1	GTT	V	GCT	A
MN908947.3	3037	C	T	0	0	0	75	7	70	1	75	1.1056e-59	TRUE	cds-QHD43415.1	TTC	F	TTT	F
MN908947.3	3908	A	G	1	0	40	12	0	39	0.923077	13	2.49986e-06	TRUE	cds-QHD43415.1	ATA	I	GTA	V
MN908947.3	7764	C	T	0	0	0	90	1	38	1	90	1.41909e-54	TRUE	cds-QHD43415.1	TCC	S	TTC	F
MN908947.3	8027	G	T	0	0	0	247	0	39	1	247	1.37053e-148	TRUE	cds-QHD43415.1	GTT	V	TTT	F
MN908947.3	8096	A	G	1	0	35	259	17	64	0.996154	260	2.49814e-198	TRUE	cds-QHD43415.1	ACA	T	GCA	A
MN908947.3	15438	G	T	0	0	0	100	100	39	1	100	2.20876e-59	TRUE	cds-QHD43415.1	ATG	M	ATT	I
MN908947.3	18877	C	T	1	1	39	80	80	37	0.987654	81	4.42735e-46	TRUE	cds-QHD43415.1	CTA	L	TTA	L
MN908947.3	18981	C	T	1	1	39	29	0	38	0.966667	30	5.07337e-16	TRUE	cds-QHD43415.1	CAC	H	CAT	H
MN908947.3	19803	C	T	1	1	30	34	33	39	0.971429	35	6.23962e-19	TRUE	cds-QHD43415.1	CGC	R	CGT	R
MN908947.3	21785	G	C	1	0	40	416	0	39	0.997602	417	7.15791e-251	TRUE	cds-QHD43416.1	GGT	G	CGT	R
MN908947.3	22444	C	T	0	0	0	221	14	67	1	221	1.23539e-174	TRUE	cds-QHD43416.1	GAC	D	GAT	D
MN908947.3	23403	A	G	0	0	0	47	46	38	1	47	6.15119e-28	TRUE	cds-QHD43416.1	GAT	D	GGT	G
MN908947.3	25563	G	T	0	0	0	174	172	38	1	174	8.16118e-104	TRUE	cds-QHD43417.1	CAG	Q	CAT	H
MN908947.3	25692	C	T	1	0	28	42	0	36	0.976744	43	6.62895e-24	TRUE	cds-QHD43417.1	GGC	G	GGT	G
MN908947.3	28389	A	G	1	1	40	37	23	38	0.973684	38	5.65823e-21	TRUE	cds-QHD43423.2	CAA	Q	CGA	R
MN908947.3	28451	G	T	2	0	34	12	0	39	0.857143	14	5.23474e-06	TRUE	cds-QHD43423.2	GGC	G	TGC	C
MN908947.3	28854	C	T	0	0	0	10	0	54	1	10	5.09877e-07	TRUE	cds-QHD43423.2	TCA	S	TTA	L
MN908947.3	29555	C	T	2	0	34	64	57	38	0.969697	66	3.13156e-36	TRUE	NA	NA	NA	NA	NA
MN908947.3	29729	T	-CACCGAGG	14	12	43	14	0	20	0.875	16	0.000511829	TRUE	NA	NA	NA	NA	NA
