{
  "MN908947": {
    "average": 1.981786,
    "deletion_coverage_propagation_cutoff": -1.0,
    "deletion_coverage_seed_cutoff": 0.0,
    "dispersion": 0.8309538,
    "nbinom_dispersion": 1.0001343273,
    "nbinom_mean_parameter": 1.343273,
    "nbinom_prob_parameter": 0.9998656907414,
    "nbinom_size_parameter": 10000.0,
    "nbinom_variance": 1.34345343823525,
    "variance": 1.646772
  }
}