{
  "MN908947": {
    "average": 12086.94,
    "deletion_coverage_propagation_cutoff": 390.0,
    "deletion_coverage_seed_cutoff": 0.0,
    "dispersion": 7888.145,
    "nbinom_dispersion": 579.06946849755,
    "nbinom_mean_parameter": 3121.626,
    "nbinom_prob_parameter": 0.00172690852203725,
    "nbinom_size_parameter": 5.400088,
    "nbinom_variance": 1807638.30866813,
    "variance": 95343533.0
  }
}