{
  "MN908947": {
    "average": 12607.68,
    "deletion_coverage_propagation_cutoff": 2.0,
    "deletion_coverage_seed_cutoff": 0.0,
    "dispersion": 7434.862,
    "nbinom_dispersion": 56131.5295722423,
    "nbinom_mean_parameter": 45686.35,
    "nbinom_prob_parameter": 1.78152993089736e-05,
    "nbinom_size_parameter": 0.8139305,
    "nbinom_variance": 2564444706.07281,
    "variance": 93736324.0
  }
}