REGION	POS	REF	ALT	REF_DP	REF_RV	REF_QUAL	ALT_DP	ALT_RV	ALT_QUAL	ALT_FREQ	TOTAL_DP	PVAL	PASS	GFF_FEATURE	REF_CODON	REF_AA	ALT_CODON	ALT_AA
MN908947.3	241	C	T	0	0	0	130	17	65	1	130	1.97161e-101	TRUE	NA	NA	NA	NA	NA
MN908947.3	322	T	-G	201	124	34	80	0	20	0.357143	224	1.34683e-20	TRUE	NA	NA	NA	NA	NA
MN908947.3	1059	C	T	4	0	37	9604	13	39	0.999584	9608	0	TRUE	cds-QHD43415.1	ACC	T	ATC	I
MN908947.3	3037	C	T	5	0	72	11296	1114	71	0.999558	11301	0	TRUE	cds-QHD43415.1	TTC	F	TTT	F
MN908947.3	3410	G	T	4	3	39	6614	6577	39	0.999094	6620	0	TRUE	cds-QHD43415.1	GCT	A	TCT	S
MN908947.3	3773	C	T	12	8	34	12170	12164	39	0.999015	12182	0	TRUE	cds-QHD43415.1	CGC	R	TGC	C
MN908947.3	7330	A	G	56	39	38	8185	7928	38	0.992843	8244	0	TRUE	cds-QHD43415.1	GCA	A	GCG	A
MN908947.3	10084	T	C	626	564	38	8949	8782	38	0.934426	9577	0	TRUE	cds-QHD43415.1	TCT	S	TCC	S
MN908947.3	14191	T	C	3	3	38	22454	22417	38	0.999733	22460	0	TRUE	cds-QHD43415.1	TTA	L	CTA	L
MN908947.3	14408	C	T	0	0	0	1256	82	72	1	1256	0	TRUE	cds-QHD43415.1	CCT	P	CTT	L
MN908947.3	16173	C	T	12	11	35	35143	27831	39	0.99963	35156	0	TRUE	cds-QHD43415.1	AAC	N	AAT	N
MN908947.3	16260	C	T	4	0	39	6974	28	41	0.999427	6978	0	TRUE	cds-QHD43415.1	TGC	C	TGT	C
MN908947.3	23403	A	G	3	2	39	17074	16583	39	0.999473	17083	0	TRUE	cds-QHD43416.1	GAT	D	GGT	G
MN908947.3	24237	C	T	3751	201	67	1416	665	39	0.274047	5167	0	TRUE	cds-QHD43416.1	GCT	A	GTT	V
MN908947.3	24253	A	T	0	0	0	5224	950	61	0.998089	5234	0	TRUE	cds-QHD43416.1	CCA	P	CCT	P
MN908947.3	24734	C	T	13	2	39	11318	1561	39	0.998676	11333	0	TRUE	cds-QHD43416.1	CAT	H	TAT	Y
MN908947.3	24781	G	T	241	86	38	9706	89	39	0.975379	9951	0	TRUE	cds-QHD43416.1	AAG	K	AAT	N
MN908947.3	25563	G	T	1	0	35	6053	5954	38	0.999175	6058	0	TRUE	cds-QHD43417.1	CAG	Q	CAT	H
MN908947.3	27366	G	T	1	1	35	7900	1019	68	0.99962	7903	0	TRUE	cds-QHD43420.1	GAG	E	GAT	D
MN908947.3	28402	A	G	167	117	39	21376	14524	38	0.991834	21552	0	TRUE	cds-QHD43423.2	CAA	Q	CAG	Q
MN908947.3	28821	C	A	1	1	23	4835	1233	50	0.999587	4837	0	TRUE	cds-QHD43423.2	TCT	S	TAT	Y
