REGION	POS	REF	ALT	REF_DP	REF_RV	REF_QUAL	ALT_DP	ALT_RV	ALT_QUAL	ALT_FREQ	TOTAL_DP	PVAL	PASS	GFF_FEATURE	REF_CODON	REF_AA	ALT_CODON	ALT_AA
MN908947.3	241	C	T	0	0	0	363	56	66	1	363	5.01208e-285	TRUE	NA	NA	NA	NA	NA
MN908947.3	3037	C	T	4	0	71	8322	967	70	0.9994	8327	0	TRUE	cds-QHD43415.1	TTC	F	TTT	F
MN908947.3	4002	C	T	4	2	40	1499	213	66	0.997339	1503	0	TRUE	cds-QHD43415.1	ACT	T	ATT	I
MN908947.3	9693	C	T	0	0	0	482	53	68	1	482	0	TRUE	cds-QHD43415.1	GCT	A	GTT	V
MN908947.3	10097	G	A	87	79	38	6435	6204	39	0.986661	6522	0	TRUE	cds-QHD43415.1	GGT	G	AGT	S
MN908947.3	11433	A	G	1	0	30	2738	93	38	0.999635	2739	0	TRUE	cds-QHD43415.1	TAT	Y	TGT	C
MN908947.3	12268	G	A	4	0	66	5060	299	70	0.99921	5064	0	TRUE	cds-QHD43415.1	TTG	L	TTA	L
MN908947.3	12534	C	T	3	0	39	7796	54	39	0.999487	7800	0	TRUE	cds-QHD43415.1	ACT	T	ATT	I
MN908947.3	13536	C	T	2	1	59	8472	1677	67	0.999764	8474	0	TRUE	cds-QHD43415.1	TAC	Y	TAT	Y
MN908947.3	14408	C	T	0	0	0	2079	170	70	1	2079	0	TRUE	cds-QHD43415.1	CCT	P	CTT	L
MN908947.3	17010	C	T	4	4	39	4624	4584	38	0.999136	4628	0	TRUE	cds-QHD43415.1	ATC	I	ATT	I
MN908947.3	18508	C	T	0	0	0	4758	4649	39	1	4758	0	TRUE	cds-QHD43415.1	CTT	L	TTT	F
MN908947.3	19524	C	T	1	1	40	2347	2318	38	0.999574	2348	0	TRUE	cds-QHD43415.1	CTC	L	CTT	L
MN908947.3	20718	G	A	2	1	57	3060	534	67	0.999347	3062	0	TRUE	cds-QHD43415.1	ATG	M	ATA	I
MN908947.3	23403	A	G	6	6	39	10662	10356	39	0.998969	10673	0	TRUE	cds-QHD43416.1	GAT	D	GGT	G
MN908947.3	23484	A	G	13	11	38	13365	10845	39	0.99873	13382	0	TRUE	cds-QHD43416.1	AAT	N	AGT	S
MN908947.3	23593	G	T	1	0	39	2307	28	39	0.999567	2308	0	TRUE	cds-QHD43416.1	CAG	Q	CAT	H
MN908947.3	23731	C	T	1	1	38	2450	2408	39	0.999592	2451	0	TRUE	cds-QHD43416.1	ACC	T	ACT	T
MN908947.3	28093	C	T	40	25	38	3835	3789	39	0.989677	3875	0	TRUE	cds-QHD43422.1	TCT	S	TTT	F
MN908947.3	28253	C	T	187	36	61	1573	181	61	0.89375	1760	0	TRUE	cds-QHD43422.1	TTC	F	TTT	F
MN908947.3	28628	G	T	0	0	0	1453	393	60	0.999312	1454	0	TRUE	cds-QHD43423.2	GCT	A	TCT	S
MN908947.3	28846	C	T	0	0	0	1821	310	59	0.999451	1822	0	TRUE	cds-QHD43423.2	CGC	R	CGT	R
MN908947.3	28881	G	A	3	2	36	1807	402	60	0.998343	1810	0	TRUE	cds-QHD43423.2	AGG	R	AAG	K
MN908947.3	28882	G	A	3	2	35	1806	400	60	0.998342	1809	0	TRUE	cds-QHD43423.2	AGG	R	AGA	R
MN908947.3	28883	G	C	1	1	39	1810	410	61	0.998896	1812	0	TRUE	cds-QHD43423.2	GGA	G	CGA	R
MN908947.3	28908	G	T	1	1	34	1856	549	58	0.999461	1857	0	TRUE	cds-QHD43423.2	GGC	G	GTC	V
MN908947.3	29732	C	G	561	299	46	201	77	38	0.26378	762	2.83374e-77	TRUE	NA	NA	NA	NA	NA
