{
  "MN908947": {
    "average": 10452.01,
    "deletion_coverage_propagation_cutoff": 1.0,
    "deletion_coverage_seed_cutoff": 0.0,
    "dispersion": 6798.423,
    "nbinom_dispersion": 46065.6887354236,
    "nbinom_mean_parameter": 15189.61,
    "nbinom_prob_parameter": 2.17081308768324e-05,
    "nbinom_size_parameter": 0.3297452,
    "nbinom_variance": 699719846.272478,
    "variance": 71057217.0
  }
}