{
  "MN908947": {
    "average": 11132.7,
    "deletion_coverage_propagation_cutoff": 29.0,
    "deletion_coverage_seed_cutoff": 0.0,
    "dispersion": 5994.092,
    "nbinom_dispersion": 44351.592527371,
    "nbinom_mean_parameter": 49161.39,
    "nbinom_prob_parameter": 2.25471046926413e-05,
    "nbinom_size_parameter": 1.108472,
    "nbinom_variance": 2180385937.35917,
    "variance": 66730426.0
  }
}