REGION	POS	REF	ALT	REF_DP	REF_RV	REF_QUAL	ALT_DP	ALT_RV	ALT_QUAL	ALT_FREQ	TOTAL_DP	PVAL	PASS	GFF_FEATURE	REF_CODON	REF_AA	ALT_CODON	ALT_AA
MN908947.3	241	C	T	0	0	0	241	48	64	1	241	2.27435e-186	TRUE	NA	NA	NA	NA	NA
MN908947.3	322	T	-G	445	233	33	238	0	20	0.457692	520	3.38573e-60	TRUE	NA	NA	NA	NA	NA
MN908947.3	1154	A	G	6	0	63	13856	1878	68	0.999423	13864	0	TRUE	cds-QHD43415.1	ATG	M	GTG	V
MN908947.3	3037	C	T	6	3	54	14878	1784	69	0.999597	14884	0	TRUE	cds-QHD43415.1	TTC	F	TTT	F
MN908947.3	8152	C	T	6	1	67	14697	1266	68	0.999456	14705	0	TRUE	cds-QHD43415.1	GTC	V	GTT	V
MN908947.3	12121	A	G	63	43	38	20657	20247	39	0.996382	20732	0	TRUE	cds-QHD43415.1	CCA	P	CCG	P
MN908947.3	14408	C	T	4	1	64	8750	665	70	0.999543	8754	0	TRUE	cds-QHD43415.1	CCT	P	CTT	L
MN908947.3	17135	C	A	8769	26	38	6070	6	38	0.408975	14842	0	TRUE	cds-QHD43415.1	CCT	P	CAT	H
MN908947.3	17573	C	T	10	2	55	32640	3151	68	0.999663	32651	0	TRUE	cds-QHD43415.1	GCT	A	GTT	V
MN908947.3	18877	C	T	2	2	38	18564	18457	37	0.999892	18566	0	TRUE	cds-QHD43415.1	CTA	L	TTA	L
MN908947.3	23403	A	G	5	5	38	24639	24565	39	0.999513	24651	0	TRUE	cds-QHD43416.1	GAT	D	GGT	G
MN908947.3	23587	G	T	0	0	0	6272	41	39	1	6272	0	TRUE	cds-QHD43416.1	CAG	Q	CAT	H
MN908947.3	25563	G	T	0	0	0	12369	12086	38	0.999192	12379	0	TRUE	cds-QHD43417.1	CAG	Q	CAT	H
MN908947.3	25677	G	T	1	0	30	1912	5	39	0.999477	1913	0	TRUE	cds-QHD43417.1	TTG	L	TTT	F
MN908947.3	27002	C	T	2	0	78	2865	134	70	0.999302	2867	0	TRUE	cds-QHD43419.1	GAC	D	GAT	D
MN908947.3	28272	A	G	5	3	34	41485	11799	52	0.999614	41501	0	TRUE	NA	NA	NA	NA	NA
MN908947.3	28975	G	T	2	2	40	19483	19334	38	0.999641	19490	0	TRUE	cds-QHD43423.2	ATG	M	ATT	I
MN908947.3	29474	G	T	3	2	33	12967	801	67	0.998691	12984	0	TRUE	cds-QHD43423.2	GAT	D	TAT	Y
