{
  "MN908947": {
    "average": 5.248597,
    "deletion_coverage_propagation_cutoff": 1.0,
    "deletion_coverage_seed_cutoff": 0.0,
    "dispersion": 4.964581,
    "nbinom_dispersion": 2.0065059731547,
    "nbinom_mean_parameter": 2.575682,
    "nbinom_prob_parameter": 0.498378780516543,
    "nbinom_size_parameter": 2.559033,
    "nbinom_variance": 5.16812131794705,
    "variance": 26.05708
  }
}