{
  "MN908947": {
    "average": 11243.44,
    "deletion_coverage_propagation_cutoff": 555.0,
    "deletion_coverage_seed_cutoff": 0.0,
    "dispersion": 5246.582,
    "nbinom_dispersion": 3883.82674932262,
    "nbinom_mean_parameter": 12153.57,
    "nbinom_prob_parameter": 0.000257478014480025,
    "nbinom_size_parameter": 3.130083,
    "nbinom_variance": 47202360.2657649,
    "variance": 58989652.0
  }
}