{
  "MN908947": {
    "average": 10246.68,
    "deletion_coverage_propagation_cutoff": 486.0,
    "deletion_coverage_seed_cutoff": 0.0,
    "dispersion": 5481.684,
    "nbinom_dispersion": 1505.01324409782,
    "nbinom_mean_parameter": 6134.112,
    "nbinom_prob_parameter": 0.000664445980074712,
    "nbinom_size_parameter": 4.078496,
    "nbinom_variance": 9231919.80077939,
    "variance": 56169054.0
  }
}