{
  "MN908947": {
    "average": 9768.437,
    "deletion_coverage_propagation_cutoff": 15.0,
    "deletion_coverage_seed_cutoff": 0.0,
    "dispersion": 5616.2,
    "nbinom_dispersion": 20599.4530548072,
    "nbinom_mean_parameter": 23137.13,
    "nbinom_prob_parameter": 4.85449782253628e-05,
    "nbinom_size_parameter": 1.123246,
    "nbinom_variance": 476612223.257972,
    "variance": 54861502.0
  }
}