{
  "MN908947": {
    "average": 11592.93,
    "deletion_coverage_propagation_cutoff": 1.0,
    "deletion_coverage_seed_cutoff": 0.0,
    "dispersion": 8559.174,
    "nbinom_dispersion": 28810.0008011358,
    "nbinom_mean_parameter": 13542.61,
    "nbinom_prob_parameter": 3.47101691146283e-05,
    "nbinom_size_parameter": 0.4700826,
    "nbinom_variance": 390162604.94947,
    "variance": 99225929.0
  }
}