{
  "MN908947": {
    "average": 14406.72,
    "deletion_coverage_propagation_cutoff": 137.0,
    "deletion_coverage_seed_cutoff": 0.0,
    "dispersion": 10066.12,
    "nbinom_dispersion": 3610.26831626055,
    "nbinom_mean_parameter": 7990.043,
    "nbinom_prob_parameter": 0.00027698772290581,
    "nbinom_size_parameter": 2.213757,
    "nbinom_variance": 28846199.0884594,
    "variance": 145019719.0
  }
}