{
  "MN908947": {
    "average": 6279.446,
    "deletion_coverage_propagation_cutoff": 1.0,
    "deletion_coverage_seed_cutoff": 0.0,
    "dispersion": 5237.974,
    "nbinom_dispersion": 13934.8442275387,
    "nbinom_mean_parameter": 7335.829,
    "nbinom_prob_parameter": 7.17625531847532e-05,
    "nbinom_size_parameter": 0.5264756,
    "nbinom_variance": 102223634.394861,
    "variance": 32891575.0
  }
}