REGION	POS	REF	ALT	REF_DP	REF_RV	REF_QUAL	ALT_DP	ALT_RV	ALT_QUAL	ALT_FREQ	TOTAL_DP	PVAL	PASS	GFF_FEATURE	REF_CODON	REF_AA	ALT_CODON	ALT_AA
MN908947.3	241	C	T	0	0	0	1819	226	66	1	1819	0	TRUE	NA	NA	NA	NA	NA
MN908947.3	1947	T	C	92	6	38	13381	92	38	0.993098	13474	0	TRUE	cds-QHD43415.1	GTT	V	GCT	A
MN908947.3	3037	C	T	3	0	77	7860	921	70	0.999364	7865	0	TRUE	cds-QHD43415.1	TTC	F	TTT	F
MN908947.3	6731	A	G	41	19	40	4103	3909	40	0.990106	4144	0	TRUE	cds-QHD43415.1	ATA	I	GTA	V
MN908947.3	8027	G	T	0	0	0	7390	34	39	0.999865	7391	0	TRUE	cds-QHD43415.1	GTT	V	TTT	F
MN908947.3	10078	C	T	6	3	36	1207	1121	38	0.995054	1213	0	TRUE	cds-QHD43415.1	TTC	F	TTT	F
MN908947.3	14408	C	T	0	0	0	833	126	66	1	833	0	TRUE	cds-QHD43415.1	CCT	P	CTT	L
MN908947.3	15438	G	T	1	1	39	4657	4541	39	0.999142	4661	0	TRUE	cds-QHD43415.1	ATG	M	ATT	I
MN908947.3	15613	C	T	1	0	39	3077	45	39	0.99935	3079	0	TRUE	cds-QHD43415.1	CAC	H	TAC	Y
MN908947.3	17977	C	T	57	28	38	1761	1675	39	0.968114	1819	0	TRUE	cds-QHD43415.1	CTT	L	TTT	F
MN908947.3	18877	C	T	4	4	39	6372	6317	37	0.999373	6376	0	TRUE	cds-QHD43415.1	CTA	L	TTA	L
MN908947.3	18981	C	T	7	3	33	2881	33	38	0.997576	2888	0	TRUE	cds-QHD43415.1	CAC	H	CAT	H
MN908947.3	21785	G	C	1	0	40	8351	42	39	0.998804	8361	0	TRUE	cds-QHD43416.1	GGT	G	CGT	R
MN908947.3	21928	C	T	5	5	35	8498	8439	39	0.999177	8505	0	TRUE	cds-QHD43416.1	AAC	N	AAT	N
MN908947.3	22444	C	T	0	0	0	3181	164	70	1	3181	0	TRUE	cds-QHD43416.1	GAC	D	GAT	D
MN908947.3	23403	A	G	1	1	39	8197	7863	39	0.999634	8200	0	TRUE	cds-QHD43416.1	GAT	D	GGT	G
MN908947.3	25207	C	T	2	0	68	1690	221	69	0.998228	1693	0	TRUE	cds-QHD43416.1	TAC	Y	TAT	Y
MN908947.3	25563	G	T	0	0	0	3597	3525	38	1	3597	0	TRUE	cds-QHD43417.1	CAG	Q	CAT	H
MN908947.3	26735	C	T	0	0	0	2148	454	63	1	2148	0	TRUE	cds-QHD43419.1	TAC	Y	TAT	Y
MN908947.3	28093	C	T	56	34	37	3232	3148	39	0.982968	3288	0	TRUE	cds-QHD43422.1	TCT	S	TTT	F
MN908947.3	28854	C	T	3	1	59	1278	222	61	0.997658	1281	0	TRUE	cds-QHD43423.2	TCA	S	TTA	L
MN908947.3	29555	C	T	57	28	38	10603	1886	38	0.99456	10661	0	TRUE	NA	NA	NA	NA	NA
