sample	contig	position	ref	alt	primer_name	amplicon	depth
SC2199	MN908947.3	322	TG	T	nCoV-2019_2_LEFT	nCoV-2019_2	14993.9482422
SC2199	MN908947.3	19554	C	T	nCoV-2019_65_LEFT	nCoV-2019_65	3988.5571289
SC2199	MN908947.3	25609	C	A	nCoV-2019_85_LEFT	nCoV-2019_85	896.1921387
SC2199	MN908947.3	25907	G	T	nCoV-2019_86_LEFT	nCoV-2019_86	3412.5764160
