sample	contig	position	ref	alt	primer_name	amplicon	depth
SC2195	MN908947.3	22020	T	C	nCoV-2019_72_RIGHT	nCoV-2019_72	15226.8261719
SC2195	MN908947.3	27522	T	C	nCoV-2019_90_RIGHT	nCoV-2019_90	2268.1506348
