sample	contig	position	ref	alt	primer_name	amplicon	depth
SC2198	MN908947.3	322	TG	T	nCoV-2019_2_LEFT	nCoV-2019_2	23781.6679688
SC2198	MN908947.3	1947	T	C	nCoV-2019_6_RIGHT	nCoV-2019_6	5598.4975586
SC2198	MN908947.3	7038	G	A	nCoV-2019_24_LEFT	nCoV-2019_24	6720.2661133
SC2198	MN908947.3	26589	G	T	nCoV-2019_87_RIGHT	nCoV-2019_87	18305.3457031
SC2198	MN908947.3	26840	G	A	nCoV-2019_89_LEFT	nCoV-2019_89	5629.2104492
