sample	contig	position	ref	alt	primer_name	amplicon	depth
SC2184	MN908947.3	322	TG	T	nCoV-2019_2_LEFT	nCoV-2019_2	7157.7626953
SC2184	MN908947.3	8655	C	T	nCoV-2019_28_RIGHT	nCoV-2019_28	80.6496048
