sample	contig	position	ref	alt	primer_name	amplicon	depth
SC2189	MN908947.3	1947	T	C	nCoV-2019_6_RIGHT	nCoV-2019_6	3947.2673340
SC2189	MN908947.3	6731	A	G	nCoV-2019_23_LEFT	nCoV-2019_23	6603.3828125
SC2189	MN908947.3	17977	C	T	nCoV-2019_60_LEFT	nCoV-2019_60	3101.5654297
SC2189	MN908947.3	28093	C	T	nCoV-2019_93_LEFT	nCoV-2019_93	2582.8422852
