sample	contig	position	ref	alt	primer_name	amplicon	depth
SC2197	MN908947.3	3773	C	T	nCoV-2019_13_LEFT	nCoV-2019_13	43.5445023
SC2197	MN908947.3	6195	C	T	nCoV-2019_21_LEFT	nCoV-2019_21	60.4793816
SC2197	MN908947.3	10084	T	C	nCoV-2019_34_LEFT	nCoV-2019_34	7863.9736328
SC2197	MN908947.3	17083	C	T	nCoV-2019_57_LEFT	nCoV-2019_57	198.9126587
SC2197	MN908947.3	18653	GCAC	G	nCoV-2019_61_RIGHT	nCoV-2019_61	288.3992004
SC2197	MN908947.3	21090	C	T	nCoV-2019_70_LEFT	nCoV-2019_70	2597.0000000
SC2197	MN908947.3	25673	T	C	nCoV-2019_84_RIGHT	nCoV-2019_84	30251.8710938
