sample	contig	position	ref	alt	primer_name	amplicon	depth
SC2194	MN908947.3	1947	T	C	nCoV-2019_6_RIGHT	nCoV-2019_6	1825.4377441
SC2194	MN908947.3	6731	A	G	nCoV-2019_23_LEFT	nCoV-2019_23	5957.8642578
SC2194	MN908947.3	17977	C	T	nCoV-2019_60_LEFT	nCoV-2019_60	2514.1569824
SC2194	MN908947.3	28087	C	T	nCoV-2019_93_LEFT	nCoV-2019_93	4508.1845703
SC2194	MN908947.3	28093	C	T	nCoV-2019_93_LEFT	nCoV-2019_93	4508.1845703
