sample	contig	position	ref	alt	primer_name	amplicon	depth
SC2192	MN908947.3	1947	T	C	nCoV-2019_6_RIGHT	nCoV-2019_6	3176.6542969
SC2192	MN908947.3	6731	A	G	nCoV-2019_23_LEFT	nCoV-2019_23	7528.6235352
SC2192	MN908947.3	17977	C	T	nCoV-2019_60_LEFT	nCoV-2019_60	2702.6491699
SC2192	MN908947.3	28093	C	T	nCoV-2019_93_LEFT	nCoV-2019_93	4933.7343750
