sample	contig	position	ref	alt	primer_name	amplicon	depth
SC2193	MN908947.3	12121	A	G	nCoV-2019_41_LEFT	nCoV-2019_41	9211.1923828
SC2193	MN908947.3	28089	GGTTCTA	G	nCoV-2019_93_LEFT	nCoV-2019_93	8642.5175781
