sample	contig	position	ref	alt	primer_name	amplicon	depth
SC2297	MN908947.3	322	TG	T	nCoV-2019_2_LEFT	nCoV-2019_2	6089.4096680
SC2297	MN908947.3	10747	C	T	nCoV-2019_35_RIGHT	nCoV-2019_35	10454.7001953
SC2297	MN908947.3	17745	C	T	nCoV-2019_58_RIGHT	nCoV-2019_58	6211.6308594
SC2297	MN908947.3	22033	C	A	nCoV-2019_72_RIGHT	nCoV-2019_72	11610.7568359
SC2297	MN908947.3	23124	CA	C	nCoV-2019_77_LEFT	nCoV-2019_77	15398.4589844
SC2297	MN908947.3	24097	T	C	nCoV-2019_80_LEFT	nCoV-2019_80	1082.6215820
SC2297	MN908947.3	28167	G	A	nCoV-2019_92_RIGHT	nCoV-2019_92	7629.5288086
