sample	contig	position	ref	alt	primer_name	amplicon	depth
SC2253	MN908947.3	322	TG	T	nCoV-2019_2_LEFT	nCoV-2019_2	33120.5976562
SC2253	MN908947.3	12121	A	G	nCoV-2019_41_LEFT	nCoV-2019_41	13454.1865234
