sample	contig	position	ref	alt	primer_name	amplicon	depth
SC2261	MN908947.3	1947	T	C	nCoV-2019_6_RIGHT	nCoV-2019_6	3035.4008789
SC2261	MN908947.3	6731	A	G	nCoV-2019_23_LEFT	nCoV-2019_23	3653.8146973
SC2261	MN908947.3	10078	C	T	nCoV-2019_34_LEFT	nCoV-2019_34	6689.5756836
SC2261	MN908947.3	17977	C	T	nCoV-2019_60_LEFT	nCoV-2019_60	1680.8952637
SC2261	MN908947.3	28093	C	T	nCoV-2019_93_LEFT	nCoV-2019_93	4631.5541992
