sample	contig	position	ref	alt	primer_name	amplicon	depth
SC2277	MN908947.3	3773	C	T	nCoV-2019_13_LEFT	nCoV-2019_13	1025.3717041
SC2277	MN908947.3	10084	T	C	nCoV-2019_34_LEFT	nCoV-2019_34	1992.5654297
