sample	contig	position	ref	alt	primer_name	amplicon	depth
SC2270	MN908947.3	322	TG	T	nCoV-2019_2_LEFT	nCoV-2019_2	2075.6938477
SC2270	MN908947.3	12121	A	G	nCoV-2019_41_LEFT	nCoV-2019_41	1446.1118164
SC2270	MN908947.3	19862	C	T	nCoV-2019_66_LEFT	nCoV-2019_66	34.4206009
SC2270	MN908947.3	20237	G	A	nCoV-2019_66_RIGHT	nCoV-2019_66	34.4206009
