sample	contig	position	ref	alt	primer_name	amplicon	depth
SC2243	MN908947.3	322	TG	T	nCoV-2019_2_LEFT	nCoV-2019_2	46058.1171875
SC2243	MN908947.3	1263	C	T	nCoV-2019_5_LEFT	nCoV-2019_5	1612.7330322
SC2243	MN908947.3	1947	T	C	nCoV-2019_6_RIGHT	nCoV-2019_6	12843.3085938
SC2243	MN908947.3	4643	G	A	nCoV-2019_16_LEFT	nCoV-2019_16	12753.1972656
SC2243	MN908947.3	17977	C	T	nCoV-2019_60_LEFT	nCoV-2019_60	24977.0839844
SC2243	MN908947.3	28093	C	T	nCoV-2019_93_LEFT	nCoV-2019_93	40186.3789062
