sample	contig	position	ref	alt	primer_name	amplicon	depth
SC2267	MN908947.3	1947	T	C	nCoV-2019_6_RIGHT	nCoV-2019_6	4091.1474609
SC2267	MN908947.3	6731	A	G	nCoV-2019_23_LEFT	nCoV-2019_23	4879.9384766
SC2267	MN908947.3	17977	C	T	nCoV-2019_60_LEFT	nCoV-2019_60	2839.7224121
SC2267	MN908947.3	28087	C	T	nCoV-2019_93_LEFT	nCoV-2019_93	7038.6396484
SC2267	MN908947.3	28093	C	T	nCoV-2019_93_LEFT	nCoV-2019_93	7038.6396484
