sample	contig	position	ref	alt	primer_name	amplicon	depth
SC2265	MN908947.3	322	TG	T	nCoV-2019_2_LEFT	nCoV-2019_2	3260.7844238
SC2265	MN908947.3	12128	G	A	nCoV-2019_41_LEFT	nCoV-2019_41	1214.9254150
