sample	contig	position	ref	alt	primer_name	amplicon	depth
SC2213	MN908947.3	7113	C	T	nCoV-2019_23_RIGHT	nCoV-2019_23	9125.5058594
SC2213	MN908947.3	25907	G	T	nCoV-2019_86_LEFT	nCoV-2019_86	834.2906494
