sample	contig	position	ref	alt	primer_name	amplicon	depth
SC2262	MN908947.3	1947	T	C	nCoV-2019_6_RIGHT	nCoV-2019_6	6604.8066406
SC2262	MN908947.3	15540	C	T	nCoV-2019_51_RIGHT	nCoV-2019_51	11455.0556641
SC2262	MN908947.3	29311	C	T	nCoV-2019_97_LEFT	nCoV-2019_97	2468.9074707
