sample	contig	position	ref	alt	primer_name	amplicon	depth
SC2272	MN908947.3	1947	T	C	nCoV-2019_6_RIGHT	nCoV-2019_6	9000.5849609
SC2272	MN908947.3	4683	C	T	nCoV-2019_15_RIGHT	nCoV-2019_15	5212.2309570
SC2272	MN908947.3	26589	G	T	nCoV-2019_87_RIGHT	nCoV-2019_87	24779.1992188
SC2272	MN908947.3	26840	G	A	nCoV-2019_89_LEFT	nCoV-2019_89	8138.9516602
