sample	contig	position	ref	alt	primer_name	amplicon	depth
SC2210	MN908947.3	643	C	T	nCoV-2019_3_LEFT	nCoV-2019_3	14828.6455078
SC2210	MN908947.3	5284	C	T	nCoV-2019_18_LEFT_alt2	nCoV-2019_18	12306.8466797
SC2210	MN908947.3	5884	C	T	nCoV-2019_20_LEFT	nCoV-2019_20	6846.9096680
SC2210	MN908947.3	26842	G	A	nCoV-2019_89_LEFT	nCoV-2019_89	15972.0390625
