sample	contig	position	ref	alt	primer_name	amplicon	depth
SC2236	MN908947.3	643	C	T	nCoV-2019_3_LEFT	nCoV-2019_3	30713.1191406
SC2236	MN908947.3	5284	C	T	nCoV-2019_18_LEFT_alt2	nCoV-2019_18	9331.8720703
SC2236	MN908947.3	5884	C	T	nCoV-2019_20_LEFT	nCoV-2019_20	7790.2333984
SC2236	MN908947.3	17973	A	G	nCoV-2019_60_LEFT	nCoV-2019_60	14026.7119141
SC2236	MN908947.3	26842	G	A	nCoV-2019_89_LEFT	nCoV-2019_89	11236.1445312
