sample	contig	position	ref	alt	primer_name	amplicon	depth
SC2214	MN908947.3	4069	C	T	nCoV-2019_14_LEFT	nCoV-2019_14	3328.7077637
SC2214	MN908947.3	4158	C	T	nCoV-2019_13_RIGHT	nCoV-2019_13	693.1727905
SC2214	MN908947.3	25907	G	T	nCoV-2019_86_LEFT	nCoV-2019_86	2047.2906494
SC2214	MN908947.3	27213	C	T	nCoV-2019_89_RIGHT	nCoV-2019_89	1493.4868164
