sample	contig	position	ref	alt	primer_name	amplicon	depth
SC2264	MN908947.3	322	TG	T	nCoV-2019_2_LEFT	nCoV-2019_2	27571.7714844
SC2264	MN908947.3	12128	G	A	nCoV-2019_41_LEFT	nCoV-2019_41	9778.4101562
SC2264	MN908947.3	25907	G	T	nCoV-2019_86_LEFT	nCoV-2019_86	3023.7685547
