sample	contig	position	ref	alt	primer_name	amplicon	depth
SC2282	MN908947.3	3773	C	T	nCoV-2019_13_LEFT	nCoV-2019_13	2515.2878418
SC2282	MN908947.3	7330	A	G	nCoV-2019_25_LEFT	nCoV-2019_25	15727.1513672
SC2282	MN908947.3	10084	T	C	nCoV-2019_34_LEFT	nCoV-2019_34	13239.9580078
SC2282	MN908947.3	24781	G	T	nCoV-2019_81_RIGHT	nCoV-2019_81	2455.4060059
SC2282	MN908947.3	28402	A	G	nCoV-2019_94_LEFT	nCoV-2019_94	3546.3520508
