sample	contig	position	ref	alt	primer_name	amplicon	depth
SC2287	MN908947.3	1947	T	C	nCoV-2019_6_RIGHT	nCoV-2019_6	4838.1845703
SC2287	MN908947.3	5869	C	T	nCoV-2019_20_LEFT	nCoV-2019_20	6483.8237305
SC2287	MN908947.3	12241	C	T	nCoV-2019_40_RIGHT	nCoV-2019_40	2495.8632812
