sample	contig	position	ref	alt	primer_name	amplicon	depth
SC2256	MN908947.3	322	TG	T	nCoV-2019_2_LEFT	nCoV-2019_2	23145.4570312
SC2256	MN908947.3	1947	T	C	nCoV-2019_6_RIGHT	nCoV-2019_6	210.2949371
SC2256	MN908947.3	15495	C	T	nCoV-2019_52_LEFT	nCoV-2019_52	7737.8613281
SC2256	MN908947.3	18267	C	T	nCoV-2019_61_LEFT	nCoV-2019_61	4161.0000000
