sample	contig	position	ref	alt	primer_name	amplicon	depth
SC2252	MN908947.3	322	TG	T	nCoV-2019_2_LEFT	nCoV-2019_2	30389.1328125
SC2252	MN908947.3	3773	C	T	nCoV-2019_13_LEFT	nCoV-2019_13	962.5759277
SC2252	MN908947.3	10084	T	C	nCoV-2019_34_LEFT	nCoV-2019_34	27731.0214844
