sample	contig	position	ref	alt	primer_name	amplicon	depth
SC2289	MN908947.3	643	C	T	nCoV-2019_3_LEFT	nCoV-2019_3	17102.1894531
SC2289	MN908947.3	5284	C	T	nCoV-2019_18_LEFT_alt2	nCoV-2019_18	16722.0917969
SC2289	MN908947.3	5884	C	T	nCoV-2019_20_LEFT	nCoV-2019_20	7774.1762695
SC2289	MN908947.3	26842	G	A	nCoV-2019_89_LEFT	nCoV-2019_89	14822.4912109
