sample	contig	position	ref	alt	primer_name	amplicon	depth
SC2242	MN908947.3	322	TG	T	nCoV-2019_2_LEFT	nCoV-2019_2	25166.7851562
SC2242	MN908947.3	1947	T	C	nCoV-2019_6_RIGHT	nCoV-2019_6	1354.5529785
SC2242	MN908947.3	17977	C	T	nCoV-2019_60_LEFT	nCoV-2019_60	10354.4453125
SC2242	MN908947.3	22273	G	A	nCoV-2019_74_LEFT	nCoV-2019_74	2021.2117920
SC2242	MN908947.3	28093	C	T	nCoV-2019_93_LEFT	nCoV-2019_93	38563.8593750
