sample	contig	position	ref	alt	primer_name	amplicon	depth
SC2240	MN908947.3	322	TG	T	nCoV-2019_2_LEFT	nCoV-2019_2	41463.0585938
SC2240	MN908947.3	1947	T	C	nCoV-2019_6_RIGHT	nCoV-2019_6	4049.9724121
SC2240	MN908947.3	28093	C	T	nCoV-2019_93_LEFT	nCoV-2019_93	42203.7773438
