sample	contig	position	ref	alt	primer_name	amplicon	depth
SC2229	MN908947.3	6865	G	T	nCoV-2019_22_RIGHT	nCoV-2019_22	8017.4287109
SC2229	MN908947.3	17678	C	T	nCoV-2019_59_LEFT	nCoV-2019_59	5373.1660156
SC2229	MN908947.3	23455	T	C	nCoV-2019_78_LEFT	nCoV-2019_78	1707.5280762
SC2229	MN908947.3	29311	C	T	nCoV-2019_97_LEFT	nCoV-2019_97	2020.3148193
