sample	contig	position	ref	alt	primer_name	amplicon	depth
SC2216	MN908947.3	3832	C	T	nCoV-2019_12_RIGHT	nCoV-2019_12	12733.7460938
SC2216	MN908947.3	5629	G	T	nCoV-2019_18_RIGHT	nCoV-2019_18	12248.3144531
SC2216	MN908947.3	25354	G	T	nCoV-2019_83_RIGHT	nCoV-2019_83	4012.6403809
