sample	contig	position	ref	alt	primer_name	amplicon	depth
SC2268	MN908947.3	1943	C	T	nCoV-2019_6_RIGHT	nCoV-2019_6	6647.9541016
SC2268	MN908947.3	1959	C	T	nCoV-2019_6_RIGHT	nCoV-2019_6	6647.9541016
SC2268	MN908947.3	3784	C	T	nCoV-2019_13_LEFT	nCoV-2019_13	1664.0576172
SC2268	MN908947.3	13975	G	T	nCoV-2019_46_RIGHT	nCoV-2019_46	27213.5253906
