sample	contig	position	ref	alt	primer_name	amplicon	depth
SC2293	MN908947.3	322	TG	T	nCoV-2019_2_LEFT	nCoV-2019_2	27224.9218750
SC2293	MN908947.3	7113	C	T	nCoV-2019_23_RIGHT	nCoV-2019_23	10022.0126953
SC2293	MN908947.3	25907	G	T	nCoV-2019_86_LEFT	nCoV-2019_86	5129.0297852
