sample	contig	position	ref	alt	primer_name	amplicon	depth
SC2233	MN908947.3	322	TG	T	nCoV-2019_2_LEFT	nCoV-2019_2	24822.3144531
SC2233	MN908947.3	643	C	T	nCoV-2019_3_LEFT	nCoV-2019_3	7303.6406250
SC2233	MN908947.3	5284	C	T	nCoV-2019_18_LEFT_alt2	nCoV-2019_18	314.5826416
SC2233	MN908947.3	5884	C	T	nCoV-2019_20_LEFT	nCoV-2019_20	6535.0190430
SC2233	MN908947.3	26842	G	A	nCoV-2019_89_LEFT	nCoV-2019_89	4380.1313477
