sample	contig	position	ref	alt	primer_name	amplicon	depth
SC2295	MN908947.3	322	TG	T	nCoV-2019_2_LEFT	nCoV-2019_2	26953.1894531
SC2295	MN908947.3	10097	G	A	nCoV-2019_34_LEFT	nCoV-2019_34	1830.4293213
SC2295	MN908947.3	19602	C	T	nCoV-2019_64_RIGHT	nCoV-2019_64	155.1115570
SC2295	MN908947.3	28093	C	T	nCoV-2019_93_LEFT	nCoV-2019_93	48403.9179688
