sample	contig	position	ref	alt	primer_name	amplicon	depth
SC2255	MN908947.3	322	TG	T	nCoV-2019_2_LEFT	nCoV-2019_2	31407.3144531
SC2255	MN908947.3	10097	G	A	nCoV-2019_34_LEFT	nCoV-2019_34	2389.6386719
SC2255	MN908947.3	28093	C	T	nCoV-2019_93_LEFT	nCoV-2019_93	41122.1210938
