sample	contig	position	ref	alt	primer_name	amplicon	depth
SC2204	MN908947.3	322	TG	T	nCoV-2019_2_LEFT	nCoV-2019_2	5142.2500000
SC2204	MN908947.3	1947	T	C	nCoV-2019_6_RIGHT	nCoV-2019_6	328.2211914
SC2204	MN908947.3	6731	A	G	nCoV-2019_23_LEFT	nCoV-2019_23	1369.6049805
SC2204	MN908947.3	17977	C	T	nCoV-2019_60_LEFT	nCoV-2019_60	5200.5444336
SC2204	MN908947.3	28093	C	T	nCoV-2019_93_LEFT	nCoV-2019_93	42124.2109375
