sample	contig	position	ref	alt	primer_name	amplicon	depth
SC2259	MN908947.3	321	C	G	nCoV-2019_2_LEFT	nCoV-2019_2	3.3534484
SC2259	MN908947.3	10171	A	C	nCoV-2019_33_RIGHT	nCoV-2019_33	2.4357798
