sample	contig	position	ref	alt	primer_name	amplicon	depth
SC2237	MN908947.3	322	TG	T	nCoV-2019_2_LEFT	nCoV-2019_2	35408.6210938
SC2237	MN908947.3	1947	T	C	nCoV-2019_6_RIGHT	nCoV-2019_6	10811.5019531
SC2237	MN908947.3	7095	C	T	nCoV-2019_23_RIGHT	nCoV-2019_23	4819.0864258
SC2237	MN908947.3	28093	C	T	nCoV-2019_93_LEFT	nCoV-2019_93	19667.3867188
