sample	contig	position	ref	alt	primer_name	amplicon	depth
SC2281	MN908947.3	1947	T	C	nCoV-2019_6_RIGHT	nCoV-2019_6	4636.7050781
SC2281	MN908947.3	17977	C	T	nCoV-2019_60_LEFT	nCoV-2019_60	5040.8427734
SC2281	MN908947.3	28093	C	T	nCoV-2019_93_LEFT	nCoV-2019_93	10676.5136719
