sample	contig	position	ref	alt	primer_name	amplicon	depth
SC2273	MN908947.3	322	TG	T	nCoV-2019_2_LEFT	nCoV-2019_2	21439.4218750
SC2273	MN908947.3	1947	T	C	nCoV-2019_6_RIGHT	nCoV-2019_6	3655.6452637
SC2273	MN908947.3	4683	C	T	nCoV-2019_15_RIGHT	nCoV-2019_15	699.5322876
SC2273	MN908947.3	26589	G	T	nCoV-2019_87_RIGHT	nCoV-2019_87	43534.1523438
SC2273	MN908947.3	26840	G	A	nCoV-2019_89_LEFT	nCoV-2019_89	4403.1230469
