sample	contig	position	ref	alt	primer_name	amplicon	depth
SC2219	MN908947.3	3773	C	T	nCoV-2019_13_LEFT	nCoV-2019_13	3639.1413574
SC2219	MN908947.3	10084	T	C	nCoV-2019_34_LEFT	nCoV-2019_34	3203.7958984
SC2219	MN908947.3	11941	C	A	nCoV-2019_39_RIGHT	nCoV-2019_39	14002.2470703
SC2219	MN908947.3	17750	C	T	nCoV-2019_58_RIGHT	nCoV-2019_58	5247.6171875
SC2219	MN908947.3	25002	C	T	nCoV-2019_83_LEFT	nCoV-2019_83	1269.7192383
