sample	contig	position	ref	alt	primer_name	amplicon	depth
SC2241	MN908947.3	955	C	T	nCoV-2019_4_LEFT	nCoV-2019_4	13267.7099609
SC2241	MN908947.3	1947	T	C	nCoV-2019_6_RIGHT	nCoV-2019_6	9443.9863281
SC2241	MN908947.3	10369	C	T	nCoV-2019_35_LEFT	nCoV-2019_35	3779.2319336
SC2241	MN908947.3	28093	C	T	nCoV-2019_93_LEFT	nCoV-2019_93	5575.9096680
