sample	contig	position	ref	alt	primer_name	amplicon	depth
SC2232	MN908947.3	322	TG	T	nCoV-2019_2_LEFT	nCoV-2019_2	29966.3535156
SC2232	MN908947.3	643	C	T	nCoV-2019_3_LEFT	nCoV-2019_3	18995.7929688
SC2232	MN908947.3	5284	C	T	nCoV-2019_18_LEFT_alt2	nCoV-2019_18	978.9215088
SC2232	MN908947.3	5884	C	T	nCoV-2019_20_LEFT	nCoV-2019_20	7494.1049805
SC2232	MN908947.3	26842	G	A	nCoV-2019_89_LEFT	nCoV-2019_89	3063.3859863
