sample	contig	position	ref	alt	primer_name	amplicon	depth
SC2296	MN908947.3	322	TG	T	nCoV-2019_2_LEFT	nCoV-2019_2	29851.0253906
SC2296	MN908947.3	3773	C	T	nCoV-2019_13_LEFT	nCoV-2019_13	1607.4869385
SC2296	MN908947.3	10084	T	C	nCoV-2019_34_LEFT	nCoV-2019_34	32573.8281250
