sample	contig	position	ref	alt	primer_name	amplicon	depth
SC2228	MN908947.3	714	G	A	nCoV-2019_2_RIGHT	nCoV-2019_2	25980.8828125
SC2228	MN908947.3	10741	C	T	nCoV-2019_35_RIGHT	nCoV-2019_35	6829.2465820
SC2228	MN908947.3	12794	G	A	nCoV-2019_42_RIGHT	nCoV-2019_42	16651.4765625
SC2228	MN908947.3	24774	A	T	nCoV-2019_81_RIGHT	nCoV-2019_81	6427.5107422
