sample	contig	position	ref	alt	primer_name	amplicon	depth
SC2271	MN908947.3	10097	G	A	nCoV-2019_34_LEFT	nCoV-2019_34	1835.0052490
SC2271	MN908947.3	28093	C	T	nCoV-2019_93_LEFT	nCoV-2019_93	13154.5175781
