sample	contig	position	ref	alt	primer_name	amplicon	depth
SC2222	MN908947.3	18905	G	A	nCoV-2019_63_LEFT	nCoV-2019_63	5186.2846680
SC2222	MN908947.3	20237	G	T	nCoV-2019_66_RIGHT	nCoV-2019_66	396.0171814
SC2222	MN908947.3	25907	G	T	nCoV-2019_86_LEFT	nCoV-2019_86	915.0295410
