sample	contig	position	ref	alt	primer_name	amplicon	depth
SC2245	MN908947.3	322	TG	T	nCoV-2019_2_LEFT	nCoV-2019_2	15189.0732422
SC2245	MN908947.3	14583	C	T	nCoV-2019_48_RIGHT	nCoV-2019_48	1361.6788330
