sample	contig	position	ref	alt	primer_name	amplicon	depth
SC2238	MN908947.3	322	TG	T	nCoV-2019_2_LEFT	nCoV-2019_2	7465.3964844
SC2238	MN908947.3	7042	G	T	nCoV-2019_24_LEFT	nCoV-2019_24	512.7127686
SC2238	MN908947.3	21990	TTTA	T	nCoV-2019_73_LEFT	nCoV-2019_73	175.8571472
SC2238	MN908947.3	28095	A	T	nCoV-2019_93_LEFT	nCoV-2019_93	24446.5898438
