sample	contig	position	ref	alt	primer_name	amplicon	depth
SC2288	MN908947.3	3773	C	T	nCoV-2019_13_LEFT	nCoV-2019_13	2516.1989746
SC2288	MN908947.3	10084	T	C	nCoV-2019_34_LEFT	nCoV-2019_34	5429.2094727
