sample	contig	position	ref	alt	primer_name	amplicon	depth
SC2285	MN908947.3	1947	T	C	nCoV-2019_6_RIGHT	nCoV-2019_6	3.5161290
SC2285	MN908947.3	6731	A	G	nCoV-2019_23_LEFT	nCoV-2019_23	123.7469101
SC2285	MN908947.3	8968	A	G	nCoV-2019_29_RIGHT	nCoV-2019_29	7.9603524
SC2285	MN908947.3	10446	G	T	nCoV-2019_34_RIGHT	nCoV-2019_34	1896.9842529
SC2285	MN908947.3	14866	G	T	nCoV-2019_50_LEFT	nCoV-2019_50	43.5224495
SC2285	MN908947.3	20812	C	T	nCoV-2019_69_LEFT	nCoV-2019_69	1743.5189209
SC2285	MN908947.3	25357	C	A	nCoV-2019_83_RIGHT	nCoV-2019_83	117.5911331
SC2285	MN908947.3	28093	C	T	nCoV-2019_93_LEFT	nCoV-2019_93	20496.3242188
