sample	contig	position	ref	alt	primer_name	amplicon	depth
SC2234	MN908947.3	322	TG	T	nCoV-2019_2_LEFT	nCoV-2019_2	8598.7714844
SC2234	MN908947.3	643	C	T	nCoV-2019_3_LEFT	nCoV-2019_3	2431.8017578
SC2234	MN908947.3	5284	C	T	nCoV-2019_18_LEFT_alt2	nCoV-2019_18	25.7066116
SC2234	MN908947.3	5884	C	T	nCoV-2019_20_LEFT	nCoV-2019_20	955.4809570
SC2234	MN908947.3	22029	A	T	nCoV-2019_72_RIGHT	nCoV-2019_72	1116.6239014
SC2234	MN908947.3	25673	T	C	nCoV-2019_84_RIGHT	nCoV-2019_84	55681.5429688
SC2234	MN908947.3	26842	G	A	nCoV-2019_89_LEFT	nCoV-2019_89	112.9517517
