sample	contig	position	ref	alt	primer_name	amplicon	depth
SC2284	MN908947.3	1947	T	C	nCoV-2019_6_RIGHT	nCoV-2019_6	8827.9218750
SC2284	MN908947.3	17977	C	T	nCoV-2019_60_LEFT	nCoV-2019_60	10819.1044922
SC2284	MN908947.3	28093	C	T	nCoV-2019_93_LEFT	nCoV-2019_93	17235.5136719
