{
  "MN908947": {
    "average": 11481.71,
    "deletion_coverage_propagation_cutoff": 1306.0,
    "deletion_coverage_seed_cutoff": 0.0,
    "dispersion": 5320.517,
    "nbinom_dispersion": 2663.22819201016,
    "nbinom_mean_parameter": 12649.13,
    "nbinom_prob_parameter": 0.000375484159787757,
    "nbinom_size_parameter": 4.751332,
    "nbinom_variance": 33687519.6204014,
    "variance": 61088641.0
  }
}