{
  "MN908947": {
    "average": 15686.17,
    "deletion_coverage_propagation_cutoff": 744.0,
    "deletion_coverage_seed_cutoff": 0.0,
    "dispersion": 13424.16,
    "nbinom_dispersion": 2039.93721790242,
    "nbinom_mean_parameter": 8680.555,
    "nbinom_prob_parameter": 0.000490211164943723,
    "nbinom_size_parameter": 4.257392,
    "nbinom_variance": 17707787.2165489,
    "variance": 210573594.0
  }
}