{
  "MN908947": {
    "average": 12545.48,
    "deletion_coverage_propagation_cutoff": 49.0,
    "deletion_coverage_seed_cutoff": 0.0,
    "dispersion": 5995.032,
    "nbinom_dispersion": 16792.2885635875,
    "nbinom_mean_parameter": 22950.35,
    "nbinom_prob_parameter": 5.95511443370741e-05,
    "nbinom_size_parameter": 1.366801,
    "nbinom_variance": 385388899.835331,
    "variance": 75210556.0
  }
}