{
  "MN908947": {
    "average": 7189.8,
    "deletion_coverage_propagation_cutoff": 109.0,
    "deletion_coverage_seed_cutoff": 0.0,
    "dispersion": 6815.246,
    "nbinom_dispersion": 925.524707406096,
    "nbinom_mean_parameter": 2746.774,
    "nbinom_prob_parameter": 0.00108046818415321,
    "nbinom_size_parameter": 2.971012,
    "nbinom_variance": 2542207.20266067,
    "variance": 49000256.0
  }
}