{
  "MN908947": {
    "average": 11139.25,
    "deletion_coverage_propagation_cutoff": 42.0,
    "deletion_coverage_seed_cutoff": 0.0,
    "dispersion": 6871.765,
    "nbinom_dispersion": 19377.9570989342,
    "nbinom_mean_parameter": 25265.75,
    "nbinom_prob_parameter": 5.16050270363639e-05,
    "nbinom_size_parameter": 1.303907,
    "nbinom_variance": 489598619.572397,
    "variance": 76546288.0
  }
}