{
  "MN908947": {
    "average": 9232.576,
    "deletion_coverage_propagation_cutoff": 123.0,
    "deletion_coverage_seed_cutoff": 0.0,
    "dispersion": 7449.62,
    "nbinom_dispersion": 50434.0089315394,
    "nbinom_mean_parameter": 66906.8,
    "nbinom_prob_parameter": 1.98278903697191e-05,
    "nbinom_size_parameter": 1.326647,
    "nbinom_variance": 3374378148.78072,
    "variance": 68779184.0
  }
}