REGION	POS	REF	ALT	REF_DP	REF_RV	REF_QUAL	ALT_DP	ALT_RV	ALT_QUAL	ALT_FREQ	TOTAL_DP	PVAL	PASS	GFF_FEATURE	REF_CODON	REF_AA	ALT_CODON	ALT_AA
MN908947.3	241	C	T	0	0	0	409	61	66	1	409	0	TRUE	NA	NA	NA	NA	NA
MN908947.3	1154	A	G	1	0	39	3601	456	68	0.999722	3602	0	TRUE	cds-QHD43415.1	ATG	M	GTG	V
MN908947.3	3037	C	T	7	2	57	8674	993	70	0.999194	8681	0	TRUE	cds-QHD43415.1	TTC	F	TTT	F
MN908947.3	8152	C	T	1	1	32	8474	620	69	0.999764	8476	0	TRUE	cds-QHD43415.1	GTC	V	GTT	V
MN908947.3	8260	T	C	64	55	39	8304	8254	38	0.992115	8370	0	TRUE	cds-QHD43415.1	GTT	V	GTC	V
MN908947.3	10702	C	T	2	2	35	3179	2324	38	0.999371	3181	0	TRUE	cds-QHD43415.1	GAC	D	GAT	D
MN908947.3	12121	A	G	133	106	38	2073	2002	39	0.938859	2208	0	TRUE	cds-QHD43415.1	CCA	P	CCG	P
MN908947.3	14408	C	T	1	0	78	1637	182	69	0.999389	1638	0	TRUE	cds-QHD43415.1	CCT	P	CTT	L
MN908947.3	18877	C	T	2	2	35	7486	7436	37	0.999599	7489	0	TRUE	cds-QHD43415.1	CTA	L	TTA	L
MN908947.3	18948	G	A	6	3	37	13727	7704	39	0.999563	13733	0	TRUE	cds-QHD43415.1	CTG	L	CTA	L
MN908947.3	23403	A	G	2	2	39	10671	10247	38	0.999344	10678	0	TRUE	cds-QHD43416.1	GAT	D	GGT	G
MN908947.3	23587	G	T	3	0	36	1761	28	39	0.998299	1764	0	TRUE	cds-QHD43416.1	CAG	Q	CAT	H
MN908947.3	25563	G	T	1	1	40	5497	5402	38	0.999818	5498	0	TRUE	cds-QHD43417.1	CAG	Q	CAT	H
MN908947.3	25677	G	T	2	0	30	3726	28	39	0.999464	3728	0	TRUE	cds-QHD43417.1	TTG	L	TTT	F
MN908947.3	27574	A	G	0	0	0	1784	50	38	1	1784	0	TRUE	cds-QHD43421.1	ACT	T	GCT	A
MN908947.3	28272	A	G	5	1	44	12573	3847	51	0.999602	12578	0	TRUE	NA	NA	NA	NA	NA
MN908947.3	28975	G	T	1	1	34	2763	2470	38	0.999638	2764	0	TRUE	cds-QHD43423.2	ATG	M	ATT	I
MN908947.3	29474	G	T	0	0	0	4036	1066	53	0.999752	4037	0	TRUE	cds-QHD43423.2	GAT	D	TAT	Y
