REGION	POS	REF	ALT	REF_DP	REF_RV	REF_QUAL	ALT_DP	ALT_RV	ALT_QUAL	ALT_FREQ	TOTAL_DP	PVAL	PASS	GFF_FEATURE	REF_CODON	REF_AA	ALT_CODON	ALT_AA
MN908947.3	241	C	T	0	0	0	30	7	61	1	30	2.90776e-22	TRUE	NA	NA	NA	NA	NA
MN908947.3	322	T	-G	114	30	31	77	0	20	0.55	140	5.76655e-21	TRUE	NA	NA	NA	NA	NA
MN908947.3	1947	T	C	55	2	38	1890	13	38	0.971722	1945	0	TRUE	cds-QHD43415.1	GTT	V	GCT	A
MN908947.3	3037	C	T	1	0	68	9539	1638	66	0.99979	9541	0	TRUE	cds-QHD43415.1	TTC	F	TTT	F
MN908947.3	4099	C	T	10	1	37	14563	827	39	0.999108	14576	0	TRUE	cds-QHD43415.1	TTC	F	TTT	F
MN908947.3	4771	T	A	0	0	0	5152	143	65	1	5152	0	TRUE	cds-QHD43415.1	ATT	I	ATA	I
MN908947.3	6769	T	C	3	2	35	13482	8307	39	0.999407	13490	0	TRUE	cds-QHD43415.1	TAT	Y	TAC	Y
MN908947.3	8027	G	T	2	0	39	9168	36	38	0.999673	9171	0	TRUE	cds-QHD43415.1	GTT	V	TTT	F
MN908947.3	14408	C	T	0	0	0	1511	152	67	1	1511	0	TRUE	cds-QHD43415.1	CCT	P	CTT	L
MN908947.3	15438	G	T	1	1	39	7340	7301	38	0.999183	7346	0	TRUE	cds-QHD43415.1	ATG	M	ATT	I
MN908947.3	17977	C	T	71	23	38	1346	1165	38	0.949894	1417	0	TRUE	cds-QHD43415.1	CTT	L	TTT	F
MN908947.3	18877	C	T	1	1	39	13382	13328	37	0.999925	13383	0	TRUE	cds-QHD43415.1	CTA	L	TTA	L
MN908947.3	18981	C	T	35	18	35	7937	27	38	0.99561	7972	0	TRUE	cds-QHD43415.1	CAC	H	CAT	H
MN908947.3	21785	G	C	1	0	38	8963	87	39	0.998218	8979	0	TRUE	cds-QHD43416.1	GGT	G	CGT	R
MN908947.3	22444	C	T	0	0	0	1265	114	66	1	1265	0	TRUE	cds-QHD43416.1	GAC	D	GAT	D
MN908947.3	23403	A	G	2	2	40	12801	12568	38	0.99961	12806	0	TRUE	cds-QHD43416.1	GAT	D	GGT	G
MN908947.3	24816	G	C	38	0	38	9974	70	39	0.996006	10014	0	TRUE	cds-QHD43416.1	GGA	G	GCA	A
MN908947.3	25487	C	T	6	2	43	10542	1434	65	0.999431	10548	0	TRUE	cds-QHD43417.1	ACT	T	ATT	I
MN908947.3	25563	G	T	1	1	37	10116	9803	38	0.999605	10120	0	TRUE	cds-QHD43417.1	CAG	Q	CAT	H
MN908947.3	25669	C	T	35	16	36	659	8	38	0.949568	694	0	TRUE	cds-QHD43417.1	CAC	H	TAC	Y
MN908947.3	26735	C	T	1	0	76	8204	1215	67	0.999878	8205	0	TRUE	cds-QHD43419.1	TAC	Y	TAT	Y
MN908947.3	28093	C	T	49	25	37	7757	7686	38	0.993723	7806	0	TRUE	cds-QHD43422.1	TCT	S	TTT	F
MN908947.3	28854	C	T	1	1	30	15502	4411	52	0.999935	15503	0	TRUE	cds-QHD43423.2	TCA	S	TTA	L
MN908947.3	29555	C	T	4	2	39	10766	7414	38	0.999536	10771	0	TRUE	NA	NA	NA	NA	NA
