{
  "MN908947": {
    "average": 13533.68,
    "deletion_coverage_propagation_cutoff": 421.0,
    "deletion_coverage_seed_cutoff": 0.0,
    "dispersion": 8050.111,
    "nbinom_dispersion": 1709.22420664528,
    "nbinom_mean_parameter": 6353.4,
    "nbinom_prob_parameter": 0.000585060752189272,
    "nbinom_size_parameter": 3.719301,
    "nbinom_variance": 10859385.0745001,
    "variance": 108947649.0
  }
}