REGION	POS	REF	ALT	REF_DP	REF_RV	REF_QUAL	ALT_DP	ALT_RV	ALT_QUAL	ALT_FREQ	TOTAL_DP	PVAL	PASS	GFF_FEATURE	REF_CODON	REF_AA	ALT_CODON	ALT_AA
MN908947.3	241	C	T	0	0	0	107	10	68	1	107	3.10948e-85	TRUE	NA	NA	NA	NA	NA
MN908947.3	322	T	-G	215	103	32	124	0	20	0.502024	247	7.02218e-32	TRUE	NA	NA	NA	NA	NA
MN908947.3	1154	A	G	0	0	0	11685	1343	69	0.999914	11686	0	TRUE	cds-QHD43415.1	ATG	M	GTG	V
MN908947.3	3037	C	T	2	1	56	12347	1485	70	0.999757	12350	0	TRUE	cds-QHD43415.1	TTC	F	TTT	F
MN908947.3	8152	C	T	2	0	53	11415	931	68	0.9993	11423	0	TRUE	cds-QHD43415.1	GTC	V	GTT	V
MN908947.3	10702	C	T	2	2	40	7415	6973	38	0.99973	7417	0	TRUE	cds-QHD43415.1	GAC	D	GAT	D
MN908947.3	12121	A	G	34	26	37	10555	10476	39	0.996695	10590	0	TRUE	cds-QHD43415.1	CCA	P	CCG	P
MN908947.3	14408	C	T	0	0	0	1837	145	70	1	1837	0	TRUE	cds-QHD43415.1	CCT	P	CTT	L
MN908947.3	18032	C	T	2	0	35	14204	1332	39	0.999789	14207	0	TRUE	cds-QHD43415.1	ACT	T	ATT	I
MN908947.3	18877	C	T	4	4	38	15074	15004	37	0.999602	15080	0	TRUE	cds-QHD43415.1	CTA	L	TTA	L
MN908947.3	23403	A	G	1	1	27	15045	14695	38	0.999867	15047	0	TRUE	cds-QHD43416.1	GAT	D	GGT	G
MN908947.3	23587	G	T	0	0	0	7173	21	38	0.999861	7174	0	TRUE	cds-QHD43416.1	CAG	Q	CAT	H
MN908947.3	25563	G	T	1	1	28	9083	8906	38	0.99978	9085	0	TRUE	cds-QHD43417.1	CAG	Q	CAT	H
MN908947.3	25677	G	T	0	0	0	1703	11	39	1	1703	0	TRUE	cds-QHD43417.1	TTG	L	TTT	F
MN908947.3	28272	A	G	10	1	60	22895	6658	52	0.999389	22909	0	TRUE	NA	NA	NA	NA	NA
MN908947.3	28975	G	T	2	2	35	14552	12376	38	0.999588	14558	0	TRUE	cds-QHD43423.2	ATG	M	ATT	I
MN908947.3	29474	G	T	5	2	39	14312	4239	53	0.999372	14321	0	TRUE	cds-QHD43423.2	GAT	D	TAT	Y
