{
  "MN908947": {
    "average": 11365.0,
    "deletion_coverage_propagation_cutoff": 989.0,
    "deletion_coverage_seed_cutoff": 0.0,
    "dispersion": 5089.321,
    "nbinom_dispersion": 1424.37183246858,
    "nbinom_mean_parameter": 7769.32,
    "nbinom_prob_parameter": 0.000702063869282573,
    "nbinom_size_parameter": 5.458391,
    "nbinom_variance": 11066400.5654348,
    "variance": 57840134.0
  }
}