REGION	POS	REF	ALT	REF_DP	REF_RV	REF_QUAL	ALT_DP	ALT_RV	ALT_QUAL	ALT_FREQ	TOTAL_DP	PVAL	PASS	GFF_FEATURE	REF_CODON	REF_AA	ALT_CODON	ALT_AA
MN908947.3	241	C	T	0	0	0	101	19	65	1	101	9.81153e-79	TRUE	NA	NA	NA	NA	NA
MN908947.3	322	T	-G	193	102	33	101	0	20	0.459091	220	7.09322e-26	TRUE	NA	NA	NA	NA	NA
MN908947.3	1059	C	T	1	0	36	10747	19	39	0.999907	10748	0	TRUE	cds-QHD43415.1	ACC	T	ATC	I
MN908947.3	3037	C	T	2	0	79	11241	1198	70	0.999644	11245	0	TRUE	cds-QHD43415.1	TTC	F	TTT	F
MN908947.3	3606	G	T	2	1	39	7767	212	66	0.998843	7776	0	TRUE	cds-QHD43415.1	TGT	C	TTT	F
MN908947.3	4551	C	T	2	2	39	2640	2611	38	0.999243	2642	0	TRUE	cds-QHD43415.1	ACA	T	ATA	I
MN908947.3	8083	G	A	13	0	39	10160	86	38	0.998624	10174	0	TRUE	cds-QHD43415.1	ATG	M	ATA	I
MN908947.3	10319	C	T	6	1	65	17733	3404	67	0.999605	17740	0	TRUE	cds-QHD43415.1	CTT	L	TTT	F
MN908947.3	11417	G	T	0	0	0	3569	27	39	1	3569	0	TRUE	cds-QHD43415.1	GTT	V	TTT	F
MN908947.3	14408	C	T	4	1	49	1793	122	70	0.997774	1797	0	TRUE	cds-QHD43415.1	CCT	P	CTT	L
MN908947.3	14805	C	T	8	8	37	11451	11319	39	0.999302	11459	0	TRUE	cds-QHD43415.1	TAC	Y	TAT	Y
MN908947.3	17822	C	T	0	0	0	1523	67	68	0.999344	1524	0	TRUE	cds-QHD43415.1	CCA	P	CTA	L
MN908947.3	18424	A	G	1	0	39	9092	296	64	0.99945	9097	0	TRUE	cds-QHD43415.1	AAT	N	GAT	D
MN908947.3	19512	C	T	1	1	39	3005	2974	39	0.999667	3006	0	TRUE	cds-QHD43415.1	TAC	Y	TAT	Y
MN908947.3	19554	C	T	7	5	38	3048	3019	39	0.997709	3055	0	TRUE	cds-QHD43415.1	GGC	G	GGT	G
MN908947.3	21304	C	T	2	0	63	11966	2272	68	0.999582	11971	0	TRUE	cds-QHD43415.1	CGC	R	TGC	C
MN908947.3	22155	A	G	6	1	63	6827	530	71	0.997954	6841	0	TRUE	cds-QHD43416.1	GAT	D	GGT	G
MN908947.3	23403	A	G	2	2	36	14911	14624	38	0.999598	14917	0	TRUE	cds-QHD43416.1	GAT	D	GGT	G
MN908947.3	23599	T	G	0	0	0	7451	294	64	1	7451	0	TRUE	cds-QHD43416.1	AAT	N	AAG	K
MN908947.3	25563	G	T	0	0	0	9323	8978	38	1	9323	0	TRUE	cds-QHD43417.1	CAG	Q	CAT	H
MN908947.3	25609	C	A	128	125	39	9177	9153	38	0.986138	9306	0	TRUE	cds-QHD43417.1	CTC	L	ATC	I
MN908947.3	25907	G	T	12	8	37	1417	920	38	0.990909	1430	0	TRUE	cds-QHD43417.1	GGT	G	GTT	V
MN908947.3	27964	C	T	1	0	80	8106	439	70	0.999753	8108	0	TRUE	cds-QHD43422.1	TCA	S	TTA	L
MN908947.3	28472	C	T	2	0	35	4570	20	38	0.999125	4574	0	TRUE	cds-QHD43423.2	CCT	P	TCT	S
MN908947.3	28869	C	T	5	1	56	16649	3947	58	0.99958	16656	0	TRUE	cds-QHD43423.2	CCA	P	CTA	L
MN908947.3	28907	G	T	0	0	0	16566	5113	57	0.999578	16573	0	TRUE	cds-QHD43423.2	GGC	G	TGC	C
