{
  "MN908947": {
    "average": 12613.98,
    "deletion_coverage_propagation_cutoff": 994.0,
    "deletion_coverage_seed_cutoff": 0.0,
    "dispersion": 6493.917,
    "nbinom_dispersion": 2950.89635161554,
    "nbinom_mean_parameter": 12203.91,
    "nbinom_prob_parameter": 0.00033888008281027,
    "nbinom_size_parameter": 4.137064,
    "nbinom_variance": 36012473.4944444,
    "variance": 81914140.0
  }
}