{
  "MN908947": {
    "average": 12014.68,
    "deletion_coverage_propagation_cutoff": 1589.0,
    "deletion_coverage_seed_cutoff": 0.0,
    "dispersion": 5938.368,
    "nbinom_dispersion": 2432.08307725727,
    "nbinom_mean_parameter": 12937.4,
    "nbinom_prob_parameter": 0.000411170164930274,
    "nbinom_size_parameter": 5.321661,
    "nbinom_variance": 31464831.6037082,
    "variance": 71347606.0
  }
}