{
  "MN908947": {
    "average": 10268.26,
    "deletion_coverage_propagation_cutoff": 580.0,
    "deletion_coverage_seed_cutoff": 0.0,
    "dispersion": 8910.68,
    "nbinom_dispersion": 1515.40011059167,
    "nbinom_mean_parameter": 6561.982,
    "nbinom_prob_parameter": 0.000659891729590519,
    "nbinom_size_parameter": 4.333057,
    "nbinom_variance": 9944028.24850053,
    "variance": 91497165.0
  }
}