{
  "MN908947": {
    "average": 1753.024,
    "deletion_coverage_propagation_cutoff": 1.0,
    "deletion_coverage_seed_cutoff": 0.0,
    "dispersion": 1295.41,
    "nbinom_dispersion": 31611.4648544627,
    "nbinom_mean_parameter": 22392.18,
    "nbinom_prob_parameter": 3.16340923966649e-05,
    "nbinom_size_parameter": 0.7083787,
    "nbinom_variance": 707849611.084803,
    "variance": 2270884.0
  }
}