{
  "MN908947": {
    "average": 12362.81,
    "deletion_coverage_propagation_cutoff": 1289.0,
    "deletion_coverage_seed_cutoff": 0.0,
    "dispersion": 8097.847,
    "nbinom_dispersion": 2836.4576148115,
    "nbinom_mean_parameter": 13089.34,
    "nbinom_prob_parameter": 0.000352552421294142,
    "nbinom_size_parameter": 4.616306,
    "nbinom_variance": 37127358.1158567,
    "variance": 100112165.0
  }
}