{
  "MN908947": {
    "average": 9048.129,
    "deletion_coverage_propagation_cutoff": 1.0,
    "deletion_coverage_seed_cutoff": 0.0,
    "dispersion": 12896.25,
    "nbinom_dispersion": 342632.90259138,
    "nbinom_mean_parameter": 4647.0,
    "nbinom_prob_parameter": 2.91857551460138e-06,
    "nbinom_size_parameter": 0.01356266,
    "nbinom_variance": 1592215098.34214,
    "variance": 116686978.0
  }
}