{
  "MN908947": {
    "average": 12227.01,
    "deletion_coverage_propagation_cutoff": 1482.0,
    "deletion_coverage_seed_cutoff": 0.0,
    "dispersion": 6001.3,
    "nbinom_dispersion": 2668.64481533083,
    "nbinom_mean_parameter": 13303.47,
    "nbinom_prob_parameter": 0.000374722029044555,
    "nbinom_size_parameter": 4.986972,
    "nbinom_variance": 35502236.2414092,
    "variance": 73377984.0
  }
}