REGION	POS	REF	ALT	REF_DP	REF_RV	REF_QUAL	ALT_DP	ALT_RV	ALT_QUAL	ALT_FREQ	TOTAL_DP	PVAL	PASS	GFF_FEATURE	REF_CODON	REF_AA	ALT_CODON	ALT_AA
MN908947.3	241	C	T	0	0	0	29	5	68	1	29	1.91627e-22	TRUE	NA	NA	NA	NA	NA
MN908947.3	322	T	-G	116	32	30	97	0	20	0.646667	150	1.52795e-26	TRUE	NA	NA	NA	NA	NA
MN908947.3	643	C	T	7	5	37	18823	18777	38	0.998992	18842	0	TRUE	cds-QHD43415.1	AAC	N	AAT	N
MN908947.3	2659	G	T	0	0	0	619	18	50	1	619	0	TRUE	cds-QHD43415.1	AAG	K	AAT	N
MN908947.3	3037	C	T	2	0	76	11624	1268	70	0.999656	11628	0	TRUE	cds-QHD43415.1	TTC	F	TTT	F
MN908947.3	3241	C	T	2	0	34	7529	15	38	0.999734	7531	0	TRUE	cds-QHD43415.1	GAC	D	GAT	D
MN908947.3	5284	C	T	86	80	39	6518	6498	38	0.986978	6604	0	TRUE	cds-QHD43415.1	AAC	N	AAT	N
MN908947.3	5884	C	T	125	124	38	2616	2610	39	0.954396	2741	0	TRUE	cds-QHD43415.1	TAC	Y	TAT	Y
MN908947.3	11967	C	T	2	0	40	12527	32	38	0.99984	12529	0	TRUE	cds-QHD43415.1	GCT	A	GTT	V
MN908947.3	14171	T	C	2	2	34	16968	16842	39	0.999882	16970	0	TRUE	cds-QHD43415.1	ATA	I	ACA	T
MN908947.3	14408	C	T	4	1	56	2061	165	70	0.998063	2065	0	TRUE	cds-QHD43415.1	CCT	P	CTT	L
MN908947.3	16482	A	C	12	2	35	14581	1064	38	0.999109	14594	0	TRUE	cds-QHD43415.1	CCA	P	CCC	P
MN908947.3	19104	T	C	2	0	75	7829	623	70	0.999362	7834	0	TRUE	cds-QHD43415.1	CCT	P	CCC	P
MN908947.3	19824	G	A	0	0	0	5386	5306	38	1	5386	0	TRUE	cds-QHD43415.1	GAG	E	GAA	E
MN908947.3	21952	C	T	1	1	40	11357	11328	39	0.999912	11358	0	TRUE	cds-QHD43416.1	GTC	V	GTT	V
MN908947.3	23403	A	G	0	0	0	14033	13712	39	0.999857	14035	0	TRUE	cds-QHD43416.1	GAT	D	GGT	G
MN908947.3	23635	C	T	4	1	56	8994	960	69	0.999555	8998	0	TRUE	cds-QHD43416.1	TCC	S	TCT	S
MN908947.3	24632	C	T	6	0	60	2773	320	69	0.997841	2779	0	TRUE	cds-QHD43416.1	CTT	L	TTT	F
MN908947.3	26060	C	T	0	0	0	2407	35	39	1	2407	0	TRUE	cds-QHD43417.1	ACT	T	ATT	I
MN908947.3	26842	G	A	11	10	39	11467	11402	39	0.999042	11478	0	TRUE	cds-QHD43419.1	CGT	R	CAT	H
MN908947.3	27434	C	T	2	2	39	14437	14269	38	0.999861	14439	0	TRUE	cds-QHD43421.1	ACT	T	ATT	I
MN908947.3	28881	G	A	3	2	37	15085	4098	56	0.999801	15088	0	TRUE	cds-QHD43423.2	AGG	R	AAG	K
MN908947.3	28882	G	A	4	1	42	15085	4074	56	0.999669	15090	0	TRUE	cds-QHD43423.2	AGG	R	AGA	R
MN908947.3	28883	G	C	2	1	33	15099	4118	57	0.999074	15113	0	TRUE	cds-QHD43423.2	GGA	G	CGA	R
MN908947.3	28884	G	T	6	4	37	15054	4060	56	0.998806	15072	0	TRUE	cds-QHD43423.2	GGA	G	GTA	V
MN908947.3	29200	C	T	0	0	0	1672	251	63	1	1672	0	TRUE	cds-QHD43423.2	CCC	P	CCT	P
