REGION	POS	REF	ALT	REF_DP	REF_RV	REF_QUAL	ALT_DP	ALT_RV	ALT_QUAL	ALT_FREQ	TOTAL_DP	PVAL	PASS	GFF_FEATURE	REF_CODON	REF_AA	ALT_CODON	ALT_AA
MN908947.3	322	T	-G	22	3	29	21	0	20	0.807692	26	5.60518e-06	TRUE	NA	NA	NA	NA	NA
MN908947.3	1947	T	C	25	0	38	282	1	38	0.918567	307	5.87535e-148	TRUE	cds-QHD43415.1	GTT	V	GCT	A
MN908947.3	3037	C	T	2	0	54	3061	345	70	0.999347	3063	0	TRUE	cds-QHD43415.1	TTC	F	TTT	F
MN908947.3	3431	G	T	1	1	27	9544	9478	38	0.999372	9550	0	TRUE	cds-QHD43415.1	GTG	V	TTG	L
MN908947.3	3551	C	T	33	0	38	289	2	38	0.897516	322	4.23498e-150	TRUE	cds-QHD43415.1	CCA	P	TCA	S
MN908947.3	5653	T	C	0	0	0	677	1	38	1	677	0	TRUE	cds-QHD43415.1	TAT	Y	TAC	Y
MN908947.3	7038	G	A	0	0	0	2480	2469	38	1	2480	0	TRUE	cds-QHD43415.1	GGC	G	GAC	D
MN908947.3	9272	A	T	15	10	38	7	7	34	0.318182	22	0.00529243	TRUE	cds-QHD43415.1	AGA	R	TGA	*
MN908947.3	11647	T	G	10743	385	38	4927	128	38	0.314382	15672	0	TRUE	cds-QHD43415.1	TTT	F	TTG	L
MN908947.3	14408	C	T	0	0	0	1040	63	70	1	1040	0	TRUE	cds-QHD43415.1	CCT	P	CTT	L
MN908947.3	17058	G	T	0	0	0	602	597	38	1	602	0	TRUE	cds-QHD43415.1	ATG	M	ATT	I
MN908947.3	17331	G	T	0	0	0	7563	7503	39	0.999868	7564	0	TRUE	cds-QHD43415.1	GAG	E	GAT	D
MN908947.3	18877	C	T	2	2	33	21250	21145	37	0.999859	21253	0	TRUE	cds-QHD43415.1	CTA	L	TTA	L
MN908947.3	21614	C	T	0	0	0	3716	2506	39	1	3716	0	TRUE	cds-QHD43416.1	CTT	L	TTT	F
MN908947.3	22444	C	T	1	0	80	774	39	70	0.99871	775	0	TRUE	cds-QHD43416.1	GAC	D	GAT	D
MN908947.3	22484	G	T	0	0	0	780	62	69	1	780	0	TRUE	cds-QHD43416.1	GTA	V	TTA	L
MN908947.3	23403	A	G	2	2	35	7129	7034	38	0.99972	7131	0	TRUE	cds-QHD43416.1	GAT	D	GGT	G
MN908947.3	25563	G	T	1	1	27	25195	24433	38	0.999881	25198	0	TRUE	cds-QHD43417.1	CAG	Q	CAT	H
MN908947.3	26589	G	T	36	31	38	7873	57	38	0.995322	7910	0	TRUE	cds-QHD43419.1	GTA	V	TTA	L
MN908947.3	26735	C	T	3	1	52	7773	850	69	0.999614	7776	0	TRUE	cds-QHD43419.1	TAC	Y	TAT	Y
MN908947.3	26840	G	A	7	7	39	7835	7831	38	0.999107	7842	0	TRUE	cds-QHD43419.1	ACG	T	ACA	T
MN908947.3	28139	C	T	9	3	37	24315	10147	39	0.999589	24325	0	TRUE	cds-QHD43422.1	TCC	S	TCT	S
MN908947.3	28854	C	T	3	1	48	4695	1044	56	0.999361	4698	0	TRUE	cds-QHD43423.2	TCA	S	TTA	L
