REGION	POS	REF	ALT	REF_DP	REF_RV	REF_QUAL	ALT_DP	ALT_RV	ALT_QUAL	ALT_FREQ	TOTAL_DP	PVAL	PASS	GFF_FEATURE	REF_CODON	REF_AA	ALT_CODON	ALT_AA
MN908947.3	322	T	-G	38	5	29	40	0	20	0.769231	52	7.18511e-12	TRUE	NA	NA	NA	NA	NA
MN908947.3	3037	C	T	1	0	79	2484	311	69	0.999598	2485	0	TRUE	cds-QHD43415.1	TTC	F	TTT	F
MN908947.3	3716	G	A	2	2	38	63	61	39	0.969231	65	1.20724e-35	TRUE	cds-QHD43415.1	GCT	A	ACT	T
MN908947.3	5192	C	T	0	0	0	1566	1392	42	1	1566	0	TRUE	cds-QHD43415.1	CTG	L	TTG	L
MN908947.3	10626	C	T	3	3	39	5496	5394	39	0.998909	5502	0	TRUE	cds-QHD43415.1	GCA	A	GTA	V
MN908947.3	11109	C	T	4	0	39	15179	404	38	0.999539	15186	0	TRUE	cds-QHD43415.1	GCT	A	GTT	V
MN908947.3	12513	C	T	2	0	39	5517	17	38	0.999638	5519	0	TRUE	cds-QHD43415.1	ACG	T	ATG	M
MN908947.3	14408	C	T	0	0	0	420	23	70	1	420	0	TRUE	cds-QHD43415.1	CCT	P	CTT	L
MN908947.3	18109	C	T	2	0	60	6819	273	65	0.99956	6822	0	TRUE	cds-QHD43415.1	CCT	P	TCT	S
MN908947.3	21625	A	G	0	0	0	1477	1468	38	0.999323	1478	0	TRUE	cds-QHD43416.1	AGA	R	AGG	R
MN908947.3	22616	G	T	7	0	33	33941	297	38	0.999352	33963	0	TRUE	cds-QHD43416.1	GCT	A	TCT	S
MN908947.3	23403	A	G	0	0	0	6687	6663	38	0.999552	6690	0	TRUE	cds-QHD43416.1	GAT	D	GGT	G
MN908947.3	25505	A	C	3	0	57	19148	3282	65	0.999739	19153	0	TRUE	cds-QHD43417.1	CAA	Q	CCA	P
MN908947.3	25855	G	T	0	0	0	43	37	40	1	43	2.01383e-26	TRUE	cds-QHD43417.1	GAC	D	TAC	Y
MN908947.3	27604	G	T	0	0	0	145	1	40	1	145	6.52675e-90	TRUE	cds-QHD43421.1	GTA	V	TTA	L
MN908947.3	27707	C	T	0	0	0	179	169	40	1	179	1.74176e-109	TRUE	cds-QHD43421.1	GCG	A	GTG	V
MN908947.3	28857	G	T	2	1	37	4008	399	65	0.999501	4010	0	TRUE	cds-QHD43423.2	AGA	R	ATA	I
MN908947.3	28881	G	A	0	0	0	4099	611	65	1	4099	0	TRUE	cds-QHD43423.2	AGG	R	AAG	K
MN908947.3	28882	G	A	0	0	0	4096	625	65	1	4096	0	TRUE	cds-QHD43423.2	AGG	R	AGA	R
MN908947.3	28883	G	C	0	0	0	4093	635	66	0.999756	4094	0	TRUE	cds-QHD43423.2	GGA	G	CGA	R
MN908947.3	29580	C	-T	6578	6109	38	6542	0	20	0.979488	6679	0	TRUE	NA	NA	NA	NA	NA
