{
  "MN908947": {
    "average": 2505.171,
    "deletion_coverage_propagation_cutoff": 1.0,
    "deletion_coverage_seed_cutoff": 0.0,
    "dispersion": 17502.94,
    "nbinom_dispersion": 641.299976037128,
    "nbinom_mean_parameter": 654.6523,
    "nbinom_prob_parameter": 0.00155933266391095,
    "nbinom_size_parameter": 1.022415,
    "nbinom_variance": 419828.504302651,
    "variance": 43847857.0
  }
}