{
  "MN908947": {
    "average": 9052.609,
    "deletion_coverage_propagation_cutoff": 145.0,
    "deletion_coverage_seed_cutoff": 0.0,
    "dispersion": 7174.83,
    "nbinom_dispersion": 38802.6630983816,
    "nbinom_mean_parameter": 54986.38,
    "nbinom_prob_parameter": 2.57714270142893e-05,
    "nbinom_size_parameter": 1.417114,
    "nbinom_variance": 2133617978.13959,
    "variance": 64950926.0
  }
}