{
  "MN908947": {
    "average": 14500.55,
    "deletion_coverage_propagation_cutoff": 461.0,
    "deletion_coverage_seed_cutoff": 0.0,
    "dispersion": 6268.838,
    "nbinom_dispersion": 13316.7009185179,
    "nbinom_mean_parameter": 28822.82,
    "nbinom_prob_parameter": 7.50936741854299e-05,
    "nbinom_size_parameter": 2.164574,
    "nbinom_variance": 383824873.568277,
    "variance": 90901606.0
  }
}