{
  "MN908947": {
    "average": 9708.429,
    "deletion_coverage_propagation_cutoff": 12.0,
    "deletion_coverage_seed_cutoff": 0.0,
    "dispersion": 14842.88,
    "nbinom_dispersion": 4388.59855008807,
    "nbinom_mean_parameter": 5933.604,
    "nbinom_prob_parameter": 0.000227863175131371,
    "nbinom_size_parameter": 1.352358,
    "nbinom_variance": 26040205.9111968,
    "variance": 144101066.0
  }
}