{
  "MN908947": {
    "average": 8897.31,
    "deletion_coverage_propagation_cutoff": 836.0,
    "deletion_coverage_seed_cutoff": 0.0,
    "dispersion": 4126.965,
    "nbinom_dispersion": 2139.49109121836,
    "nbinom_mean_parameter": 9334.674,
    "nbinom_prob_parameter": 0.000467400871218648,
    "nbinom_size_parameter": 4.365075,
    "nbinom_variance": 19971451.8624277,
    "variance": 36718886.0
  }
}