{
  "MN908947": {
    "average": 9104.954,
    "deletion_coverage_propagation_cutoff": 50.0,
    "deletion_coverage_seed_cutoff": 0.0,
    "dispersion": 6648.998,
    "nbinom_dispersion": 1834.37206792134,
    "nbinom_mean_parameter": 3770.755,
    "nbinom_prob_parameter": 0.000545145675453492,
    "nbinom_size_parameter": 2.056732,
    "nbinom_variance": 6916967.64697475,
    "variance": 60538824.0
  }
}