{
  "MN908947": {
    "average": 14585.75,
    "deletion_coverage_propagation_cutoff": 129.0,
    "deletion_coverage_seed_cutoff": 0.0,
    "dispersion": 7857.356,
    "nbinom_dispersion": 96386.9338491504,
    "nbinom_mean_parameter": 72194.25,
    "nbinom_prob_parameter": 1.03748502008067e-05,
    "nbinom_size_parameter": 0.7490123,
    "nbinom_variance": 6958582399.03903,
    "variance": 114605405.0
  }
}