{
  "MN908947": {
    "average": 7092.86,
    "deletion_coverage_propagation_cutoff": 503.0,
    "deletion_coverage_seed_cutoff": 0.0,
    "dispersion": 7687.664,
    "nbinom_dispersion": 485.517221811243,
    "nbinom_mean_parameter": 3149.72,
    "nbinom_prob_parameter": 0.00205965917392066,
    "nbinom_size_parameter": 6.500739,
    "nbinom_variance": 1529243.30388331,
    "variance": 54527526.0
  }
}