{
  "MN908947": {
    "average": 14058.43,
    "deletion_coverage_propagation_cutoff": 516.0,
    "deletion_coverage_seed_cutoff": 0.0,
    "dispersion": 6885.872,
    "nbinom_dispersion": 94120.4477242278,
    "nbinom_mean_parameter": 142049.4,
    "nbinom_prob_parameter": 1.06246838405401e-05,
    "nbinom_size_parameter": 1.509246,
    "nbinom_variance": 13369753126.9579,
    "variance": 96804569.0
  }
}