{
  "MN908947": {
    "average": 2976.259,
    "deletion_coverage_propagation_cutoff": 46.0,
    "deletion_coverage_seed_cutoff": 0.0,
    "dispersion": 10138.87,
    "nbinom_dispersion": 267.677911819871,
    "nbinom_mean_parameter": 892.4715,
    "nbinom_prob_parameter": 0.0037358330883608,
    "nbinom_size_parameter": 3.346627,
    "nbinom_variance": 238894.907478748,
    "variance": 30175908.0
  }
}