{
  "MN908947": {
    "average": 8721.485,
    "deletion_coverage_propagation_cutoff": 72.0,
    "deletion_coverage_seed_cutoff": 0.0,
    "dispersion": 6666.372,
    "nbinom_dispersion": 2865.43646289636,
    "nbinom_mean_parameter": 5788.373,
    "nbinom_prob_parameter": 0.000348986973868968,
    "nbinom_size_parameter": 2.020772,
    "nbinom_variance": 16586215.0550448,
    "variance": 58140664.0
  }
}