{
  "MN908947": {
    "average": 11304.77,
    "deletion_coverage_propagation_cutoff": 582.0,
    "deletion_coverage_seed_cutoff": 0.0,
    "dispersion": 5771.956,
    "nbinom_dispersion": 3573.42518592212,
    "nbinom_mean_parameter": 11634.46,
    "nbinom_prob_parameter": 0.000279843552885787,
    "nbinom_size_parameter": 3.25674,
    "nbinom_variance": 41574872.3886034,
    "variance": 65250642.0
  }
}