{
  "MN908947": {
    "average": 10330.27,
    "deletion_coverage_propagation_cutoff": 144.0,
    "deletion_coverage_seed_cutoff": 0.0,
    "dispersion": 4759.547,
    "nbinom_dispersion": 24157.7463103589,
    "nbinom_mean_parameter": 36986.66,
    "nbinom_prob_parameter": 4.13945898409901e-05,
    "nbinom_size_parameter": 1.531111,
    "nbinom_variance": 893514349.147501,
    "variance": 49167414.0
  }
}