{
  "MN908947": {
    "average": 10334.17,
    "deletion_coverage_propagation_cutoff": 192.0,
    "deletion_coverage_seed_cutoff": 0.0,
    "dispersion": 6910.328,
    "nbinom_dispersion": 7881.65327322531,
    "nbinom_mean_parameter": 15797.66,
    "nbinom_prob_parameter": 0.000126876933726213,
    "nbinom_size_parameter": 2.004613,
    "nbinom_variance": 124511678.6483,
    "variance": 71412510.0
  }
}