{
  "MN908947": {
    "average": 14036.74,
    "deletion_coverage_propagation_cutoff": 28.0,
    "deletion_coverage_seed_cutoff": 0.0,
    "dispersion": 7358.179,
    "nbinom_dispersion": 47910.4890671698,
    "nbinom_mean_parameter": 52211.33,
    "nbinom_prob_parameter": 2.08722561482939e-05,
    "nbinom_size_parameter": 1.089791,
    "nbinom_variance": 2501470355.14739,
    "variance": 103284816.0
  }
}