{
  "MN908947": {
    "average": 7918.39,
    "deletion_coverage_propagation_cutoff": 233.0,
    "deletion_coverage_seed_cutoff": 0.0,
    "dispersion": 4888.484,
    "nbinom_dispersion": 83189.5328980831,
    "nbinom_mean_parameter": 112689.1,
    "nbinom_prob_parameter": 1.20207430570035e-05,
    "nbinom_size_parameter": 1.354623,
    "nbinom_variance": 9374553591.70538,
    "variance": 38708924.0
  }
}