{
  "MN908947": {
    "average": 8766.314,
    "deletion_coverage_propagation_cutoff": 834.0,
    "deletion_coverage_seed_cutoff": 0.0,
    "dispersion": 4127.886,
    "nbinom_dispersion": 2094.07307150147,
    "nbinom_mean_parameter": 9198.648,
    "nbinom_prob_parameter": 0.000477538254805499,
    "nbinom_size_parameter": 4.394805,
    "nbinom_variance": 19262641.0710208,
    "variance": 36186344.0
  }
}