REGION	POS	REF	ALT	REF_DP	REF_RV	REF_QUAL	ALT_DP	ALT_RV	ALT_QUAL	ALT_FREQ	TOTAL_DP	PVAL	PASS	GFF_FEATURE	REF_CODON	REF_AA	ALT_CODON	ALT_AA
MN908947.3	322	T	-G	17	2	29	19	0	20	0.730769	26	2.89494e-06	TRUE	NA	NA	NA	NA	NA
MN908947.3	3037	C	T	2	0	38	3542	450	69	0.999436	3544	0	TRUE	cds-QHD43415.1	TTC	F	TTT	F
MN908947.3	3130	C	T	1887	1884	38	1563	1561	38	0.453043	3450	0	TRUE	cds-QHD43415.1	TAC	Y	TAT	Y
MN908947.3	3327	A	G	4	1	62	7801	505	70	0.999231	7807	0	TRUE	cds-QHD43415.1	CAG	Q	CGG	R
MN908947.3	3716	G	A	0	0	0	567	508	39	1	567	0	TRUE	cds-QHD43415.1	GCT	A	ACT	T
MN908947.3	8655	C	T	2	0	38	27	0	38	0.931034	29	8.38797e-15	TRUE	cds-QHD43415.1	TCT	S	TTT	F
MN908947.3	11109	C	T	1	0	34	10590	192	38	0.999717	10593	0	TRUE	cds-QHD43415.1	GCT	A	GTT	V
MN908947.3	13774	C	T	4	1	57	5975	453	68	0.999164	5980	0	TRUE	cds-QHD43415.1	CCA	P	TCA	S
MN908947.3	14408	C	T	0	0	0	1158	80	70	1	1158	0	TRUE	cds-QHD43415.1	CCT	P	CTT	L
MN908947.3	15248	A	G	1	0	40	2223	3	38	0.999101	2225	0	TRUE	cds-QHD43415.1	AAA	K	AGA	R
MN908947.3	20600	T	C	1	0	27	12808	11	39	0.999532	12814	0	TRUE	cds-QHD43415.1	ATT	I	ACT	T
MN908947.3	21625	A	G	0	0	0	1329	968	39	1	1329	0	TRUE	cds-QHD43416.1	AGA	R	AGG	R
MN908947.3	22904	A	T	13	6	37	11	11	34	0.458333	24	0.000110472	TRUE	cds-QHD43416.1	AAT	N	TAT	Y
MN908947.3	23403	A	G	1	1	27	5815	5794	39	0.991475	5865	0	TRUE	cds-QHD43416.1	GAT	D	GGT	G
MN908947.3	24342	T	-TA	1455	1325	38	429	0	20	0.285619	1502	1.71865e-97	TRUE	NA	NA	NA	NA	NA
MN908947.3	25505	A	C	0	0	0	17448	2832	66	0.999828	17451	0	TRUE	cds-QHD43417.1	CAA	Q	CCA	P
MN908947.3	25855	G	T	2	2	35	3057	1616	39	0.999346	3059	0	TRUE	cds-QHD43417.1	GAC	D	TAC	Y
MN908947.3	28857	G	T	1	0	73	3947	469	64	0.999747	3948	0	TRUE	cds-QHD43423.2	AGA	R	ATA	I
MN908947.3	28881	G	A	2	0	55	3973	655	64	0.999497	3975	0	TRUE	cds-QHD43423.2	AGG	R	AAG	K
MN908947.3	28882	G	A	1	0	75	3976	656	63	0.999749	3977	0	TRUE	cds-QHD43423.2	AGG	R	AGA	R
MN908947.3	28883	G	C	1	0	79	3987	680	65	0.998998	3991	0	TRUE	cds-QHD43423.2	GGA	G	CGA	R
MN908947.3	29580	C	-T	3765	3337	39	3813	0	20	0.991935	3844	0	TRUE	NA	NA	NA	NA	NA
