{
  "MN908947": {
    "average": 7695.229,
    "deletion_coverage_propagation_cutoff": 150.0,
    "deletion_coverage_seed_cutoff": 0.0,
    "dispersion": 3745.63,
    "nbinom_dispersion": 3148.21136490651,
    "nbinom_mean_parameter": 7354.649,
    "nbinom_prob_parameter": 0.000317640680402567,
    "nbinom_size_parameter": 2.336878,
    "nbinom_variance": 23153989.5666983,
    "variance": 28823480.0
  }
}