{
  "MN908947": {
    "average": 2.101772,
    "deletion_coverage_propagation_cutoff": -1.0,
    "deletion_coverage_seed_cutoff": 0.0,
    "dispersion": 0.7513726,
    "nbinom_dispersion": 1.00000387399126,
    "nbinom_mean_parameter": 1.586148,
    "nbinom_prob_parameter": 0.999996126023745,
    "nbinom_size_parameter": 409435.1,
    "nbinom_variance": 1.58615414472349,
    "variance": 1.579214
  }
}