{
  "MN908947": {
    "average": 12235.75,
    "deletion_coverage_propagation_cutoff": 344.0,
    "deletion_coverage_seed_cutoff": 0.0,
    "dispersion": 5310.165,
    "nbinom_dispersion": 6128.71331167668,
    "nbinom_mean_parameter": 14877.42,
    "nbinom_prob_parameter": 0.000163166385690575,
    "nbinom_size_parameter": 2.427891,
    "nbinom_variance": 91179441.9974048,
    "variance": 64973840.0
  }
}