{
  "MN908947": {
    "average": 5.29735,
    "deletion_coverage_propagation_cutoff": 1.0,
    "deletion_coverage_seed_cutoff": 0.0,
    "dispersion": 4.983506,
    "nbinom_dispersion": 2.00056642490523,
    "nbinom_mean_parameter": 2.612593,
    "nbinom_prob_parameter": 0.499858433866984,
    "nbinom_size_parameter": 2.611114,
    "nbinom_variance": 5.22666583774243,
    "variance": 26.39938
  }
}