{
  "MN908947": {
    "average": 9866.463,
    "deletion_coverage_propagation_cutoff": 452.0,
    "deletion_coverage_seed_cutoff": 0.0,
    "dispersion": 4280.58,
    "nbinom_dispersion": 3732.49024793211,
    "nbinom_mean_parameter": 11130.11,
    "nbinom_prob_parameter": 0.000267917645747105,
    "nbinom_size_parameter": 2.982752,
    "nbinom_variance": 41543027.0334117,
    "variance": 42234183.0
  }
}