{
  "MN908947": {
    "average": 13673.64,
    "deletion_coverage_propagation_cutoff": 277.0,
    "deletion_coverage_seed_cutoff": 0.0,
    "dispersion": 6615.081,
    "nbinom_dispersion": 5525.45343454108,
    "nbinom_mean_parameter": 13046.61,
    "nbinom_prob_parameter": 0.000180980622105823,
    "nbinom_size_parameter": 2.361611,
    "nbinom_variance": 72088436.033618,
    "variance": 90452243.0
  }
}