{
  "MN908947": {
    "average": 9442.913,
    "deletion_coverage_propagation_cutoff": 944.2913,
    "deletion_coverage_seed_cutoff": 0.0,
    "dispersion": 15055.73,
    "nbinom_dispersion": 342632.90259138,
    "nbinom_mean_parameter": 0.0,
    "nbinom_prob_parameter": 2.91857551460138e-06,
    "nbinom_size_parameter": 0.0,
    "nbinom_variance": 1592215098.34214,
    "variance": 142169938.0
  }
}