{
  "MN908947": {
    "average": 8953.601,
    "deletion_coverage_propagation_cutoff": 1.0,
    "deletion_coverage_seed_cutoff": 0.0,
    "dispersion": 7830.333,
    "nbinom_dispersion": 21469.6251549275,
    "nbinom_mean_parameter": 15497.55,
    "nbinom_prob_parameter": 4.65774317336177e-05,
    "nbinom_size_parameter": 0.7218697,
    "nbinom_variance": 332726589.319747,
    "variance": 70109679.0
  }
}