{
  "MN908947": {
    "average": 11024.28,
    "deletion_coverage_propagation_cutoff": 400.0,
    "deletion_coverage_seed_cutoff": 0.0,
    "dispersion": 7960.484,
    "nbinom_dispersion": 608.17774414076,
    "nbinom_mean_parameter": 3248.356,
    "nbinom_prob_parameter": 0.00164425615641824,
    "nbinom_size_parameter": 5.349926,
    "nbinom_variance": 1975577.8242461,
    "variance": 87758604.0
  }
}