{
  "MN908947": {
    "average": 12398.29,
    "deletion_coverage_propagation_cutoff": 331.0,
    "deletion_coverage_seed_cutoff": 0.0,
    "dispersion": 5341.674,
    "nbinom_dispersion": 6079.72422252176,
    "nbinom_mean_parameter": 14652.09,
    "nbinom_prob_parameter": 0.000164481144768968,
    "nbinom_size_parameter": 2.410389,
    "nbinom_variance": 89080666.4835688,
    "variance": 66227600.0
  }
}