{
  "MN908947": {
    "average": 2.573246,
    "deletion_coverage_propagation_cutoff": -1.0,
    "deletion_coverage_seed_cutoff": 0.0,
    "dispersion": 1.018035,
    "nbinom_dispersion": 1.00010041975187,
    "nbinom_mean_parameter": 2.001209,
    "nbinom_prob_parameter": 0.999899590331242,
    "nbinom_size_parameter": 19928.44,
    "nbinom_variance": 2.00140996091122,
    "variance": 2.619654
  }
}