{
  "MN908947": {
    "average": 6230.174,
    "deletion_coverage_propagation_cutoff": 1.0,
    "deletion_coverage_seed_cutoff": 0.0,
    "dispersion": 5297.063,
    "nbinom_dispersion": 10526.0031011495,
    "nbinom_mean_parameter": 5506.609,
    "nbinom_prob_parameter": 9.50028220959576e-05,
    "nbinom_size_parameter": 0.5231931,
    "nbinom_variance": 57962583.4108175,
    "variance": 33001625.0
  }
}