REGION	POS	REF	ALT	REF_DP	REF_RV	REF_QUAL	ALT_DP	ALT_RV	ALT_QUAL	ALT_FREQ	TOTAL_DP	PVAL	PASS	GFF_FEATURE	REF_CODON	REF_AA	ALT_CODON	ALT_AA
MN908947.3	241	C	T	0	0	0	642	85	66	1	642	0	TRUE	NA	NA	NA	NA	NA
MN908947.3	1090	T	C	4	1	63	3949	113	62	0.998735	3954	0	TRUE	cds-QHD43415.1	TTT	F	TTC	F
MN908947.3	3037	C	T	5	0	72	10779	1178	70	0.999444	10785	0	TRUE	cds-QHD43415.1	TTC	F	TTT	F
MN908947.3	3832	C	T	80	37	38	1916	9	37	0.95992	1996	0	TRUE	cds-QHD43415.1	AGC	S	AGT	S
MN908947.3	4543	C	T	1	0	76	4638	1047	66	0.999784	4639	0	TRUE	cds-QHD43415.1	ACC	T	ACT	T
MN908947.3	5629	G	T	55	11	38	5068	9	38	0.989264	5123	0	TRUE	cds-QHD43415.1	ACG	T	ACT	T
MN908947.3	9526	G	T	0	0	0	2055	553	39	0.999514	2056	0	TRUE	cds-QHD43415.1	ATG	M	ATT	I
MN908947.3	11497	C	T	0	0	0	2750	189	70	1	2750	0	TRUE	cds-QHD43415.1	TAC	Y	TAT	Y
MN908947.3	13993	G	T	4	0	35	16659	44	39	0.99976	16663	0	TRUE	cds-QHD43415.1	GCT	A	TCT	S
MN908947.3	14408	C	T	0	0	0	1712	198	68	1	1712	0	TRUE	cds-QHD43415.1	CCT	P	CTT	L
MN908947.3	15766	G	T	2	2	36	6294	6244	38	0.999682	6296	0	TRUE	cds-QHD43415.1	GTG	V	TTG	L
MN908947.3	16889	A	G	0	0	0	6090	40	39	1	6090	0	TRUE	cds-QHD43415.1	AAA	K	AGA	R
MN908947.3	17019	G	T	0	0	0	5940	5902	37	0.999663	5942	0	TRUE	cds-QHD43415.1	GAG	E	GAT	D
MN908947.3	17304	C	T	4	2	58	7490	1115	67	0.999466	7494	0	TRUE	cds-QHD43415.1	GTC	V	GTT	V
MN908947.3	18877	C	T	4	4	36	8920	8875	37	0.999552	8924	0	TRUE	cds-QHD43415.1	CTA	L	TTA	L
MN908947.3	22992	G	A	0	0	0	429	91	54	1	429	6.66894e-309	TRUE	cds-QHD43416.1	AGC	S	AAC	N
MN908947.3	23403	A	G	3	3	39	14605	14168	38	0.999521	14612	0	TRUE	cds-QHD43416.1	GAT	D	GGT	G
MN908947.3	25354	G	T	88	11	38	4754	25	39	0.981623	4843	0	TRUE	cds-QHD43416.1	GTG	V	GTT	V
MN908947.3	25563	G	T	1	1	27	5080	4911	38	0.999213	5084	0	TRUE	cds-QHD43417.1	CAG	Q	CAT	H
MN908947.3	25710	C	T	1	0	40	2911	40	39	0.999657	2912	0	TRUE	cds-QHD43417.1	CTC	L	CTT	L
MN908947.3	26735	C	T	3	1	34	3179	501	66	0.999057	3182	0	TRUE	cds-QHD43419.1	TAC	Y	TAT	Y
MN908947.3	26876	T	C	7	1	36	11788	2895	38	0.999322	11796	0	TRUE	cds-QHD43419.1	ATT	I	ATC	I
MN908947.3	28280	G	T	4	0	35	13867	2738	60	0.999568	13873	0	TRUE	cds-QHD43423.2	GAT	D	TAT	Y
MN908947.3	28975	G	C	0	0	0	7774	7640	38	0.998587	7785	0	TRUE	cds-QHD43423.2	ATG	M	ATC	I
MN908947.3	29399	G	A	6	0	38	5655	48	38	0.99894	5661	0	TRUE	cds-QHD43423.2	GCT	A	ACT	T
MN908947.3	29427	G	A	5	0	38	5593	47	38	0.998928	5599	0	TRUE	cds-QHD43423.2	AGA	R	AAA	K
MN908947.3	29537	C	T	11	2	50	15061	1894	49	0.999204	15073	0	TRUE	NA	NA	NA	NA	NA
