{
  "MN908947": {
    "average": 8788.387,
    "deletion_coverage_propagation_cutoff": 456.0,
    "deletion_coverage_seed_cutoff": 0.0,
    "dispersion": 5091.399,
    "nbinom_dispersion": 2367.78846156088,
    "nbinom_mean_parameter": 8121.521,
    "nbinom_prob_parameter": 0.000422335025376712,
    "nbinom_size_parameter": 3.431452,
    "nbinom_variance": 19230043.7141244,
    "variance": 44745182.0
  }
}