{
  "MN908947": {
    "average": 13132.86,
    "deletion_coverage_propagation_cutoff": 282.0,
    "deletion_coverage_seed_cutoff": 0.0,
    "dispersion": 6158.402,
    "nbinom_dispersion": 7810.00703584618,
    "nbinom_mean_parameter": 17071.2,
    "nbinom_prob_parameter": 0.000128040857762384,
    "nbinom_size_parameter": 2.186091,
    "nbinom_variance": 133326192.110337,
    "variance": 80877399.0
  }
}