REGION	POS	REF	ALT	REF_DP	REF_RV	REF_QUAL	ALT_DP	ALT_RV	ALT_QUAL	ALT_FREQ	TOTAL_DP	PVAL	PASS	GFF_FEATURE	REF_CODON	REF_AA	ALT_CODON	ALT_AA
MN908947.3	18877	C	T	0	0	0	17	17	38	1	17	8.57043e-10	TRUE	cds-QHD43415.1	CTA	L	TTA	L
MN908947.3	23403	A	G	0	0	0	10	9	39	1	10	1.08251e-05	TRUE	cds-QHD43416.1	GAT	D	GGT	G
MN908947.3	25563	G	T	0	0	0	11	11	38	1	11	2.83514e-06	TRUE	cds-QHD43417.1	CAG	Q	CAT	H
MN908947.3	26735	C	T	0	0	0	11	6	38	1	11	2.83514e-06	TRUE	cds-QHD43419.1	TAC	Y	TAT	Y
MN908947.3	28139	C	T	1	0	27	19	10	39	0.95	20	2.90178e-10	TRUE	cds-QHD43422.1	TCC	S	TCT	S
MN908947.3	28250	T	+CTG	19	10	38	6	0	20	0.315789	19	0.0290497	FALSE	NA	NA	NA	NA	NA
MN908947.3	28253	C	-A	18	9	36	6	0	20	0.315789	19	0.0256579	FALSE	NA	NA	NA	NA	NA
MN908947.3	28854	C	T	0	0	0	10	5	38	1	10	5.41254e-06	TRUE	cds-QHD43423.2	TCA	S	TTA	L
