{
  "MN908947": {
    "average": 2332.605,
    "deletion_coverage_propagation_cutoff": 3.0,
    "deletion_coverage_seed_cutoff": 0.0,
    "dispersion": 11095.59,
    "nbinom_dispersion": 2959.05830940454,
    "nbinom_mean_parameter": 3528.298,
    "nbinom_prob_parameter": 0.000337945351337545,
    "nbinom_size_parameter": 1.192775,
    "nbinom_variance": 10440439.5149554,
    "variance": 25881633.0
  }
}