{
  "MN908947": {
    "average": 10350.85,
    "deletion_coverage_propagation_cutoff": 566.0,
    "deletion_coverage_seed_cutoff": 0.0,
    "dispersion": 5437.26,
    "nbinom_dispersion": 1311.29993578951,
    "nbinom_mean_parameter": 5938.24,
    "nbinom_prob_parameter": 0.000762602035359604,
    "nbinom_size_parameter": 4.53197,
    "nbinom_variance": 7786813.73070272,
    "variance": 56280269.0
  }
}