REGION	POS	REF	ALT	REF_DP	REF_RV	REF_QUAL	ALT_DP	ALT_RV	ALT_QUAL	ALT_FREQ	TOTAL_DP	PVAL	PASS	GFF_FEATURE	REF_CODON	REF_AA	ALT_CODON	ALT_AA
MN908947.3	241	C	T	0	0	0	370	38	66	1	370	8.30787e-292	TRUE	NA	NA	NA	NA	NA
MN908947.3	1154	A	G	0	0	0	3536	518	67	1	3536	0	TRUE	cds-QHD43415.1	ATG	M	GTG	V
MN908947.3	3037	C	T	3	0	60	7784	1026	68	0.999358	7789	0	TRUE	cds-QHD43415.1	TTC	F	TTT	F
MN908947.3	6262	T	C	60	5	38	9117	113	38	0.993245	9179	0	TRUE	cds-QHD43415.1	AAT	N	AAC	N
MN908947.3	8152	C	T	1	0	65	6959	726	67	0.999139	6965	0	TRUE	cds-QHD43415.1	GTC	V	GTT	V
MN908947.3	10702	C	T	1	0	39	4022	2940	38	0.999751	4023	0	TRUE	cds-QHD43415.1	GAC	D	GAT	D
MN908947.3	12121	A	G	51	35	37	2098	2022	39	0.975814	2150	0	TRUE	cds-QHD43415.1	CCA	P	CCG	P
MN908947.3	14408	C	T	1	0	79	1848	203	68	0.999459	1849	0	TRUE	cds-QHD43415.1	CCT	P	CTT	L
MN908947.3	18877	C	T	1	1	38	6675	6649	37	0.99985	6676	0	TRUE	cds-QHD43415.1	CTA	L	TTA	L
MN908947.3	23403	A	G	4	4	36	9301	9004	38	0.998926	9311	0	TRUE	cds-QHD43416.1	GAT	D	GGT	G
MN908947.3	23587	G	T	2	0	28	2100	22	39	0.999049	2102	0	TRUE	cds-QHD43416.1	CAG	Q	CAT	H
MN908947.3	25563	G	T	1	1	36	6035	5981	38	0.999669	6037	0	TRUE	cds-QHD43417.1	CAG	Q	CAT	H
MN908947.3	25677	G	T	0	0	0	3431	38	39	1	3431	0	TRUE	cds-QHD43417.1	TTG	L	TTT	F
MN908947.3	26681	C	T	2	0	78	2963	235	64	0.999325	2965	0	TRUE	cds-QHD43419.1	TTC	F	TTT	F
MN908947.3	28272	A	G	15	5	48	14314	5007	47	0.998883	14330	0	TRUE	NA	NA	NA	NA	NA
MN908947.3	28975	G	T	0	0	0	3137	3032	38	1	3137	0	TRUE	cds-QHD43423.2	ATG	M	ATT	I
MN908947.3	29474	G	T	1	0	73	3640	946	54	0.999451	3642	0	TRUE	cds-QHD43423.2	GAT	D	TAT	Y
