{
  "MN908947": {
    "average": 9416.939,
    "deletion_coverage_propagation_cutoff": 53.0,
    "deletion_coverage_seed_cutoff": 0.0,
    "dispersion": 5658.132,
    "nbinom_dispersion": 19509.0399614906,
    "nbinom_mean_parameter": 0.0,
    "nbinom_prob_parameter": 5.12582885664249e-05,
    "nbinom_size_parameter": 0.0,
    "nbinom_variance": 269327759.199567,
    "variance": 53282282.0
  }
}