{
  "MN908947": {
    "average": 10018.55,
    "deletion_coverage_propagation_cutoff": 399.0,
    "deletion_coverage_seed_cutoff": 0.0,
    "dispersion": 5733.219,
    "nbinom_dispersion": 1722.47840829278,
    "nbinom_mean_parameter": 6272.136,
    "nbinom_prob_parameter": 0.000580558801309528,
    "nbinom_size_parameter": 3.643459,
    "nbinom_variance": 10803618.8338758,
    "variance": 57438521.0
  }
}