REGION	POS	REF	ALT	REF_DP	REF_RV	REF_QUAL	ALT_DP	ALT_RV	ALT_QUAL	ALT_FREQ	TOTAL_DP	PVAL	PASS	GFF_FEATURE	REF_CODON	REF_AA	ALT_CODON	ALT_AA
MN908947.3	241	C	T	0	0	0	212	36	64	1	212	1.94186e-164	TRUE	NA	NA	NA	NA	NA
MN908947.3	322	T	-G	316	205	34	116	0	20	0.334294	347	3.06986e-29	TRUE	NA	NA	NA	NA	NA
MN908947.3	3037	C	T	1	0	31	9923	1376	68	0.999899	9924	0	TRUE	cds-QHD43415.1	TTC	F	TTT	F
MN908947.3	3264	C	T	3	0	38	7896	35	39	0.999367	7901	0	TRUE	cds-QHD43415.1	ACT	T	ATT	I
MN908947.3	4002	C	T	0	0	0	1933	255	67	0.999483	1934	0	TRUE	cds-QHD43415.1	ACT	T	ATT	I
MN908947.3	10097	G	A	86	83	38	8870	8786	39	0.990397	8956	0	TRUE	cds-QHD43415.1	GGT	G	AGT	S
MN908947.3	11433	A	G	2	0	36	2791	62	38	0.998926	2794	0	TRUE	cds-QHD43415.1	TAT	Y	TGT	C
MN908947.3	12534	C	T	0	0	0	10917	64	39	0.999268	10925	0	TRUE	cds-QHD43415.1	ACT	T	ATT	I
MN908947.3	13536	C	T	1	0	74	6832	1518	65	0.999707	6834	0	TRUE	cds-QHD43415.1	TAC	Y	TAT	Y
MN908947.3	14408	C	T	0	0	0	2312	205	68	1	2312	0	TRUE	cds-QHD43415.1	CCT	P	CTT	L
MN908947.3	14790	C	T	3	1	39	12453	2654	66	0.999759	12456	0	TRUE	cds-QHD43415.1	ATC	I	ATT	I
MN908947.3	17010	C	T	4	4	34	6936	6891	38	0.999424	6940	0	TRUE	cds-QHD43415.1	ATC	I	ATT	I
MN908947.3	18508	C	T	3	3	35	8422	8262	38	0.999644	8425	0	TRUE	cds-QHD43415.1	CTT	L	TTT	F
MN908947.3	19524	C	T	2	2	37	2727	2689	38	0.999267	2729	0	TRUE	cds-QHD43415.1	CTC	L	CTT	L
MN908947.3	21853	G	A	4	1	39	10450	1051	68	0.999426	10456	0	TRUE	cds-QHD43416.1	AAG	K	AAA	K
MN908947.3	23403	A	G	2	2	33	14317	13993	38	0.999651	14322	0	TRUE	cds-QHD43416.1	GAT	D	GGT	G
MN908947.3	23484	A	G	8	3	37	20260	14679	38	0.999605	20268	0	TRUE	cds-QHD43416.1	AAT	N	AGT	S
MN908947.3	23593	G	T	2	0	38	5086	34	39	0.999607	5088	0	TRUE	cds-QHD43416.1	CAG	Q	CAT	H
MN908947.3	23731	C	T	1	1	40	5454	5405	38	0.999633	5456	0	TRUE	cds-QHD43416.1	ACC	T	ACT	T
MN908947.3	28093	C	T	58	34	37	6671	6579	38	0.991381	6729	0	TRUE	cds-QHD43422.1	TCT	S	TTT	F
MN908947.3	28250	T	+CTG	4634	452	61	7673	0	20	0.981453	7818	0	TRUE	NA	NA	NA	NA	NA
MN908947.3	28253	C	-A	4571	478	63	7847	0	20	0.996698	7873	0	TRUE	NA	NA	NA	NA	NA
MN908947.3	28846	C	T	6	1	53	9570	2220	54	0.999373	9576	0	TRUE	cds-QHD43423.2	CGC	R	CGT	R
MN908947.3	28881	G	A	6	2	40	9656	2798	55	0.999172	9664	0	TRUE	cds-QHD43423.2	AGG	R	AAG	K
MN908947.3	28882	G	A	5	2	41	9669	2793	55	0.999483	9674	0	TRUE	cds-QHD43423.2	AGG	R	AGA	R
MN908947.3	28883	G	C	2	1	37	9717	2844	56	0.999177	9725	0	TRUE	cds-QHD43423.2	GGA	G	CGA	R
MN908947.3	28908	G	T	3	1	52	9725	3499	53	0.999281	9732	0	TRUE	cds-QHD43423.2	GGC	G	GTC	V
