{
  "MN908947": {
    "average": 7585.665,
    "deletion_coverage_propagation_cutoff": 1.0,
    "deletion_coverage_seed_cutoff": 0.0,
    "dispersion": 6300.797,
    "nbinom_dispersion": 7328.20862871173,
    "nbinom_mean_parameter": 6878.856,
    "nbinom_prob_parameter": 0.000136458997098148,
    "nbinom_size_parameter": 0.9388099,
    "nbinom_variance": 50409691.8948655,
    "variance": 47795739.0
  }
}