{
  "MN908947": {
    "average": 6653.096,
    "deletion_coverage_propagation_cutoff": 109.0,
    "deletion_coverage_seed_cutoff": 0.0,
    "dispersion": 5055.631,
    "nbinom_dispersion": 928.842813843232,
    "nbinom_mean_parameter": 2754.165,
    "nbinom_prob_parameter": 0.00107660842620114,
    "nbinom_size_parameter": 2.968353,
    "nbinom_variance": 2558186.36838855,
    "variance": 33635599.0
  }
}