{
  "MN908947": {
    "average": 9032.461,
    "deletion_coverage_propagation_cutoff": 72.0,
    "deletion_coverage_seed_cutoff": 0.0,
    "dispersion": 6713.561,
    "nbinom_dispersion": 1856.7444995178,
    "nbinom_mean_parameter": 4137.104,
    "nbinom_prob_parameter": 0.000538577063381474,
    "nbinom_size_parameter": 2.22935,
    "nbinom_variance": 7681545.09593308,
    "variance": 60639975.0
  }
}