{
  "MN908947": {
    "average": 9024.94,
    "deletion_coverage_propagation_cutoff": 2.0,
    "deletion_coverage_seed_cutoff": 0.0,
    "dispersion": 7753.204,
    "nbinom_dispersion": 13067.470981791,
    "nbinom_mean_parameter": 12325.41,
    "nbinom_prob_parameter": 7.6525901713764e-05,
    "nbinom_size_parameter": 0.9432853,
    "nbinom_variance": 161061937.513676,
    "variance": 69972199.0
  }
}