{
  "MN908947": {
    "average": 2341.691,
    "deletion_coverage_propagation_cutoff": 99.0,
    "deletion_coverage_seed_cutoff": 0.0,
    "dispersion": 9468.442,
    "nbinom_dispersion": 150.438814621494,
    "nbinom_mean_parameter": 805.305,
    "nbinom_prob_parameter": 0.00664722068248152,
    "nbinom_size_parameter": 5.388861,
    "nbinom_variance": 121149.129608762,
    "variance": 22172167.0
  }
}