{
  "MN908947": {
    "average": 10747.4,
    "deletion_coverage_propagation_cutoff": 396.0,
    "deletion_coverage_seed_cutoff": 0.0,
    "dispersion": 7421.077,
    "nbinom_dispersion": 594.294647630931,
    "nbinom_mean_parameter": 3191.377,
    "nbinom_prob_parameter": 0.00168266701372182,
    "nbinom_size_parameter": 5.379076,
    "nbinom_variance": 1896618.26967246,
    "variance": 79757270.0
  }
}