{
  "MN908947": {
    "average": 8.549912,
    "deletion_coverage_propagation_cutoff": 1.0,
    "deletion_coverage_seed_cutoff": 0.0,
    "dispersion": 3.658454,
    "nbinom_dispersion": 3.12381323497942,
    "nbinom_mean_parameter": 9.200017,
    "nbinom_prob_parameter": 0.32012157090646,
    "nbinom_size_parameter": 4.331839,
    "nbinom_variance": 28.7391348666356,
    "variance": 31.27946
  }
}