{
  "MN908947": {
    "average": 2675.745,
    "deletion_coverage_propagation_cutoff": 8.0,
    "deletion_coverage_seed_cutoff": 0.0,
    "dispersion": 9714.763,
    "nbinom_dispersion": 499.964719429369,
    "nbinom_mean_parameter": 935.968,
    "nbinom_prob_parameter": 0.00200014113224097,
    "nbinom_size_parameter": 1.87582,
    "nbinom_variance": 467950.978514868,
    "variance": 25994230.0
  }
}