{
  "MN908947": {
    "average": 7338.181,
    "deletion_coverage_propagation_cutoff": 1.0,
    "deletion_coverage_seed_cutoff": 0.0,
    "dispersion": 23191.98,
    "nbinom_dispersion": 43683.4668168769,
    "nbinom_mean_parameter": 31116.55,
    "nbinom_prob_parameter": 2.2891955993146e-05,
    "nbinom_size_parameter": 0.712335,
    "nbinom_variance": 1359278779.38069,
    "variance": 170186975.0
  }
}