REGION	POS	REF	ALT	REF_DP	REF_RV	REF_QUAL	ALT_DP	ALT_RV	ALT_QUAL	ALT_FREQ	TOTAL_DP	PVAL	PASS	GFF_FEATURE	REF_CODON	REF_AA	ALT_CODON	ALT_AA
MN908947.3	241	C	T	1	0	78	310	29	69	0.996785	311	2.07802e-245	TRUE	NA	NA	NA	NA	NA
MN908947.3	322	T	-G	411	299	35	116	0	20	0.257206	451	6.93196e-29	TRUE	NA	NA	NA	NA	NA
MN908947.3	832	C	T	1	0	33	11449	1259	65	0.999738	11452	0	TRUE	cds-QHD43415.1	AAC	N	AAT	N
MN908947.3	1947	T	C	36	2	38	7168	40	38	0.994865	7205	0	TRUE	cds-QHD43415.1	GTT	V	GCT	A
MN908947.3	3037	C	T	2	1	55	9911	1017	70	0.999697	9914	0	TRUE	cds-QHD43415.1	TTC	F	TTT	F
MN908947.3	3707	T	G	1	0	77	9760	2104	66	0.999693	9763	0	TRUE	cds-QHD43415.1	TTA	L	GTA	V
MN908947.3	6641	G	T	6	0	79	5794	237	72	0.997933	5806	0	TRUE	cds-QHD43415.1	GGT	G	TGT	C
MN908947.3	11208	C	T	4	1	51	4356	606	68	0.999083	4360	0	TRUE	cds-QHD43415.1	GCT	A	GTT	V
MN908947.3	12641	C	T	2	2	31	9477	881	71	0.999789	9479	0	TRUE	cds-QHD43415.1	CTT	L	TTT	F
MN908947.3	14408	C	T	0	0	0	2135	169	70	1	2135	0	TRUE	cds-QHD43415.1	CCT	P	CTT	L
MN908947.3	15540	C	T	16	1	39	7498	31	39	0.997738	7515	0	TRUE	cds-QHD43415.1	GTC	V	GTT	V
MN908947.3	18877	C	T	2	2	38	9240	9197	37	0.999784	9242	0	TRUE	cds-QHD43415.1	CTA	L	TTA	L
MN908947.3	19009	G	T	1	0	34	7082	18	39	0.999859	7083	0	TRUE	cds-QHD43415.1	GAC	D	TAC	Y
MN908947.3	22444	C	T	2	0	73	3553	166	69	0.999156	3556	0	TRUE	cds-QHD43416.1	GAC	D	GAT	D
MN908947.3	23403	A	G	3	3	35	11512	11109	38	0.999566	11517	0	TRUE	cds-QHD43416.1	GAT	D	GGT	G
MN908947.3	25563	G	T	1	1	36	5001	4924	38	0.9996	5003	0	TRUE	cds-QHD43417.1	CAG	Q	CAT	H
MN908947.3	25595	G	T	0	0	0	5092	5040	38	0.999804	5093	0	TRUE	cds-QHD43417.1	AGA	R	ATA	I
MN908947.3	26735	C	T	0	0	0	2885	697	61	1	2885	0	TRUE	cds-QHD43419.1	TAC	Y	TAT	Y
MN908947.3	26828	G	T	4	4	39	2647	2550	39	0.998491	2651	0	TRUE	cds-QHD43419.1	CTG	L	CTT	L
MN908947.3	28854	C	T	0	0	0	774	303	48	1	774	0	TRUE	cds-QHD43423.2	TCA	S	TTA	L
MN908947.3	29311	C	T	17	15	38	1072	961	38	0.984389	1089	0	TRUE	cds-QHD43423.2	TTC	F	TTT	F
