{
  "MN908947": {
    "average": 1.746284,
    "deletion_coverage_propagation_cutoff": -1.0,
    "deletion_coverage_seed_cutoff": 0.0,
    "dispersion": 0.5028261,
    "nbinom_dispersion": 1.00000150565548,
    "nbinom_mean_parameter": 1.261887,
    "nbinom_prob_parameter": 0.999998494346784,
    "nbinom_size_parameter": 838098.1,
    "nbinom_variance": 1.26188889996708,
    "variance": 0.8780771
  }
}