{
  "MN908947": {
    "average": 13266.67,
    "deletion_coverage_propagation_cutoff": 7.0,
    "deletion_coverage_seed_cutoff": 0.0,
    "dispersion": 6140.562,
    "nbinom_dispersion": 37967.5090765338,
    "nbinom_mean_parameter": 36245.51,
    "nbinom_prob_parameter": 2.63383093682609e-05,
    "nbinom_size_parameter": 0.9546706,
    "nbinom_variance": 1376151729.9086,
    "variance": 81464791.0
  }
}