{
  "MN908947": {
    "average": 13934.32,
    "deletion_coverage_propagation_cutoff": 575.0,
    "deletion_coverage_seed_cutoff": 0.0,
    "dispersion": 6906.789,
    "nbinom_dispersion": 71752.9161670331,
    "nbinom_mean_parameter": 115641.2,
    "nbinom_prob_parameter": 1.39367157938516e-05,
    "nbinom_size_parameter": 1.611681,
    "nbinom_variance": 8297593329.0551,
    "variance": 96241374.0
  }
}