{
  "MN908947": {
    "average": 10620.37,
    "deletion_coverage_propagation_cutoff": 213.0,
    "deletion_coverage_seed_cutoff": 0.0,
    "dispersion": 12282.35,
    "nbinom_dispersion": 679.009948969691,
    "nbinom_mean_parameter": 2742.715,
    "nbinom_prob_parameter": 0.00147273247102987,
    "nbinom_size_parameter": 4.045243,
    "nbinom_variance": 1862330.77218841,
    "variance": 130443091.0
  }
}