{
  "MN908947": {
    "average": 12802.72,
    "deletion_coverage_propagation_cutoff": 686.0,
    "deletion_coverage_seed_cutoff": 0.0,
    "dispersion": 6041.028,
    "nbinom_dispersion": 4027.99206719609,
    "nbinom_mean_parameter": 13296.56,
    "nbinom_prob_parameter": 0.00024826265377829,
    "nbinom_size_parameter": 3.301859,
    "nbinom_variance": 53558438.2009968,
    "variance": 77341577.0
  }
}