{
  "MN908947": {
    "average": 12901.02,
    "deletion_coverage_propagation_cutoff": 12.0,
    "deletion_coverage_seed_cutoff": 0.0,
    "dispersion": 8169.835,
    "nbinom_dispersion": 48324.493698024,
    "nbinom_mean_parameter": 47875.1,
    "nbinom_prob_parameter": 2.06934397750533e-05,
    "nbinom_size_parameter": 0.990721,
    "nbinom_variance": 2313539968.24227,
    "variance": 105399206.0
  }
}