{
  "MN908947": {
    "average": 8650.01,
    "deletion_coverage_propagation_cutoff": 18.0,
    "deletion_coverage_seed_cutoff": 0.0,
    "dispersion": 4930.184,
    "nbinom_dispersion": 4272.31074435391,
    "nbinom_mean_parameter": 6187.472,
    "nbinom_prob_parameter": 0.00023406537113939,
    "nbinom_size_parameter": 1.448612,
    "nbinom_variance": 26434803.1059889,
    "variance": 42646141.0
  }
}