{
  "MN908947": {
    "average": 10208.97,
    "deletion_coverage_propagation_cutoff": 842.0,
    "deletion_coverage_seed_cutoff": 0.0,
    "dispersion": 8983.897,
    "nbinom_dispersion": 1169.98570864855,
    "nbinom_mean_parameter": 6478.873,
    "nbinom_prob_parameter": 0.000854711294854274,
    "nbinom_size_parameter": 5.542303,
    "nbinom_variance": 7580188.81814897,
    "variance": 91716341.0
  }
}