{
  "MN908947": {
    "average": 9626.578,
    "deletion_coverage_propagation_cutoff": 1247.0,
    "deletion_coverage_seed_cutoff": 0.0,
    "dispersion": 4701.098,
    "nbinom_dispersion": 1393.3455388509,
    "nbinom_mean_parameter": 8464.638,
    "nbinom_prob_parameter": 0.000717697062298493,
    "nbinom_size_parameter": 6.079409,
    "nbinom_variance": 11794165.5952878,
    "variance": 45255485.0
  }
}