{
  "MN908947": {
    "average": 2.338817,
    "deletion_coverage_propagation_cutoff": -1.0,
    "deletion_coverage_seed_cutoff": 0.0,
    "dispersion": 0.8368366,
    "nbinom_dispersion": 1.0001841435,
    "nbinom_mean_parameter": 1.841435,
    "nbinom_prob_parameter": 0.999815890402586,
    "nbinom_size_parameter": 10000.0,
    "nbinom_variance": 1.84177408828592,
    "variance": 1.957208
  }
}