REGION	POS	REF	ALT	REF_DP	REF_RV	REF_QUAL	ALT_DP	ALT_RV	ALT_QUAL	ALT_FREQ	TOTAL_DP	PVAL	PASS	GFF_FEATURE	REF_CODON	REF_AA	ALT_CODON	ALT_AA
MN908947.3	241	C	T	0	0	0	1444	209	66	1	1444	0	TRUE	NA	NA	NA	NA	NA
MN908947.3	823	C	T	3	0	61	11118	1219	66	0.99964	11122	0	TRUE	cds-QHD43415.1	GTC	V	GTT	V
MN908947.3	1947	T	C	104	17	38	20561	128	38	0.994919	20666	0	TRUE	cds-QHD43415.1	GTT	V	GCT	A
MN908947.3	3037	C	T	2	0	62	11457	1163	70	0.999738	11460	0	TRUE	cds-QHD43415.1	TTC	F	TTT	F
MN908947.3	6220	G	A	6	1	35	22168	3472	39	0.999639	22176	0	TRUE	cds-QHD43415.1	TTG	L	TTA	L
MN908947.3	6731	A	G	61	32	42	6226	5971	40	0.989983	6289	0	TRUE	cds-QHD43415.1	ATA	I	GTA	V
MN908947.3	8027	G	T	3	0	40	9158	43	39	0.999127	9166	0	TRUE	cds-QHD43415.1	GTT	V	TTT	F
MN908947.3	10189	C	T	1	0	40	3866	173	39	0.999741	3867	0	TRUE	cds-QHD43415.1	ACC	T	ACT	T
MN908947.3	14408	C	T	2	1	39	991	215	64	0.997986	993	0	TRUE	cds-QHD43415.1	CCT	P	CTT	L
MN908947.3	15438	G	T	2	2	38	6400	6153	39	0.999531	6403	0	TRUE	cds-QHD43415.1	ATG	M	ATT	I
MN908947.3	17977	C	T	109	49	38	2608	2467	39	0.959882	2717	0	TRUE	cds-QHD43415.1	CTT	L	TTT	F
MN908947.3	18877	C	T	1	1	35	12279	12199	37	0.999919	12280	0	TRUE	cds-QHD43415.1	CTA	L	TTA	L
MN908947.3	18981	C	T	11	6	35	4981	54	38	0.997796	4992	0	TRUE	cds-QHD43415.1	CAC	H	CAT	H
MN908947.3	20037	T	C	0	0	0	2411	172	66	1	2411	0	TRUE	cds-QHD43415.1	AAT	N	AAC	N
MN908947.3	21785	G	C	1	0	40	13594	89	39	0.999632	13599	0	TRUE	cds-QHD43416.1	GGT	G	CGT	R
MN908947.3	21928	C	T	4	3	33	14087	13943	39	0.999645	14092	0	TRUE	cds-QHD43416.1	AAC	N	AAT	N
MN908947.3	22444	C	T	5	1	60	6519	346	70	0.999234	6524	0	TRUE	cds-QHD43416.1	GAC	D	GAT	D
MN908947.3	23403	A	G	1	1	27	10569	10126	39	0.999433	10575	0	TRUE	cds-QHD43416.1	GAT	D	GGT	G
MN908947.3	25207	C	T	0	0	0	1580	233	65	1	1580	0	TRUE	cds-QHD43416.1	TAC	Y	TAT	Y
MN908947.3	25563	G	T	1	1	39	4372	4261	38	0.998858	4377	0	TRUE	cds-QHD43417.1	CAG	Q	CAT	H
MN908947.3	26735	C	T	1	0	27	1421	638	52	0.999297	1422	0	TRUE	cds-QHD43419.1	TAC	Y	TAT	Y
MN908947.3	27699	T	C	0	0	0	236	169	40	1	236	1.20783e-146	TRUE	cds-QHD43421.1	CTT	L	CTC	L
MN908947.3	28093	C	T	60	40	39	1077	995	39	0.94723	1137	0	TRUE	cds-QHD43422.1	TCT	S	TTT	F
MN908947.3	28854	C	T	0	0	0	439	143	52	0.997727	440	5.18169e-313	TRUE	cds-QHD43423.2	TCA	S	TTA	L
MN908947.3	29555	C	T	167	75	37	2036	1371	39	0.924194	2203	0	TRUE	NA	NA	NA	NA	NA
