{
  "MN908947": {
    "average": 9830.512,
    "deletion_coverage_propagation_cutoff": 727.0,
    "deletion_coverage_seed_cutoff": 0.0,
    "dispersion": 4136.668,
    "nbinom_dispersion": 2448.43617851023,
    "nbinom_mean_parameter": 9689.811,
    "nbinom_prob_parameter": 0.000408423960067629,
    "nbinom_size_parameter": 3.959168,
    "nbinom_variance": 23724883.8153264,
    "variance": 40665563.0
  }
}