{
  "MN908947": {
    "average": 9977.017,
    "deletion_coverage_propagation_cutoff": 173.0,
    "deletion_coverage_seed_cutoff": 0.0,
    "dispersion": 5759.786,
    "nbinom_dispersion": 5735.53661625479,
    "nbinom_mean_parameter": 12044.62,
    "nbinom_prob_parameter": 0.000174351602457903,
    "nbinom_size_parameter": 2.100365,
    "nbinom_variance": 69082359.0388748,
    "variance": 57465481.0
  }
}