{
  "MN908947": {
    "average": 10181.09,
    "deletion_coverage_propagation_cutoff": 554.0,
    "deletion_coverage_seed_cutoff": 0.0,
    "dispersion": 4745.91,
    "nbinom_dispersion": 1393.65913721501,
    "nbinom_mean_parameter": 6122.351,
    "nbinom_prob_parameter": 0.000717535567555155,
    "nbinom_size_parameter": 4.396159,
    "nbinom_variance": 8532470.41238745,
    "variance": 48318517.0
  }
}