{
  "MN908947": {
    "average": 11105.09,
    "deletion_coverage_propagation_cutoff": 115.0,
    "deletion_coverage_seed_cutoff": 0.0,
    "dispersion": 8714.806,
    "nbinom_dispersion": 1567.98024860345,
    "nbinom_mean_parameter": 4077.748,
    "nbinom_prob_parameter": 0.000637763135658546,
    "nbinom_size_parameter": 2.602297,
    "nbinom_variance": 6393828.3227822,
    "variance": 96778694.0
  }
}