{
  "MN908947": {
    "average": 14168.72,
    "deletion_coverage_propagation_cutoff": 223.0,
    "deletion_coverage_seed_cutoff": 0.0,
    "dispersion": 8799.851,
    "nbinom_dispersion": 64482.2786464753,
    "nbinom_mean_parameter": 90248.32,
    "nbinom_prob_parameter": 1.55081368244213e-05,
    "nbinom_size_parameter": 1.399605,
    "nbinom_variance": 5819417317.61627,
    "variance": 124682608.0
  }
}