REGION	POS	REF	ALT	REF_DP	REF_RV	REF_QUAL	ALT_DP	ALT_RV	ALT_QUAL	ALT_FREQ	TOTAL_DP	PVAL	PASS	GFF_FEATURE	REF_CODON	REF_AA	ALT_CODON	ALT_AA
MN908947.3	225	C	T	2	1	59	1589	197	65	0.998116	1592	0	TRUE	NA	NA	NA	NA	NA
MN908947.3	241	C	T	0	0	0	1565	257	65	1	1565	0	TRUE	NA	NA	NA	NA	NA
MN908947.3	1059	C	T	0	0	0	1347	87	39	1	1347	0	TRUE	cds-QHD43415.1	ACC	T	ATC	I
MN908947.3	3037	C	T	3	2	48	10071	1291	69	0.999603	10075	0	TRUE	cds-QHD43415.1	TTC	F	TTT	F
MN908947.3	4634	T	C	5	4	37	7389	7285	38	0.999189	7395	0	TRUE	cds-QHD43415.1	TTA	L	CTA	L
MN908947.3	6025	T	C	5	2	46	2878	239	61	0.998266	2883	0	TRUE	cds-QHD43415.1	TAT	Y	TAC	Y
MN908947.3	10319	C	T	1	1	35	3743	1095	62	0.999733	3744	0	TRUE	cds-QHD43415.1	CTT	L	TTT	F
MN908947.3	13713	G	A	1	0	40	6962	220	39	0.999713	6964	0	TRUE	cds-QHD43415.1	AAG	K	AAA	K
MN908947.3	14408	C	T	0	0	0	1043	256	61	1	1043	0	TRUE	cds-QHD43415.1	CCT	P	CTT	L
MN908947.3	16575	C	T	1	0	37	3048	101	38	0.999672	3049	0	TRUE	cds-QHD43415.1	GAC	D	GAT	D
MN908947.3	18424	A	G	1	0	79	2107	190	61	0.998105	2111	0	TRUE	cds-QHD43415.1	AAT	N	GAT	D
MN908947.3	18508	C	T	0	0	0	2011	1900	39	1	2011	0	TRUE	cds-QHD43415.1	CTT	L	TTT	F
MN908947.3	18905	G	A	125	78	38	7231	7174	39	0.983007	7356	0	TRUE	cds-QHD43415.1	CGT	R	CAT	H
MN908947.3	19999	G	T	1	0	27	291	97	38	0.996575	292	2.02199e-178	TRUE	cds-QHD43415.1	GTT	V	TTT	F
MN908947.3	20237	G	T	0	0	0	1873	34	39	1	1873	0	TRUE	cds-QHD43415.1	AGG	R	ATG	M
MN908947.3	21304	C	T	5	1	45	3623	763	65	0.998347	3629	0	TRUE	cds-QHD43415.1	CGC	R	TGC	C
MN908947.3	23277	C	T	1	0	39	15565	813	64	0.999936	15566	0	TRUE	cds-QHD43416.1	ACT	T	ATT	I
MN908947.3	23403	A	G	2	2	36	15285	14858	39	0.999738	15289	0	TRUE	cds-QHD43416.1	GAT	D	GGT	G
MN908947.3	23758	C	T	1	1	40	1461	1381	38	0.997951	1464	0	TRUE	cds-QHD43416.1	ACC	T	ACT	T
MN908947.3	25563	G	T	0	0	0	3160	3066	38	1	3160	0	TRUE	cds-QHD43417.1	CAG	Q	CAT	H
MN908947.3	25907	G	T	26	19	38	5438	5232	38	0.995059	5465	0	TRUE	cds-QHD43417.1	GGT	G	GTT	V
MN908947.3	26385	T	A	4	1	64	7169	783	65	0.999303	7174	0	TRUE	cds-QHD43418.1	GTT	V	GTA	V
MN908947.3	26801	C	T	3	2	39	836	716	38	0.996424	839	0	TRUE	cds-QHD43419.1	CTC	L	CTT	L
MN908947.3	27964	C	T	1	0	79	3323	239	69	0.999699	3324	0	TRUE	cds-QHD43422.1	TCA	S	TTA	L
MN908947.3	28472	C	T	0	0	0	1048	154	38	0.998095	1050	0	TRUE	cds-QHD43423.2	CCT	P	TCT	S
MN908947.3	28869	C	T	1	0	79	881	200	57	0.998866	882	0	TRUE	cds-QHD43423.2	CCA	P	CTA	L
