REGION	POS	REF	ALT	REF_DP	REF_RV	REF_QUAL	ALT_DP	ALT_RV	ALT_QUAL	ALT_FREQ	TOTAL_DP	PVAL	PASS	GFF_FEATURE	REF_CODON	REF_AA	ALT_CODON	ALT_AA
MN908947.3	241	C	T	0	0	0	418	52	66	1	418	0	TRUE	NA	NA	NA	NA	NA
MN908947.3	1947	T	C	62	3	38	7911	52	38	0.992224	7973	0	TRUE	cds-QHD43415.1	GTT	V	GCT	A
MN908947.3	3037	C	T	4	0	69	13428	1372	71	0.999628	13433	0	TRUE	cds-QHD43415.1	TTC	F	TTT	F
MN908947.3	4099	C	T	2	0	35	21068	2487	39	0.999526	21078	0	TRUE	cds-QHD43415.1	TTC	F	TTT	F
MN908947.3	4771	T	A	4	0	38	3806	184	59	0.99895	3810	0	TRUE	cds-QHD43415.1	ATT	I	ATA	I
MN908947.3	6769	T	C	1	1	40	16345	8757	39	0.999816	16348	0	TRUE	cds-QHD43415.1	TAT	Y	TAC	Y
MN908947.3	8027	G	T	6	0	35	13174	38	39	0.999393	13182	0	TRUE	cds-QHD43415.1	GTT	V	TTT	F
MN908947.3	14408	C	T	0	0	0	3076	227	70	1	3076	0	TRUE	cds-QHD43415.1	CCT	P	CTT	L
MN908947.3	15438	G	T	1	1	39	10884	10628	39	0.999449	10890	0	TRUE	cds-QHD43415.1	ATG	M	ATT	I
MN908947.3	17977	C	T	292	49	38	3491	3331	39	0.922813	3783	0	TRUE	cds-QHD43415.1	CTT	L	TTT	F
MN908947.3	18877	C	T	5	5	35	13933	13859	37	0.99957	13939	0	TRUE	cds-QHD43415.1	CTA	L	TTA	L
MN908947.3	18981	C	T	14	11	30	10619	32	38	0.998496	10635	0	TRUE	cds-QHD43415.1	CAC	H	CAT	H
MN908947.3	21785	G	C	1	0	37	12375	78	39	0.999515	12381	0	TRUE	cds-QHD43416.1	GGT	G	CGT	R
MN908947.3	22444	C	T	1	0	54	4107	217	70	0.999757	4108	0	TRUE	cds-QHD43416.1	GAC	D	GAT	D
MN908947.3	23403	A	G	5	5	34	18404	17805	39	0.999457	18414	0	TRUE	cds-QHD43416.1	GAT	D	GGT	G
MN908947.3	25487	C	T	2	2	33	10534	1024	69	0.999715	10537	0	TRUE	cds-QHD43417.1	ACT	T	ATT	I
MN908947.3	25563	G	T	0	0	0	10335	10190	38	0.99971	10338	0	TRUE	cds-QHD43417.1	CAG	Q	CAT	H
MN908947.3	26735	C	T	1	1	40	6231	918	67	0.999679	6233	0	TRUE	cds-QHD43419.1	TAC	Y	TAT	Y
MN908947.3	28027	G	T	4	2	46	8489	1638	66	0.999294	8495	0	TRUE	cds-QHD43422.1	TGG	W	TTG	L
MN908947.3	28093	C	T	87	46	39	8397	8268	39	0.989745	8484	0	TRUE	cds-QHD43422.1	TCT	S	TTT	F
MN908947.3	28854	C	T	4	1	48	11263	2287	58	0.999645	11267	0	TRUE	cds-QHD43423.2	TCA	S	TTA	L
MN908947.3	29555	C	T	1205	624	38	9564	6743	38	0.888022	10770	0	TRUE	NA	NA	NA	NA	NA
