{
  "MN908947": {
    "average": 7498.472,
    "deletion_coverage_propagation_cutoff": 1.0,
    "deletion_coverage_seed_cutoff": 0.0,
    "dispersion": 6403.184,
    "nbinom_dispersion": 12245.4153639892,
    "nbinom_mean_parameter": 9236.969,
    "nbinom_prob_parameter": 8.16632160098672e-05,
    "nbinom_size_parameter": 0.7543822,
    "nbinom_variance": 113110522.109292,
    "variance": 48014098.0
  }
}