REGION	POS	REF	ALT	REF_DP	REF_RV	REF_QUAL	ALT_DP	ALT_RV	ALT_QUAL	ALT_FREQ	TOTAL_DP	PVAL	PASS	GFF_FEATURE	REF_CODON	REF_AA	ALT_CODON	ALT_AA
MN908947.3	241	C	T	0	0	0	538	65	68	1	538	0	TRUE	NA	NA	NA	NA	NA
MN908947.3	1154	A	G	2	0	76	2860	353	68	0.999301	2862	0	TRUE	cds-QHD43415.1	ATG	M	GTG	V
MN908947.3	1210	G	A	2	2	40	2751	2699	38	0.999274	2753	0	TRUE	cds-QHD43415.1	ATG	M	ATA	I
MN908947.3	3037	C	T	2	0	77	7543	847	70	0.999602	7546	0	TRUE	cds-QHD43415.1	TTC	F	TTT	F
MN908947.3	8152	C	T	4	1	46	10536	814	69	0.999431	10542	0	TRUE	cds-QHD43415.1	GTC	V	GTT	V
MN908947.3	8408	G	A	2	0	33	2802	39	40	0.999287	2804	0	TRUE	cds-QHD43415.1	GTT	V	ATT	I
MN908947.3	10187	A	G	3	0	38	2815	119	38	0.998935	2818	0	TRUE	cds-QHD43415.1	ACC	T	GCC	A
MN908947.3	12121	A	G	88	60	38	1526	1437	39	0.944892	1615	0	TRUE	cds-QHD43415.1	CCA	P	CCG	P
MN908947.3	14408	C	T	0	0	0	1059	151	67	0.999057	1060	0	TRUE	cds-QHD43415.1	CCT	P	CTT	L
MN908947.3	15171	A	G	5	4	31	8529	8488	37	0.998946	8538	0	TRUE	cds-QHD43415.1	AAA	K	AAG	K
MN908947.3	18691	T	G	11	0	33	6768	30	38	0.998083	6781	0	TRUE	cds-QHD43415.1	TCC	S	GCC	A
MN908947.3	18877	C	T	2	2	39	7008	6942	37	0.999715	7010	0	TRUE	cds-QHD43415.1	CTA	L	TTA	L
MN908947.3	23403	A	G	4	4	38	12054	11719	39	0.999337	12062	0	TRUE	cds-QHD43416.1	GAT	D	GGT	G
MN908947.3	23587	G	T	1	0	39	1166	66	39	0.998288	1168	0	TRUE	cds-QHD43416.1	CAG	Q	CAT	H
MN908947.3	25520	T	G	1	0	30	4483	1027	62	0.999777	4484	0	TRUE	cds-QHD43417.1	TTC	F	TGC	C
MN908947.3	25563	G	T	0	0	0	4404	4339	38	0.999773	4405	0	TRUE	cds-QHD43417.1	CAG	Q	CAT	H
MN908947.3	25677	G	T	1	0	37	5188	57	39	0.999422	5191	0	TRUE	cds-QHD43417.1	TTG	L	TTT	F
MN908947.3	28089	G	-GTTCTA	2037	1937	38	2049	0	20	0.986519	2077	0	TRUE	NA	NA	NA	NA	NA
MN908947.3	28272	A	G	4	2	33	11661	5355	39	0.999486	11667	0	TRUE	NA	NA	NA	NA	NA
MN908947.3	28975	G	T	1	1	38	1903	1790	38	0.99895	1905	0	TRUE	cds-QHD43423.2	ATG	M	ATT	I
MN908947.3	29474	G	T	1	0	75	2621	440	60	0.999619	2622	0	TRUE	cds-QHD43423.2	GAT	D	TAT	Y
