{
  "MN908947": {
    "average": 7246.572,
    "deletion_coverage_propagation_cutoff": 223.0,
    "deletion_coverage_seed_cutoff": 0.0,
    "dispersion": 6743.618,
    "nbinom_dispersion": 575.28849088747,
    "nbinom_mean_parameter": 2505.024,
    "nbinom_prob_parameter": 0.00173825831011733,
    "nbinom_size_parameter": 4.361961,
    "nbinom_variance": 1441111.47659689,
    "variance": 48868115.0
  }
}