{
  "MN908947": {
    "average": 9087.855,
    "deletion_coverage_propagation_cutoff": 56.0,
    "deletion_coverage_seed_cutoff": 0.0,
    "dispersion": 6004.636,
    "nbinom_dispersion": 4419.57297222407,
    "nbinom_mean_parameter": 7781.677,
    "nbinom_prob_parameter": 0.000226266204061966,
    "nbinom_size_parameter": 1.761129,
    "nbinom_variance": 34391689.3477777,
    "variance": 54569262.0
  }
}