{
  "MN908947": {
    "average": 7108.959,
    "deletion_coverage_propagation_cutoff": 506.0,
    "deletion_coverage_seed_cutoff": 0.0,
    "dispersion": 7725.092,
    "nbinom_dispersion": 482.71121593532,
    "nbinom_mean_parameter": 3147.556,
    "nbinom_prob_parameter": 0.00207163199649787,
    "nbinom_size_parameter": 6.534114,
    "nbinom_variance": 1519360.58398451,
    "variance": 54917362.0
  }
}