{
  "MN908947": {
    "average": 9813.809,
    "deletion_coverage_propagation_cutoff": 4.0,
    "deletion_coverage_seed_cutoff": 0.0,
    "dispersion": 11784.87,
    "nbinom_dispersion": 48010.6428462445,
    "nbinom_mean_parameter": 42478.98,
    "nbinom_prob_parameter": 2.08287150664183e-05,
    "nbinom_size_parameter": 0.884801,
    "nbinom_variance": 2039443137.25276,
    "variance": 115654463.0
  }
}