REGION	POS	REF	ALT	REF_DP	REF_RV	REF_QUAL	ALT_DP	ALT_RV	ALT_QUAL	ALT_FREQ	TOTAL_DP	PVAL	PASS	GFF_FEATURE	REF_CODON	REF_AA	ALT_CODON	ALT_AA
MN908947.3	241	C	T	0	0	0	263	32	66	1	263	2.19205e-207	TRUE	NA	NA	NA	NA	NA
MN908947.3	3037	C	T	3	0	66	11048	1135	71	0.999729	11051	0	TRUE	cds-QHD43415.1	TTC	F	TTT	F
MN908947.3	4002	C	T	0	0	0	1901	281	65	1	1901	0	TRUE	cds-QHD43415.1	ACT	T	ATT	I
MN908947.3	10097	G	A	99	82	38	8747	8600	39	0.988585	8848	0	TRUE	cds-QHD43415.1	GGT	G	AGT	S
MN908947.3	10449	C	T	3434	54	38	1621	18	38	0.320609	5056	0	TRUE	cds-QHD43415.1	CCC	P	CTC	L
MN908947.3	11433	A	G	0	0	0	2853	133	39	1	2853	0	TRUE	cds-QHD43415.1	TAT	Y	TGT	C
MN908947.3	12534	C	T	2	0	39	12004	56	39	0.999251	12013	0	TRUE	cds-QHD43415.1	ACT	T	ATT	I
MN908947.3	13536	C	T	1	1	31	7951	1585	66	0.999372	7956	0	TRUE	cds-QHD43415.1	TAC	Y	TAT	Y
MN908947.3	14408	C	T	0	0	0	2177	163	70	1	2177	0	TRUE	cds-QHD43415.1	CCT	P	CTT	L
MN908947.3	17010	C	T	2	2	40	7550	7497	38	0.999735	7552	0	TRUE	cds-QHD43415.1	ATC	I	ATT	I
MN908947.3	18508	C	T	2	2	37	8315	8136	39	0.99976	8317	0	TRUE	cds-QHD43415.1	CTT	L	TTT	F
MN908947.3	19524	C	T	2	2	36	3345	3301	38	0.999402	3347	0	TRUE	cds-QHD43415.1	CTC	L	CTT	L
MN908947.3	20718	G	A	3	1	47	7942	1265	68	0.999622	7945	0	TRUE	cds-QHD43415.1	ATG	M	ATA	I
MN908947.3	23403	A	G	4	4	36	15282	14786	39	0.999542	15289	0	TRUE	cds-QHD43416.1	GAT	D	GGT	G
MN908947.3	23484	A	G	9	8	38	19931	15074	39	0.999499	19941	0	TRUE	cds-QHD43416.1	AAT	N	AGT	S
MN908947.3	23593	G	T	1	0	39	4484	37	39	0.999777	4485	0	TRUE	cds-QHD43416.1	CAG	Q	CAT	H
MN908947.3	23731	C	T	3	3	34	4802	4749	39	0.999376	4805	0	TRUE	cds-QHD43416.1	ACC	T	ACT	T
MN908947.3	26894	C	T	140	24	38	6579	43	39	0.978872	6721	0	TRUE	cds-QHD43419.1	CTC	L	CTT	L
MN908947.3	28093	C	T	66	42	38	6406	6296	39	0.989802	6472	0	TRUE	cds-QHD43422.1	TCT	S	TTT	F
MN908947.3	28253	C	T	456	55	64	3643	370	64	0.888753	4099	0	TRUE	cds-QHD43422.1	TTC	F	TTT	F
MN908947.3	28628	G	T	0	0	0	2187	490	62	1	2187	0	TRUE	cds-QHD43423.2	GCT	A	TCT	S
MN908947.3	28846	C	T	1	0	80	6577	1472	56	0.999848	6578	0	TRUE	cds-QHD43423.2	CGC	R	CGT	R
MN908947.3	28881	G	A	3	2	39	6597	1790	56	0.999545	6600	0	TRUE	cds-QHD43423.2	AGG	R	AAG	K
MN908947.3	28882	G	A	2	1	37	6612	1794	56	0.999698	6614	0	TRUE	cds-QHD43423.2	AGG	R	AGA	R
MN908947.3	28883	G	C	0	0	0	6593	1804	57	0.999697	6595	0	TRUE	cds-QHD43423.2	GGA	G	CGA	R
MN908947.3	28908	G	T	2	1	39	6581	2093	55	0.999241	6586	0	TRUE	cds-QHD43423.2	GGC	G	GTC	V
