{
  "MN908947": {
    "average": 2.380433,
    "deletion_coverage_propagation_cutoff": -1.0,
    "deletion_coverage_seed_cutoff": 0.0,
    "dispersion": 2.06229,
    "nbinom_dispersion": 1.00001339445326,
    "nbinom_mean_parameter": 1.626826,
    "nbinom_prob_parameter": 0.999986605726146,
    "nbinom_size_parameter": 121455.2,
    "nbinom_variance": 1.62684779044482,
    "variance": 4.909143
  }
}