{
  "MN908947": {
    "average": 8.43442,
    "deletion_coverage_propagation_cutoff": 1.0,
    "deletion_coverage_seed_cutoff": 0.0,
    "dispersion": 4.633732,
    "nbinom_dispersion": 1.8171805379818,
    "nbinom_mean_parameter": 2.83392,
    "nbinom_prob_parameter": 0.550303054153673,
    "nbinom_size_parameter": 3.467924,
    "nbinom_variance": 5.14974427019739,
    "variance": 39.08285
  }
}