REGION	POS	REF	ALT	REF_DP	REF_RV	REF_QUAL	ALT_DP	ALT_RV	ALT_QUAL	ALT_FREQ	TOTAL_DP	PVAL	PASS	GFF_FEATURE	REF_CODON	REF_AA	ALT_CODON	ALT_AA
MN908947.3	241	C	T	0	0	0	55	8	66	1	55	1.45942e-42	TRUE	NA	NA	NA	NA	NA
MN908947.3	322	T	-G	160	54	31	114	0	20	0.57868	197	3.7641e-31	TRUE	NA	NA	NA	NA	NA
MN908947.3	1059	C	T	2	0	40	9768	25	39	0.999591	9772	0	TRUE	cds-QHD43415.1	ACC	T	ATC	I
MN908947.3	2500	A	C	1	1	34	4708	4634	38	0.999788	4709	0	TRUE	cds-QHD43415.1	GAA	E	GAC	D
MN908947.3	3037	C	T	2	1	55	11328	1922	66	0.999647	11332	0	TRUE	cds-QHD43415.1	TTC	F	TTT	F
MN908947.3	3773	C	T	4	3	37	4781	4762	38	0.999164	4785	0	TRUE	cds-QHD43415.1	CGC	R	TGC	C
MN908947.3	10084	T	C	383	351	38	10736	10554	38	0.965381	11121	0	TRUE	cds-QHD43415.1	TCT	S	TCC	S
MN908947.3	14148	T	C	12	4	46	18483	4706	63	0.999243	18497	0	TRUE	cds-QHD43415.1	TCT	S	TCC	S
MN908947.3	14191	T	C	4	4	39	18072	18037	38	0.999779	18076	0	TRUE	cds-QHD43415.1	TTA	L	CTA	L
MN908947.3	14408	C	T	0	0	0	1831	162	67	1	1831	0	TRUE	cds-QHD43415.1	CCT	P	CTT	L
MN908947.3	16173	C	T	11	11	35	25530	22809	38	0.999452	25544	0	TRUE	cds-QHD43415.1	AAC	N	AAT	N
MN908947.3	16260	C	T	5	0	46	2582	59	43	0.998067	2587	0	TRUE	cds-QHD43415.1	TGC	C	TGT	C
MN908947.3	20059	A	G	1	1	36	1158	194	62	0.999137	1159	0	TRUE	cds-QHD43415.1	AGT	S	GGT	G
MN908947.3	23403	A	G	4	4	38	15826	15506	38	0.999495	15834	0	TRUE	cds-QHD43416.1	GAT	D	GGT	G
MN908947.3	23523	A	G	6	5	39	7777	42	38	0.999101	7784	0	TRUE	cds-QHD43416.1	GAA	E	GGA	G
MN908947.3	24253	A	T	0	0	0	3699	515	63	0.998381	3705	0	TRUE	cds-QHD43416.1	CCA	P	CCT	P
MN908947.3	25563	G	T	0	0	0	11591	11389	38	0.999741	11594	0	TRUE	cds-QHD43417.1	CAG	Q	CAT	H
MN908947.3	28821	C	A	2	0	39	16525	3041	52	0.999456	16534	0	TRUE	cds-QHD43423.2	TCT	S	TAT	Y
MN908947.3	29737	G	T	1	1	39	3806	2024	49	0.999475	3808	0	TRUE	NA	NA	NA	NA	NA
