{
  "MN908947": {
    "average": 13225.89,
    "deletion_coverage_propagation_cutoff": 265.0,
    "deletion_coverage_seed_cutoff": 0.0,
    "dispersion": 9971.251,
    "nbinom_dispersion": 9508.96245936878,
    "nbinom_mean_parameter": 19621.43,
    "nbinom_prob_parameter": 0.000105163944465334,
    "nbinom_size_parameter": 2.063684,
    "nbinom_variance": 186579441.269132,
    "variance": 131878663.0
  }
}