{
  "MN908947": {
    "average": 11035.08,
    "deletion_coverage_propagation_cutoff": 549.0,
    "deletion_coverage_seed_cutoff": 0.0,
    "dispersion": 5545.582,
    "nbinom_dispersion": 3107.78864374475,
    "nbinom_mean_parameter": 10373.53,
    "nbinom_prob_parameter": 0.000321772203528951,
    "nbinom_size_parameter": 3.338988,
    "nbinom_variance": 32238738.7295455,
    "variance": 61195916.0
  }
}