{
  "MN908947": {
    "average": 2.332632,
    "deletion_coverage_propagation_cutoff": -1.0,
    "deletion_coverage_seed_cutoff": 0.0,
    "dispersion": 11.10383,
    "nbinom_dispersion": 1.0001350857,
    "nbinom_mean_parameter": 1.350857,
    "nbinom_prob_parameter": 0.999864932545682,
    "nbinom_size_parameter": 10000.0,
    "nbinom_variance": 1.35103948146344,
    "variance": 25.90115
  }
}