{
  "MN908947": {
    "average": 11245.72,
    "deletion_coverage_propagation_cutoff": 1047.0,
    "deletion_coverage_seed_cutoff": 0.0,
    "dispersion": 5076.343,
    "nbinom_dispersion": 1380.58406883988,
    "nbinom_mean_parameter": 7812.259,
    "nbinom_prob_parameter": 0.000724331116496448,
    "nbinom_size_parameter": 5.662764,
    "nbinom_variance": 10785480.317051,
    "variance": 57087125.0
  }
}