{
  "MN908947": {
    "average": 8501.597,
    "deletion_coverage_propagation_cutoff": 573.0,
    "deletion_coverage_seed_cutoff": 0.0,
    "dispersion": 4521.412,
    "nbinom_dispersion": 742.46677129909,
    "nbinom_mean_parameter": 4235.775,
    "nbinom_prob_parameter": 0.00134686162217106,
    "nbinom_size_parameter": 5.712697,
    "nbinom_variance": 3144922.1881994,
    "variance": 38439220.0
  }
}