{
  "MN908947": {
    "average": 2.289797,
    "deletion_coverage_propagation_cutoff": -1.0,
    "deletion_coverage_seed_cutoff": 0.0,
    "dispersion": 1.144927,
    "nbinom_dispersion": 1.00000426942605,
    "nbinom_mean_parameter": 1.631118,
    "nbinom_prob_parameter": 0.999995730592174,
    "nbinom_size_parameter": 382046.2,
    "nbinom_variance": 1.63112496393769,
    "variance": 2.621651
  }
}