REGION	POS	REF	ALT	REF_DP	REF_RV	REF_QUAL	ALT_DP	ALT_RV	ALT_QUAL	ALT_FREQ	TOTAL_DP	PVAL	PASS	GFF_FEATURE	REF_CODON	REF_AA	ALT_CODON	ALT_AA
MN908947.3	241	C	T	0	0	0	43	5	66	1	43	3.19958e-33	TRUE	NA	NA	NA	NA	NA
MN908947.3	322	T	-G	115	37	31	86	0	20	0.614286	140	6.71007e-23	TRUE	NA	NA	NA	NA	NA
MN908947.3	1154	A	G	3	3	33	14520	1698	69	0.999725	14524	0	TRUE	cds-QHD43415.1	ATG	M	GTG	V
MN908947.3	3037	C	T	1	0	78	7430	853	70	0.999865	7431	0	TRUE	cds-QHD43415.1	TTC	F	TTT	F
MN908947.3	8152	C	T	2	1	38	8956	1000	66	0.999554	8960	0	TRUE	cds-QHD43415.1	GTC	V	GTT	V
MN908947.3	10702	C	T	3	3	36	12745	12609	38	0.999765	12748	0	TRUE	cds-QHD43415.1	GAC	D	GAT	D
MN908947.3	12121	A	G	49	32	38	9554	9486	38	0.994897	9603	0	TRUE	cds-QHD43415.1	CCA	P	CCG	P
MN908947.3	14408	C	T	0	0	0	1469	117	69	1	1469	0	TRUE	cds-QHD43415.1	CCT	P	CTT	L
MN908947.3	18877	C	T	4	4	35	26677	26579	37	0.99985	26681	0	TRUE	cds-QHD43415.1	CTA	L	TTA	L
MN908947.3	23122	A	C	8	3	35	6	0	32	0.428571	14	0.00505747	TRUE	cds-QHD43416.1	GCA	A	GCC	A
MN908947.3	23124	C	-A	15	3	33	7	0	20	0.411765	17	0.0135135	FALSE	NA	NA	NA	NA	NA
MN908947.3	23403	A	G	2	2	37	14400	14127	39	0.999722	14404	0	TRUE	cds-QHD43416.1	GAT	D	GGT	G
MN908947.3	23587	G	T	0	0	0	8369	27	39	0.999642	8372	0	TRUE	cds-QHD43416.1	CAG	Q	CAT	H
MN908947.3	25563	G	T	0	0	0	23456	23359	38	0.986956	23766	0	TRUE	cds-QHD43417.1	CAG	Q	CAT	H
MN908947.3	25677	G	T	0	0	0	385	0	39	0.997409	386	2.97645e-234	TRUE	cds-QHD43417.1	TTG	L	TTT	F
MN908947.3	26681	C	T	6	0	60	11321	336	67	0.99947	11327	0	TRUE	cds-QHD43419.1	TTC	F	TTT	F
MN908947.3	27292	T	-AC	14655	541	71	27296	0	20	0.998391	27340	0	TRUE	NA	NA	NA	NA	NA
MN908947.3	27294	C	T	4	0	45	10	7	35	0.588235	17	5.32179e-27	TRUE	cds-QHD43420.1	TAC	Y	TAT	Y
MN908947.3	28272	A	G	8	3	34	30014	5931	59	0.999634	30025	0	TRUE	NA	NA	NA	NA	NA
MN908947.3	28975	G	T	2	2	33	9991	8923	38	0.9992	9999	0	TRUE	cds-QHD43423.2	ATG	M	ATT	I
MN908947.3	29474	G	T	0	0	0	7017	536	66	0.999715	7019	0	TRUE	cds-QHD43423.2	GAT	D	TAT	Y
