{
  "MN908947": {
    "average": 9748.972,
    "deletion_coverage_propagation_cutoff": 273.0,
    "deletion_coverage_seed_cutoff": 0.0,
    "dispersion": 6756.384,
    "nbinom_dispersion": 712.841793346299,
    "nbinom_mean_parameter": 3092.917,
    "nbinom_prob_parameter": 0.00140283581761627,
    "nbinom_size_parameter": 4.34495,
    "nbinom_variance": 2204760.50095125,
    "variance": 65867797.0
  }
}