{
  "MN908947": {
    "average": 2.191191,
    "deletion_coverage_propagation_cutoff": -1.0,
    "deletion_coverage_seed_cutoff": 0.0,
    "dispersion": 0.8893802,
    "nbinom_dispersion": 1.0001613063,
    "nbinom_mean_parameter": 1.613063,
    "nbinom_prob_parameter": 0.999838719715526,
    "nbinom_size_parameter": 10000.0,
    "nbinom_variance": 1.6133231972242,
    "variance": 1.948802
  }
}