{
  "MN908947": {
    "average": 9706.594,
    "deletion_coverage_propagation_cutoff": 731.0,
    "deletion_coverage_seed_cutoff": 0.0,
    "dispersion": 4137.391,
    "nbinom_dispersion": 2499.83558713802,
    "nbinom_mean_parameter": 9842.651,
    "nbinom_prob_parameter": 0.000400026307788053,
    "nbinom_size_parameter": 3.938895,
    "nbinom_variance": 24605009.2415796,
    "variance": 40159973.0
  }
}