REGION	POS	REF	ALT	REF_DP	REF_RV	REF_QUAL	ALT_DP	ALT_RV	ALT_QUAL	ALT_FREQ	TOTAL_DP	PVAL	PASS	GFF_FEATURE	REF_CODON	REF_AA	ALT_CODON	ALT_AA
MN908947.3	241	C	T	0	0	0	227	34	65	1	227	4.22297e-177	TRUE	NA	NA	NA	NA	NA
MN908947.3	322	T	-G	297	212	35	85	0	20	0.256798	331	1.26927e-21	TRUE	NA	NA	NA	NA	NA
MN908947.3	920	C	T	2	2	40	10250	10146	38	0.999805	10252	0	TRUE	cds-QHD43415.1	CTG	L	TTG	L
MN908947.3	1154	A	G	0	0	0	7190	797	69	1	7190	0	TRUE	cds-QHD43415.1	ATG	M	GTG	V
MN908947.3	3037	C	T	1	0	39	9380	1055	70	0.999893	9381	0	TRUE	cds-QHD43415.1	TTC	F	TTT	F
MN908947.3	3568	T	C	11	0	37	10166	29	38	0.998723	10179	0	TRUE	cds-QHD43415.1	GGT	G	GGC	G
MN908947.3	8152	C	T	3	0	66	8560	647	69	0.999533	8564	0	TRUE	cds-QHD43415.1	GTC	V	GTT	V
MN908947.3	10702	C	T	0	0	0	3938	3325	38	1	3938	0	TRUE	cds-QHD43415.1	GAC	D	GAT	D
MN908947.3	12121	A	G	75	54	39	5093	5030	39	0.985106	5170	0	TRUE	cds-QHD43415.1	CCA	P	CCG	P
MN908947.3	14408	C	T	0	0	0	1491	106	70	1	1491	0	TRUE	cds-QHD43415.1	CCT	P	CTT	L
MN908947.3	18877	C	T	3	3	38	10011	9979	37	0.999601	10015	0	TRUE	cds-QHD43415.1	CTA	L	TTA	L
MN908947.3	23403	A	G	2	1	31	11872	11580	38	0.999663	11876	0	TRUE	cds-QHD43416.1	GAT	D	GGT	G
MN908947.3	23587	G	T	1	0	31	4017	14	39	0.999751	4018	0	TRUE	cds-QHD43416.1	CAG	Q	CAT	H
MN908947.3	25563	G	T	0	0	0	4187	4133	38	0.999523	4189	0	TRUE	cds-QHD43417.1	CAG	Q	CAT	H
MN908947.3	25677	G	T	2	0	37	3928	24	39	0.999237	3931	0	TRUE	cds-QHD43417.1	TTG	L	TTT	F
MN908947.3	26681	C	T	2	0	53	5000	289	65	0.999201	5004	0	TRUE	cds-QHD43419.1	TTC	F	TTT	F
MN908947.3	28272	A	G	7	3	43	14333	4653	49	0.999372	14342	0	TRUE	NA	NA	NA	NA	NA
MN908947.3	28975	G	T	1	1	31	3472	2996	38	0.999712	3473	0	TRUE	cds-QHD43423.2	ATG	M	ATT	I
MN908947.3	29474	G	T	0	0	0	4727	1395	52	1	4727	0	TRUE	cds-QHD43423.2	GAT	D	TAT	Y
