REGION	POS	REF	ALT	REF_DP	REF_RV	REF_QUAL	ALT_DP	ALT_RV	ALT_QUAL	ALT_FREQ	TOTAL_DP	PVAL	PASS	GFF_FEATURE	REF_CODON	REF_AA	ALT_CODON	ALT_AA
MN908947.3	241	C	T	4	0	64	1798	272	66	0.99778	1802	0	TRUE	NA	NA	NA	NA	NA
MN908947.3	844	T	G	6984	1440	63	5819	1293	63	0.454396	12806	0	TRUE	cds-QHD43415.1	CCT	P	CCG	P
MN908947.3	1059	C	T	3	0	39	2144	134	39	0.998603	2147	0	TRUE	cds-QHD43415.1	ACC	T	ATC	I
MN908947.3	2485	C	T	1	1	40	5100	4948	38	0.999216	5104	0	TRUE	cds-QHD43415.1	ATC	I	ATT	I
MN908947.3	3037	C	T	4	0	67	10214	1288	69	0.999511	10219	0	TRUE	cds-QHD43415.1	TTC	F	TTT	F
MN908947.3	4832	C	T	5	3	43	2772	308	55	0.998199	2777	0	TRUE	cds-QHD43415.1	CTA	L	TTA	L
MN908947.3	7113	C	T	52	15	38	9130	84	38	0.993904	9186	0	TRUE	cds-QHD43415.1	ACT	T	ATT	I
MN908947.3	10319	C	T	3	3	36	3291	947	61	0.998786	3295	0	TRUE	cds-QHD43415.1	CTT	L	TTT	F
MN908947.3	14408	C	T	2	0	74	1018	232	62	0.998039	1020	0	TRUE	cds-QHD43415.1	CCT	P	CTT	L
MN908947.3	18424	A	G	2	2	25	4715	303	61	0.999152	4719	0	TRUE	cds-QHD43415.1	AAT	N	GAT	D
MN908947.3	21004	G	T	0	0	0	2869	478	66	0.998955	2872	0	TRUE	cds-QHD43415.1	GCA	A	TCA	S
MN908947.3	21234	C	T	11	1	66	3912	440	65	0.996942	3924	0	TRUE	cds-QHD43415.1	GCC	A	GCT	A
MN908947.3	21304	C	T	3	1	30	3972	912	65	0.998994	3976	0	TRUE	cds-QHD43415.1	CGC	R	TGC	C
MN908947.3	21390	A	G	4	1	39	8453	3946	38	0.998582	8465	0	TRUE	cds-QHD43415.1	TTA	L	TTG	L
MN908947.3	23403	A	G	1	1	31	15815	15295	39	0.999747	15819	0	TRUE	cds-QHD43416.1	GAT	D	GGT	G
MN908947.3	25563	G	T	2	2	35	2699	2548	38	0.99926	2701	0	TRUE	cds-QHD43417.1	CAG	Q	CAT	H
MN908947.3	25907	G	T	49	35	38	4758	4586	38	0.989189	4810	0	TRUE	cds-QHD43417.1	GGT	G	GTT	V
MN908947.3	26688	C	T	1	1	40	1566	554	56	0.999362	1567	0	TRUE	cds-QHD43419.1	CTG	L	TTG	L
MN908947.3	27964	C	T	6	1	55	1550	162	65	0.996144	1556	0	TRUE	cds-QHD43422.1	TCA	S	TTA	L
MN908947.3	28116	G	A	6	4	37	3594	1588	38	0.998056	3601	0	TRUE	cds-QHD43422.1	GAT	D	AAT	N
MN908947.3	28472	C	T	1	0	39	787	190	38	0.998731	788	0	TRUE	cds-QHD43423.2	CCT	P	TCT	S
MN908947.3	28817	G	T	3	0	36	765	169	49	0.994798	769	0	TRUE	cds-QHD43423.2	GCC	A	TCC	S
MN908947.3	28869	C	T	1	0	40	835	254	54	0.998804	836	0	TRUE	cds-QHD43423.2	CCA	P	CTA	L
