{
  "MN908947": {
    "average": 9995.031,
    "deletion_coverage_propagation_cutoff": 343.0,
    "deletion_coverage_seed_cutoff": 0.0,
    "dispersion": 4342.483,
    "nbinom_dispersion": 5052.68559431076,
    "nbinom_mean_parameter": 12873.66,
    "nbinom_prob_parameter": 0.000197914550853111,
    "nbinom_size_parameter": 2.548389,
    "nbinom_variance": 65046556.4280546,
    "variance": 43403250.0
  }
}