REGION	POS	REF	ALT	REF_DP	REF_RV	REF_QUAL	ALT_DP	ALT_RV	ALT_QUAL	ALT_FREQ	TOTAL_DP	PVAL	PASS	GFF_FEATURE	REF_CODON	REF_AA	ALT_CODON	ALT_AA
MN908947.3	241	C	T	0	0	0	26	4	67	1	26	3.62404e-20	TRUE	NA	NA	NA	NA	NA
MN908947.3	1059	C	T	0	0	0	906	1	39	1	906	0	TRUE	cds-QHD43415.1	ACC	T	ATC	I
MN908947.3	2810	A	G	1	1	40	1165	1146	38	0.999142	1166	0	TRUE	cds-QHD43415.1	ATT	I	GTT	V
MN908947.3	3037	C	T	1	0	74	1979	247	70	0.999495	1980	0	TRUE	cds-QHD43415.1	TTC	F	TTT	F
MN908947.3	4069	C	T	129	0	38	1570	299	39	0.924073	1699	0	TRUE	cds-QHD43415.1	GCC	A	GCT	A
MN908947.3	4158	C	T	176	157	38	1590	8	39	0.90034	1766	0	TRUE	cds-QHD43415.1	GCT	A	GTT	V
MN908947.3	5967	A	G	0	0	0	454	0	38	1	454	1.81006e-275	TRUE	cds-QHD43415.1	AAG	K	AGG	R
MN908947.3	8083	G	A	1	0	31	1289	2	38	0.999225	1290	0	TRUE	cds-QHD43415.1	ATG	M	ATA	I
MN908947.3	8802	C	T	0	0	0	1323	127	67	1	1323	0	TRUE	cds-QHD43415.1	ACT	T	ATT	I
MN908947.3	10319	C	T	1	1	36	2280	465	66	0.999562	2281	0	TRUE	cds-QHD43415.1	CTT	L	TTT	F
MN908947.3	14408	C	T	0	0	0	21	3	65	1	21	4.6896e-16	TRUE	cds-QHD43415.1	CCT	P	CTT	L
MN908947.3	14805	C	T	2	2	39	507	480	39	0.996071	509	1.00808e-303	TRUE	cds-QHD43415.1	TAC	Y	TAT	Y
MN908947.3	15960	C	T	0	0	0	327	3	42	1	327	2.85566e-209	TRUE	cds-QHD43415.1	GCC	A	GCT	A
MN908947.3	18424	A	G	0	0	0	1640	53	62	1	1640	0	TRUE	cds-QHD43415.1	AAT	N	GAT	D
MN908947.3	21304	C	T	0	0	0	484	89	68	1	484	0	TRUE	cds-QHD43415.1	CGC	R	TGC	C
MN908947.3	23403	A	G	0	0	0	1236	1206	38	1	1236	0	TRUE	cds-QHD43416.1	GAT	D	GGT	G
MN908947.3	25232	T	C	0	0	0	1039	1012	39	1	1039	0	TRUE	cds-QHD43416.1	TTG	L	CTG	L
MN908947.3	25563	G	T	0	0	0	1912	1891	38	1	1912	0	TRUE	cds-QHD43417.1	CAG	Q	CAT	H
MN908947.3	25907	G	T	3	3	40	3178	3176	38	0.999057	3181	0	TRUE	cds-QHD43417.1	GGT	G	GTT	V
MN908947.3	27213	C	T	8	1	39	181	4	39	0.957672	189	1.00801e-99	TRUE	cds-QHD43420.1	CTC	L	CTT	L
MN908947.3	27964	C	T	0	0	0	200	8	70	1	200	7.25589e-160	TRUE	cds-QHD43422.1	TCA	S	TTA	L
MN908947.3	28059	C	T	0	0	0	195	189	38	1	195	3.18782e-118	TRUE	cds-QHD43422.1	CCT	P	TCT	S
MN908947.3	28472	C	T	0	0	0	394	12	38	1	394	5.81813e-240	TRUE	cds-QHD43423.2	CCT	P	TCT	S
MN908947.3	28869	C	T	1	1	40	499	72	64	0.998	500	0	TRUE	cds-QHD43423.2	CCA	P	CTA	L
