{
  "MN908947": {
    "average": 13037.69,
    "deletion_coverage_propagation_cutoff": 1.0,
    "deletion_coverage_seed_cutoff": 0.0,
    "dispersion": 6630.819,
    "nbinom_dispersion": 18487.1201373793,
    "nbinom_mean_parameter": 12848.58,
    "nbinom_prob_parameter": 5.4091713180253e-05,
    "nbinom_size_parameter": 0.6950393,
    "nbinom_variance": 237533242.054729,
    "variance": 86450595.0
  }
}