{
  "MN908947": {
    "average": 8222.734,
    "deletion_coverage_propagation_cutoff": 110.0,
    "deletion_coverage_seed_cutoff": 0.0,
    "dispersion": 10662.69,
    "nbinom_dispersion": 1364.04649090537,
    "nbinom_mean_parameter": 3642.157,
    "nbinom_prob_parameter": 0.000733112842316879,
    "nbinom_size_parameter": 2.672071,
    "nbinom_variance": 4968071.47517643,
    "variance": 87676454.0
  }
}