{
  "MN908947": {
    "average": 13023.33,
    "deletion_coverage_propagation_cutoff": 9.0,
    "deletion_coverage_seed_cutoff": 0.0,
    "dispersion": 10347.03,
    "nbinom_dispersion": 196224.185757169,
    "nbinom_mean_parameter": 162385.4,
    "nbinom_prob_parameter": 5.0962117444458e-06,
    "nbinom_size_parameter": 0.8275546,
    "nbinom_variance": 31863942893.8523,
    "variance": 134752881.0
  }
}