{
  "MN908947": {
    "average": 10108.46,
    "deletion_coverage_propagation_cutoff": 812.0,
    "deletion_coverage_seed_cutoff": 0.0,
    "dispersion": 5641.646,
    "nbinom_dispersion": 469.319687378079,
    "nbinom_mean_parameter": 3875.965,
    "nbinom_prob_parameter": 0.00213074376995911,
    "nbinom_size_parameter": 8.276323,
    "nbinom_variance": 1819066.68208837,
    "variance": 57028334.0
  }
}