REGION	POS	REF	ALT	REF_DP	REF_RV	REF_QUAL	ALT_DP	ALT_RV	ALT_QUAL	ALT_FREQ	TOTAL_DP	PVAL	PASS	GFF_FEATURE	REF_CODON	REF_AA	ALT_CODON	ALT_AA
MN908947.3	241	C	T	0	0	0	101	13	67	1	101	1.65849e-79	TRUE	NA	NA	NA	NA	NA
MN908947.3	322	T	-G	236	103	32	156	0	20	0.563177	277	2.34241e-40	TRUE	NA	NA	NA	NA	NA
MN908947.3	1947	T	C	20	1	38	2658	22	38	0.992532	2678	0	TRUE	cds-QHD43415.1	GTT	V	GCT	A
MN908947.3	3037	C	T	3	0	78	8634	911	70	0.999653	8637	0	TRUE	cds-QHD43415.1	TTC	F	TTT	F
MN908947.3	3431	G	T	2	2	40	5763	5745	38	0.999133	5768	0	TRUE	cds-QHD43415.1	GTG	V	TTG	L
MN908947.3	5653	T	C	3	0	38	3174	8	38	0.997799	3181	0	TRUE	cds-QHD43415.1	TAT	Y	TAC	Y
MN908947.3	7038	G	A	7	2	34	4932	4905	38	0.998583	4939	0	TRUE	cds-QHD43415.1	GGC	G	GAC	D
MN908947.3	10770	A	G	0	0	0	305	5	38	1	305	9.19947e-184	TRUE	cds-QHD43415.1	TAT	Y	TGT	C
MN908947.3	14408	C	T	0	0	0	1695	127	71	1	1695	0	TRUE	cds-QHD43415.1	CCT	P	CTT	L
MN908947.3	17058	G	T	1	1	37	5141	5137	38	0.999417	5144	0	TRUE	cds-QHD43415.1	ATG	M	ATT	I
MN908947.3	17331	G	T	1	1	40	7128	7073	39	0.999579	7131	0	TRUE	cds-QHD43415.1	GAG	E	GAT	D
MN908947.3	18877	C	T	0	0	0	9769	9742	37	1	9769	0	TRUE	cds-QHD43415.1	CTA	L	TTA	L
MN908947.3	21614	C	T	2	1	40	5567	4394	39	0.999641	5569	0	TRUE	cds-QHD43416.1	CTT	L	TTT	F
MN908947.3	22444	C	T	0	0	0	2182	146	68	0.999542	2183	0	TRUE	cds-QHD43416.1	GAC	D	GAT	D
MN908947.3	22484	G	T	1	1	37	2149	191	68	0.99907	2151	0	TRUE	cds-QHD43416.1	GTA	V	TTA	L
MN908947.3	23403	A	G	5	5	37	11910	11591	38	0.999077	11921	0	TRUE	cds-QHD43416.1	GAT	D	GGT	G
MN908947.3	25563	G	T	0	0	0	8125	7995	38	0.999385	8130	0	TRUE	cds-QHD43417.1	CAG	Q	CAT	H
MN908947.3	26589	G	T	29	16	38	5824	28	38	0.995045	5853	0	TRUE	cds-QHD43419.1	GTA	V	TTA	L
MN908947.3	26735	C	T	0	0	0	5872	764	68	0.99966	5874	0	TRUE	cds-QHD43419.1	TAC	Y	TAT	Y
MN908947.3	26840	G	A	20	18	38	5885	5844	38	0.996444	5906	0	TRUE	cds-QHD43419.1	ACG	T	ACA	T
MN908947.3	28139	C	T	7	2	37	13985	6438	39	0.9995	13992	0	TRUE	cds-QHD43422.1	TCC	S	TCT	S
MN908947.3	28854	C	T	5	1	55	11462	3087	53	0.999564	11467	0	TRUE	cds-QHD43423.2	TCA	S	TTA	L
