{
  "MN908947": {
    "average": 3022.338,
    "deletion_coverage_propagation_cutoff": 1.0,
    "deletion_coverage_seed_cutoff": 0.0,
    "dispersion": 9950.275,
    "nbinom_dispersion": 4123.84124949678,
    "nbinom_mean_parameter": 2675.0,
    "nbinom_prob_parameter": 0.000242492360762439,
    "nbinom_size_parameter": 0.6488244,
    "nbinom_variance": 11031275.3424039,
    "variance": 30073093.0
  }
}