sample	contig	position	ref	alt	primer_name	amplicon	depth
E16	MN908947.3	17690	C	T	nCoV-2019_59_LEFT	nCoV-2019_59	1557.8585205
E16	MN908947.3	29366	C	T	nCoV-2019_96_RIGHT	nCoV-2019_96	4371.7646484
