sample	contig	position	ref	alt	primer_name	amplicon	depth
E34	MN908947.3	9491	C	T	nCoV-2019_32_LEFT	nCoV-2019_32	135.8291473
E34	MN908947.3	17690	C	T	nCoV-2019_59_LEFT	nCoV-2019_59	162.8878021
