sample	contig	position	ref	alt	primer_name	amplicon	depth
E37	MN908947.3	4655	C	T	nCoV-2019_16_LEFT	nCoV-2019_16	6337.5141602
E37	MN908947.3	17690	C	T	nCoV-2019_59_LEFT	nCoV-2019_59	318.7561035
