sample	contig	position	ref	alt	primer_name	amplicon	depth
E46	MN908947.3	8320	C	T	nCoV-2019_27_RIGHT	nCoV-2019_27	4607.5043945
E46	MN908947.3	25673	T	C	nCoV-2019_84_RIGHT	nCoV-2019_84	39994.3398438
