sample	contig	position	ref	alt	primer_name	amplicon	depth
E51	MN908947.3	321	C	T	nCoV-2019_2_LEFT	nCoV-2019_2	22155.3613281
E51	MN908947.3	9491	C	T	nCoV-2019_32_LEFT	nCoV-2019_32	141.2210999
E51	MN908947.3	21432	T	C	nCoV-2019_70_RIGHT	nCoV-2019_70	13294.6542969
E51	MN908947.3	29670	C	T	nCoV-2019_97_RIGHT	nCoV-2019_97	11704.8984375
