sample	contig	position	ref	alt	primer_name	amplicon	depth
E52	MN908947.3	25673	T	C	nCoV-2019_84_RIGHT	nCoV-2019_84	29817.8886719
E52	MN908947.3	29289	T	G	nCoV-2019_97_LEFT	nCoV-2019_97	8995.6943359
E52	MN908947.3	29358	C	AA,A	nCoV-2019_96_RIGHT	nCoV-2019_96	16.0355549
