sample	contig	position	ref	alt	primer_name	amplicon	depth
E57	MN908947.3	17678	C	T	nCoV-2019_59_LEFT	nCoV-2019_59	78.0000000
E57	MN908947.3	18657	C	T	nCoV-2019_61_RIGHT	nCoV-2019_61	22867.7578125
E57	MN908947.3	25673	T	C	nCoV-2019_84_RIGHT	nCoV-2019_84	20367.1718750
