sample	contig	position	ref	alt	primer_name	amplicon	depth
E59	MN908947.3	25673	T	C	nCoV-2019_84_RIGHT	nCoV-2019_84	25620.5390625
E59	MN908947.3	27786	T	C	nCoV-2019_92_LEFT	nCoV-2019_92	8380.0927734
