sample	contig	position	ref	alt	primer_name	amplicon	depth
E60	MN908947.3	321	C	T	nCoV-2019_2_LEFT	nCoV-2019_2	24140.0214844
E60	MN908947.3	25673	T	C	nCoV-2019_84_RIGHT	nCoV-2019_84	26029.7753906
