sample	contig	position	ref	alt	primer_name	amplicon	depth
E64	MN908947.3	13965	C	T	nCoV-2019_46_RIGHT	nCoV-2019_46	12606.1093750
E64	MN908947.3	21365	C	T	nCoV-2019_71_LEFT	nCoV-2019_71	7227.5615234
E64	MN908947.3	27207	T	C	nCoV-2019_89_RIGHT	nCoV-2019_89	11656.4082031
