sample	contig	position	ref	alt	primer_name	amplicon	depth
E66	MN908947.3	13965	C	T	nCoV-2019_46_RIGHT	nCoV-2019_46	21637.4238281
E66	MN908947.3	21365	C	T	nCoV-2019_71_LEFT	nCoV-2019_71	4324.2167969
E66	MN908947.3	27207	T	C	nCoV-2019_89_RIGHT	nCoV-2019_89	2360.3464355
