sample	contig	position	ref	alt	primer_name	amplicon	depth
E68	MN908947.3	13965	C	T	nCoV-2019_46_RIGHT	nCoV-2019_46	15878.1230469
E68	MN908947.3	21365	C	T	nCoV-2019_71_LEFT	nCoV-2019_71	3892.5024414
