REGION	POS	REF	ALT	REF_DP	REF_RV	REF_QUAL	ALT_DP	ALT_RV	ALT_QUAL	ALT_FREQ	TOTAL_DP	PVAL	PASS	GFF_FEATURE	REF_CODON	REF_AA	ALT_CODON	ALT_AA
MN908947.3	241	C	T	0	0	0	16	3	68	1	16	2.39972e-12	TRUE	NA	NA	NA	NA	NA
MN908947.3	322	T	-G	40	16	32	23	0	20	0.534884	43	1.06815e-06	TRUE	NA	NA	NA	NA	NA
MN908947.3	1947	T	C	47	2	38	927	1	38	0.950769	975	0	TRUE	cds-QHD43415.1	GTT	V	GCT	A
MN908947.3	3037	C	T	5	0	77	6967	918	69	0.998996	6974	0	TRUE	cds-QHD43415.1	TTC	F	TTT	F
MN908947.3	6731	A	G	14	7	41	12258	11870	40	0.998696	12274	0	TRUE	cds-QHD43415.1	ATA	I	GTA	V
MN908947.3	8027	G	T	1	0	40	8126	30	38	0.999877	8127	0	TRUE	cds-QHD43415.1	GTT	V	TTT	F
MN908947.3	12781	C	T	42	0	39	3605	2	39	0.988213	3648	0	TRUE	cds-QHD43415.1	TAC	Y	TAT	Y
MN908947.3	14408	C	T	0	0	0	1136	125	68	0.99912	1137	0	TRUE	cds-QHD43415.1	CCT	P	CTT	L
MN908947.3	15438	G	T	0	0	0	5285	5249	38	1	5285	0	TRUE	cds-QHD43415.1	ATG	M	ATT	I
MN908947.3	17977	C	T	9	9	38	286	282	38	0.969492	295	5.62797e-161	TRUE	cds-QHD43415.1	CTT	L	TTT	F
MN908947.3	18877	C	T	0	0	0	14803	14765	37	1	14803	0	TRUE	cds-QHD43415.1	CTA	L	TTA	L
MN908947.3	18981	C	T	14	13	30	6290	27	38	0.997621	6305	0	TRUE	cds-QHD43415.1	CAC	H	CAT	H
MN908947.3	21785	G	C	2	0	35	7181	44	39	0.999582	7184	0	TRUE	cds-QHD43416.1	GGT	G	CGT	R
MN908947.3	21928	C	T	0	0	0	7334	7307	39	1	7334	0	TRUE	cds-QHD43416.1	AAC	N	AAT	N
MN908947.3	22444	C	T	0	0	0	1799	92	69	1	1799	0	TRUE	cds-QHD43416.1	GAC	D	GAT	D
MN908947.3	23403	A	G	1	1	40	9988	9840	38	0.9997	9991	0	TRUE	cds-QHD43416.1	GAT	D	GGT	G
MN908947.3	24060	T	C	1	1	40	8905	8813	38	0.999775	8907	0	TRUE	cds-QHD43416.1	TTC	F	TCC	S
MN908947.3	25207	C	T	0	0	0	3205	369	70	1	3205	0	TRUE	cds-QHD43416.1	TAC	Y	TAT	Y
MN908947.3	25563	G	T	0	0	0	9968	9870	38	0.999699	9971	0	TRUE	cds-QHD43417.1	CAG	Q	CAT	H
MN908947.3	26735	C	T	1	0	31	8250	1162	68	0.999879	8251	0	TRUE	cds-QHD43419.1	TAC	Y	TAT	Y
MN908947.3	27670	G	T	0	0	0	415	80	65	1	415	0	TRUE	cds-QHD43421.1	GTT	V	TTT	F
MN908947.3	28093	C	T	57	24	37	7033	6957	39	0.991961	7090	0	TRUE	cds-QHD43422.1	TCT	S	TTT	F
MN908947.3	28854	C	T	2	1	32	11313	2517	56	0.999823	11315	0	TRUE	cds-QHD43423.2	TCA	S	TTA	L
MN908947.3	29555	C	T	3118	1536	38	9819	7501	38	0.758869	12939	0	TRUE	NA	NA	NA	NA	NA
