{
  "MN908947": {
    "average": 6396.837,
    "deletion_coverage_propagation_cutoff": 8.0,
    "deletion_coverage_seed_cutoff": 0.0,
    "dispersion": 17838.4,
    "nbinom_dispersion": 3242.40034730573,
    "nbinom_mean_parameter": 4393.971,
    "nbinom_prob_parameter": 0.000308413487813419,
    "nbinom_size_parameter": 1.355578,
    "nbinom_variance": 14247013.0964513,
    "variance": 114109341.0
  }
}