{
  "MN908947": {
    "average": 13506.89,
    "deletion_coverage_propagation_cutoff": 244.0,
    "deletion_coverage_seed_cutoff": 0.0,
    "dispersion": 6574.122,
    "nbinom_dispersion": 8457.71719728869,
    "nbinom_mean_parameter": 17587.68,
    "nbinom_prob_parameter": 0.000118235213672145,
    "nbinom_size_parameter": 2.079729,
    "nbinom_variance": 148751623.59641,
    "variance": 88795978.0
  }
}