{
  "MN908947": {
    "average": 7982.319,
    "deletion_coverage_propagation_cutoff": 245.0,
    "deletion_coverage_seed_cutoff": 0.0,
    "dispersion": 4556.853,
    "nbinom_dispersion": 2699.80368649864,
    "nbinom_mean_parameter": 7427.661,
    "nbinom_prob_parameter": 0.000370397301478202,
    "nbinom_size_parameter": 2.752205,
    "nbinom_variance": 20053226.5498622,
    "variance": 36374250.0
  }
}