{
  "MN908947": {
    "average": 8325.009,
    "deletion_coverage_propagation_cutoff": 51.0,
    "deletion_coverage_seed_cutoff": 0.0,
    "dispersion": 15388.17,
    "nbinom_dispersion": 41390.6377082219,
    "nbinom_mean_parameter": 49761.23,
    "nbinom_prob_parameter": 2.41600529822559e-05,
    "nbinom_size_parameter": 1.202263,
    "nbinom_variance": 2059649042.8455,
    "variance": 128106621.0
  }
}