REGION	POS	REF	ALT	REF_DP	REF_RV	REF_QUAL	ALT_DP	ALT_RV	ALT_QUAL	ALT_FREQ	TOTAL_DP	PVAL	PASS	GFF_FEATURE	REF_CODON	REF_AA	ALT_CODON	ALT_AA
MN908947.3	241	C	T	1	0	76	1112	115	68	0.999102	1113	0	TRUE	NA	NA	NA	NA	NA
MN908947.3	643	C	T	9	7	37	12637	12592	38	0.999209	12647	0	TRUE	cds-QHD43415.1	AAC	N	AAT	N
MN908947.3	2659	G	T	0	0	0	6515	284	61	0.999847	6516	0	TRUE	cds-QHD43415.1	AAG	K	AAT	N
MN908947.3	3037	C	T	6	1	70	9579	926	71	0.999374	9585	0	TRUE	cds-QHD43415.1	TTC	F	TTT	F
MN908947.3	3241	C	T	0	0	0	4929	39	38	1	4929	0	TRUE	cds-QHD43415.1	GAC	D	GAT	D
MN908947.3	5284	C	T	121	15	38	5295	5195	38	0.977659	5416	0	TRUE	cds-QHD43415.1	AAC	N	AAT	N
MN908947.3	5884	C	T	15	7	42	6007	5982	39	0.997509	6022	0	TRUE	cds-QHD43415.1	TAC	Y	TAT	Y
MN908947.3	11967	C	T	1	0	39	1908	331	38	0.999476	1909	0	TRUE	cds-QHD43415.1	GCT	A	GTT	V
MN908947.3	14171	T	C	3	3	37	16299	16070	39	0.999632	16305	0	TRUE	cds-QHD43415.1	ATA	I	ACA	T
MN908947.3	14408	C	T	0	0	0	1103	148	66	1	1103	0	TRUE	cds-QHD43415.1	CCT	P	CTT	L
MN908947.3	16394	C	T	0	0	0	5151	5006	39	0.999418	5154	0	TRUE	cds-QHD43415.1	CCA	P	CTA	L
MN908947.3	16482	A	C	4	3	31	9295	5318	38	0.999355	9301	0	TRUE	cds-QHD43415.1	CCA	P	CCC	P
MN908947.3	21952	C	T	4	4	39	12964	12929	39	0.999692	12968	0	TRUE	cds-QHD43416.1	GTC	V	GTT	V
MN908947.3	23403	A	G	2	2	39	13563	13171	39	0.999411	13571	0	TRUE	cds-QHD43416.1	GAT	D	GGT	G
MN908947.3	23635	C	T	0	0	0	1969	317	67	1	1969	0	TRUE	cds-QHD43416.1	TCC	S	TCT	S
MN908947.3	26060	C	T	0	0	0	4118	28	39	1	4118	0	TRUE	cds-QHD43417.1	ACT	T	ATT	I
MN908947.3	26826	C	T	0	0	0	3456	3306	38	1	3456	0	TRUE	cds-QHD43419.1	CTG	L	TTG	L
MN908947.3	26842	G	A	177	118	38	3325	3231	39	0.949457	3502	0	TRUE	cds-QHD43419.1	CGT	R	CAT	H
MN908947.3	27434	C	T	1	1	27	3759	3570	38	0.999734	3760	0	TRUE	cds-QHD43421.1	ACT	T	ATT	I
MN908947.3	28881	G	A	1	0	76	5149	935	63	0.999612	5151	0	TRUE	cds-QHD43423.2	AGG	R	AAG	K
MN908947.3	28882	G	A	0	0	0	5157	932	63	0.999806	5158	0	TRUE	cds-QHD43423.2	AGG	R	AGA	R
MN908947.3	28883	G	C	1	0	37	5167	952	63	0.999807	5168	0	TRUE	cds-QHD43423.2	GGA	G	CGA	R
MN908947.3	28884	G	T	2	1	39	5153	935	63	0.999612	5155	0	TRUE	cds-QHD43423.2	GGA	G	GTA	V
MN908947.3	29200	C	T	0	0	0	3650	524	66	1	3650	0	TRUE	cds-QHD43423.2	CCC	P	CCT	P
