REGION	POS	REF	ALT	REF_DP	REF_RV	REF_QUAL	ALT_DP	ALT_RV	ALT_QUAL	ALT_FREQ	TOTAL_DP	PVAL	PASS	GFF_FEATURE	REF_CODON	REF_AA	ALT_CODON	ALT_AA
MN908947.3	241	C	T	0	0	0	20	3	65	1	20	3.11151e-15	TRUE	NA	NA	NA	NA	NA
MN908947.3	322	T	-G	107	18	29	96	0	20	0.695652	138	8.0241e-26	TRUE	NA	NA	NA	NA	NA
MN908947.3	643	C	T	8	6	38	15768	15691	38	0.999493	15776	0	TRUE	cds-QHD43415.1	AAC	N	AAT	N
MN908947.3	2659	G	T	1	0	39	1006	262	44	0.999007	1007	0	TRUE	cds-QHD43415.1	AAG	K	AAT	N
MN908947.3	3037	C	T	4	1	67	12182	1370	70	0.999672	12186	0	TRUE	cds-QHD43415.1	TTC	F	TTT	F
MN908947.3	3241	C	T	1	0	40	7464	6	38	0.999732	7466	0	TRUE	cds-QHD43415.1	GAC	D	GAT	D
MN908947.3	3942	A	C	0	0	0	833	104	63	0.998801	834	0	TRUE	cds-QHD43415.1	AAA	K	ACA	T
MN908947.3	5284	C	T	66	63	38	6133	6109	38	0.989353	6199	0	TRUE	cds-QHD43415.1	AAC	N	AAT	N
MN908947.3	5884	C	T	10	3	38	2564	2513	39	0.996115	2574	0	TRUE	cds-QHD43415.1	TAC	Y	TAT	Y
MN908947.3	9286	C	T	0	0	0	74	9	38	1	74	8.56081e-44	TRUE	cds-QHD43415.1	AAC	N	AAT	N
MN908947.3	10103	A	G	9	1	34	27072	8545	38	0.999299	27091	0	TRUE	cds-QHD43415.1	ATG	M	GTG	V
MN908947.3	14171	T	C	2	2	37	16005	15835	39	0.999438	16014	0	TRUE	cds-QHD43415.1	ATA	I	ACA	T
MN908947.3	14408	C	T	0	0	0	2065	144	70	0.999516	2066	0	TRUE	cds-QHD43415.1	CCT	P	CTT	L
MN908947.3	16482	A	C	9	4	36	13822	984	38	0.999277	13832	0	TRUE	cds-QHD43415.1	CCA	P	CCC	P
MN908947.3	21952	C	T	24	24	38	10143	10132	39	0.997639	10167	0	TRUE	cds-QHD43416.1	GTC	V	GTT	V
MN908947.3	23403	A	G	3	3	39	13558	13223	38	0.99941	13566	0	TRUE	cds-QHD43416.1	GAT	D	GGT	G
MN908947.3	23635	C	T	5	0	48	9868	1061	69	0.999392	9874	0	TRUE	cds-QHD43416.1	TCC	S	TCT	S
MN908947.3	26060	C	T	0	0	0	2180	6	39	0.999541	2181	0	TRUE	cds-QHD43417.1	ACT	T	ATT	I
MN908947.3	26842	G	A	31	31	39	12881	12867	39	0.997599	12912	0	TRUE	cds-QHD43419.1	CGT	R	CAT	H
MN908947.3	27434	C	T	2	1	40	14156	14016	38	0.999859	14158	0	TRUE	cds-QHD43421.1	ACT	T	ATT	I
MN908947.3	28881	G	A	7	2	51	15513	4234	56	0.999291	15524	0	TRUE	cds-QHD43423.2	AGG	R	AAG	K
MN908947.3	28882	G	A	2	0	74	15548	4238	56	0.999871	15550	0	TRUE	cds-QHD43423.2	AGG	R	AGA	R
MN908947.3	28883	G	C	1	0	78	15566	4289	57	0.999486	15574	0	TRUE	cds-QHD43423.2	GGA	G	CGA	R
MN908947.3	28884	G	T	12	6	38	15532	4242	56	0.999228	15544	0	TRUE	cds-QHD43423.2	GGA	G	GTA	V
MN908947.3	29200	C	T	0	0	0	2399	317	67	1	2399	0	TRUE	cds-QHD43423.2	CCC	P	CCT	P
