REGION	POS	REF	ALT	REF_DP	REF_RV	REF_QUAL	ALT_DP	ALT_RV	ALT_QUAL	ALT_FREQ	TOTAL_DP	PVAL	PASS	GFF_FEATURE	REF_CODON	REF_AA	ALT_CODON	ALT_AA
MN908947.3	241	C	T	0	0	0	428	54	67	1	428	0	TRUE	NA	NA	NA	NA	NA
MN908947.3	1947	T	C	66	6	38	8125	52	38	0.991579	8194	0	TRUE	cds-QHD43415.1	GTT	V	GCT	A
MN908947.3	3037	C	T	4	1	68	8878	994	70	0.99955	8882	0	TRUE	cds-QHD43415.1	TTC	F	TTT	F
MN908947.3	4099	C	T	2	0	39	19243	986	39	0.999688	19249	0	TRUE	cds-QHD43415.1	TTC	F	TTT	F
MN908947.3	4771	T	A	0	0	0	2593	130	55	1	2593	0	TRUE	cds-QHD43415.1	ATT	I	ATA	I
MN908947.3	4889	A	G	0	0	0	1785	1158	46	1	1785	0	TRUE	cds-QHD43415.1	ACC	T	GCC	A
MN908947.3	6285	C	G	1	0	35	11564	75	39	0.999222	11573	0	TRUE	cds-QHD43415.1	ACC	T	AGC	S
MN908947.3	6769	T	C	2	1	35	14512	8705	39	0.999724	14516	0	TRUE	cds-QHD43415.1	TAT	Y	TAC	Y
MN908947.3	8027	G	T	1	0	39	10298	23	39	0.999903	10299	0	TRUE	cds-QHD43415.1	GTT	V	TTT	F
MN908947.3	14408	C	T	1	0	41	1050	106	68	0.999049	1051	0	TRUE	cds-QHD43415.1	CCT	P	CTT	L
MN908947.3	15438	G	T	2	2	39	7294	6833	39	0.999315	7299	0	TRUE	cds-QHD43415.1	ATG	M	ATT	I
MN908947.3	17977	C	T	613	56	38	3363	2941	38	0.845825	3976	0	TRUE	cds-QHD43415.1	CTT	L	TTT	F
MN908947.3	18877	C	T	4	3	34	9335	9293	37	0.999572	9339	0	TRUE	cds-QHD43415.1	CTA	L	TTA	L
MN908947.3	18981	C	T	15	13	29	7599	21	38	0.99803	7614	0	TRUE	cds-QHD43415.1	CAC	H	CAT	H
MN908947.3	21785	G	C	0	0	0	10914	62	39	0.999085	10924	0	TRUE	cds-QHD43416.1	GGT	G	CGT	R
MN908947.3	22444	C	T	1	0	39	2085	133	68	0.999521	2086	0	TRUE	cds-QHD43416.1	GAC	D	GAT	D
MN908947.3	23403	A	G	2	2	35	14146	13833	38	0.999647	14151	0	TRUE	cds-QHD43416.1	GAT	D	GGT	G
MN908947.3	25487	C	T	2	0	75	3614	467	67	0.999447	3616	0	TRUE	cds-QHD43417.1	ACT	T	ATT	I
MN908947.3	25563	G	T	2	2	39	3442	3366	38	0.998839	3446	0	TRUE	cds-QHD43417.1	CAG	Q	CAT	H
MN908947.3	26735	C	T	1	0	41	2741	568	63	0.999271	2743	0	TRUE	cds-QHD43419.1	TAC	Y	TAT	Y
MN908947.3	28093	C	T	49	37	39	4430	4295	38	0.988839	4480	0	TRUE	cds-QHD43422.1	TCT	S	TTT	F
MN908947.3	28854	C	T	5	1	61	5365	967	59	0.998883	5371	0	TRUE	cds-QHD43423.2	TCA	S	TTA	L
MN908947.3	29555	C	T	413	223	38	3777	3318	39	0.901432	4190	0	TRUE	NA	NA	NA	NA	NA
MN908947.3	29752	A	G	57	34	38	539	391	39	0.902848	597	4.24144e-281	TRUE	NA	NA	NA	NA	NA
