REGION	POS	REF	ALT	REF_DP	REF_RV	REF_QUAL	ALT_DP	ALT_RV	ALT_QUAL	ALT_FREQ	TOTAL_DP	PVAL	PASS	GFF_FEATURE	REF_CODON	REF_AA	ALT_CODON	ALT_AA
MN908947.3	241	C	T	1	0	75	672	94	66	0.998514	673	0	TRUE	NA	NA	NA	NA	NA
MN908947.3	1059	C	T	1	0	40	3997	37	39	0.99975	3998	0	TRUE	cds-QHD43415.1	ACC	T	ATC	I
MN908947.3	3037	C	T	3	0	76	9920	1135	70	0.999698	9923	0	TRUE	cds-QHD43415.1	TTC	F	TTT	F
MN908947.3	3606	G	T	1	0	36	8885	325	65	0.999325	8891	0	TRUE	cds-QHD43415.1	TGT	C	TTT	F
MN908947.3	4551	C	T	1	1	35	6054	5985	38	0.99967	6056	0	TRUE	cds-QHD43415.1	ACA	T	ATA	I
MN908947.3	8083	G	A	36	0	38	12082	79	38	0.997029	12118	0	TRUE	cds-QHD43415.1	ATG	M	ATA	I
MN908947.3	10319	C	T	2	1	59	5302	1251	65	0.999434	5305	0	TRUE	cds-QHD43415.1	CTT	L	TTT	F
MN908947.3	11417	G	T	1	0	36	2188	36	39	0.999087	2190	0	TRUE	cds-QHD43415.1	GTT	V	TTT	F
MN908947.3	14408	C	T	0	0	0	2196	197	70	1	2196	0	TRUE	cds-QHD43415.1	CCT	P	CTT	L
MN908947.3	14805	C	T	7	6	37	14084	13559	39	0.999503	14091	0	TRUE	cds-QHD43415.1	TAC	Y	TAT	Y
MN908947.3	17822	C	T	6	2	40	4811	211	68	0.998754	4817	0	TRUE	cds-QHD43415.1	CCA	P	CTA	L
MN908947.3	18424	A	G	4	1	46	10007	500	62	0.9996	10011	0	TRUE	cds-QHD43415.1	AAT	N	GAT	D
MN908947.3	19512	C	T	1	1	27	3135	3097	39	0.999681	3136	0	TRUE	cds-QHD43415.1	TAC	Y	TAT	Y
MN908947.3	19554	C	T	4	2	39	3178	3145	39	0.998743	3182	0	TRUE	cds-QHD43415.1	GGC	G	GGT	G
MN908947.3	21304	C	T	2	1	45	5669	1101	67	0.999295	5673	0	TRUE	cds-QHD43415.1	CGC	R	TGC	C
MN908947.3	22155	A	G	2	0	72	9123	843	70	0.999562	9127	0	TRUE	cds-QHD43416.1	GAT	D	GGT	G
MN908947.3	23403	A	G	2	1	31	16848	16340	38	0.999585	16855	0	TRUE	cds-QHD43416.1	GAT	D	GGT	G
MN908947.3	23599	T	G	1	0	40	1426	131	60	0.999299	1427	0	TRUE	cds-QHD43416.1	AAT	N	AAG	K
MN908947.3	25563	G	T	1	1	34	3590	3465	38	0.999722	3591	0	TRUE	cds-QHD43417.1	CAG	Q	CAT	H
MN908947.3	25609	C	A	87	77	38	3541	3509	38	0.975482	3630	0	TRUE	cds-QHD43417.1	CTC	L	ATC	I
MN908947.3	25729	T	C	1358	31	39	837	20	38	0.381321	2195	3.4257e-294	TRUE	cds-QHD43417.1	TAC	Y	CAC	H
MN908947.3	25907	G	T	25	21	38	2480	2211	38	0.99002	2505	0	TRUE	cds-QHD43417.1	GGT	G	GTT	V
MN908947.3	27964	C	T	1	0	77	2212	165	68	0.999548	2213	0	TRUE	cds-QHD43422.1	TCA	S	TTA	L
MN908947.3	28472	C	T	0	0	0	948	90	38	1	948	0	TRUE	cds-QHD43423.2	CCT	P	TCT	S
MN908947.3	28869	C	T	1	1	37	7162	805	66	0.99986	7163	0	TRUE	cds-QHD43423.2	CCA	P	CTA	L
MN908947.3	28907	G	T	1	0	31	7152	1463	65	0.999581	7155	0	TRUE	cds-QHD43423.2	GGC	G	TGC	C
