{
  "MN908947": {
    "average": 12257.67,
    "deletion_coverage_propagation_cutoff": 601.0,
    "deletion_coverage_seed_cutoff": 0.0,
    "dispersion": 6654.677,
    "nbinom_dispersion": 3833.43397732815,
    "nbinom_mean_parameter": 12336.49,
    "nbinom_prob_parameter": 0.00026086271627847,
    "nbinom_size_parameter": 3.21897,
    "nbinom_variance": 47291119.926969,
    "variance": 81570856.0
  }
}