{
  "MN908947": {
    "average": 8065.008,
    "deletion_coverage_propagation_cutoff": 111.0,
    "deletion_coverage_seed_cutoff": 0.0,
    "dispersion": 4481.34,
    "nbinom_dispersion": 90813.2454004574,
    "nbinom_mean_parameter": 75017.88,
    "nbinom_prob_parameter": 1.10116095464964e-05,
    "nbinom_size_parameter": 0.8260767,
    "nbinom_variance": 6812617145.86206,
    "variance": 36142041.0
  }
}