{
  "MN908947": {
    "average": 9196.101,
    "deletion_coverage_propagation_cutoff": 1.0,
    "deletion_coverage_seed_cutoff": 0.0,
    "dispersion": 5305.646,
    "nbinom_dispersion": 19509.0399614906,
    "nbinom_mean_parameter": 13805.28,
    "nbinom_prob_parameter": 5.12582885664249e-05,
    "nbinom_size_parameter": 0.7076713,
    "nbinom_variance": 269327759.199567,
    "variance": 48791257.0
  }
}