{
  "MN908947": {
    "average": 8757.028,
    "deletion_coverage_propagation_cutoff": 114.0,
    "deletion_coverage_seed_cutoff": 0.0,
    "dispersion": 4816.139,
    "nbinom_dispersion": 82532.0767741505,
    "nbinom_mean_parameter": 62715.39,
    "nbinom_prob_parameter": 1.21165011118829e-05,
    "nbinom_size_parameter": 0.7599003,
    "nbinom_variance": 5176031382.40079,
    "variance": 42175061.0
  }
}