REGION	POS	REF	ALT	REF_DP	REF_RV	REF_QUAL	ALT_DP	ALT_RV	ALT_QUAL	ALT_FREQ	TOTAL_DP	PVAL	PASS	GFF_FEATURE	REF_CODON	REF_AA	ALT_CODON	ALT_AA
MN908947.3	241	C	T	0	0	0	13	2	66	1	13	6.77352e-10	TRUE	NA	NA	NA	NA	NA
MN908947.3	322	T	-G	100	12	28	110	0	20	0.814815	135	2.34357e-29	TRUE	NA	NA	NA	NA	NA
MN908947.3	1059	C	T	4	0	39	11820	20	39	0.999662	11824	0	TRUE	cds-QHD43415.1	ACC	T	ATC	I
MN908947.3	2500	A	C	3	3	35	6242	6195	38	0.99952	6245	0	TRUE	cds-QHD43415.1	GAA	E	GAC	D
MN908947.3	3037	C	T	2	0	78	11806	1235	71	0.999831	11808	0	TRUE	cds-QHD43415.1	TTC	F	TTT	F
MN908947.3	3773	C	T	18	17	38	7144	7136	39	0.997347	7163	0	TRUE	cds-QHD43415.1	CGC	R	TGC	C
MN908947.3	10084	T	C	204	177	38	7508	7124	38	0.973548	7712	0	TRUE	cds-QHD43415.1	TCT	S	TCC	S
MN908947.3	14148	T	C	3	1	43	16358	2675	68	0.999694	16363	0	TRUE	cds-QHD43415.1	TCT	S	TCC	S
MN908947.3	14191	T	C	18	18	39	16223	16204	38	0.998769	16243	0	TRUE	cds-QHD43415.1	TTA	L	CTA	L
MN908947.3	14408	C	T	2	1	39	1365	110	70	0.998537	1367	0	TRUE	cds-QHD43415.1	CCT	P	CTT	L
MN908947.3	16173	C	T	10	10	35	24434	21730	39	0.999223	24453	0	TRUE	cds-QHD43415.1	AAC	N	AAT	N
MN908947.3	16260	C	T	0	0	0	2596	32	43	0.99923	2598	0	TRUE	cds-QHD43415.1	TGC	C	TGT	C
MN908947.3	18538	G	A	3	3	37	8068	8045	38	0.999628	8071	0	TRUE	cds-QHD43415.1	GTA	V	ATA	I
MN908947.3	20059	A	G	0	0	0	855	144	61	1	855	0	TRUE	cds-QHD43415.1	AGT	S	GGT	G
MN908947.3	23403	A	G	1	1	40	11838	11743	38	0.999662	11842	0	TRUE	cds-QHD43416.1	GAT	D	GGT	G
MN908947.3	24253	A	T	1	0	34	3007	312	67	0.996685	3017	0	TRUE	cds-QHD43416.1	CCA	P	CCT	P
MN908947.3	25563	G	T	2	2	38	9662	9576	38	0.999586	9666	0	TRUE	cds-QHD43417.1	CAG	Q	CAT	H
MN908947.3	28821	C	A	2	1	24	22359	5804	50	0.999642	22367	0	TRUE	cds-QHD43423.2	TCT	S	TAT	Y
