{
  "MN908947": {
    "average": 13511.61,
    "deletion_coverage_propagation_cutoff": 13.0,
    "deletion_coverage_seed_cutoff": 0.0,
    "dispersion": 8115.22,
    "nbinom_dispersion": 35790.3132823518,
    "nbinom_mean_parameter": 36873.98,
    "nbinom_prob_parameter": 2.79405210038522e-05,
    "nbinom_size_parameter": 1.030307,
    "nbinom_variance": 1319731296.16717,
    "variance": 109649675.0
  }
}