{
  "MN908947": {
    "average": 13067.67,
    "deletion_coverage_propagation_cutoff": 543.0,
    "deletion_coverage_seed_cutoff": 0.0,
    "dispersion": 6131.708,
    "nbinom_dispersion": 5055.07794066261,
    "nbinom_mean_parameter": 14565.14,
    "nbinom_prob_parameter": 0.000197820886589322,
    "nbinom_size_parameter": 2.881859,
    "nbinom_variance": 73627917.9166626,
    "variance": 80127142.0
  }
}