REGION	POS	REF	ALT	REF_DP	REF_RV	REF_QUAL	ALT_DP	ALT_RV	ALT_QUAL	ALT_FREQ	TOTAL_DP	PVAL	PASS	GFF_FEATURE	REF_CODON	REF_AA	ALT_CODON	ALT_AA
MN908947.3	241	C	T	0	0	0	16	3	67	1	16	2.39972e-12	TRUE	NA	NA	NA	NA	NA
MN908947.3	322	T	-G	111	18	30	89	0	20	0.674242	132	5.58356e-23	TRUE	NA	NA	NA	NA	NA
MN908947.3	1947	T	C	45	2	39	744	6	38	0.942966	789	0	TRUE	cds-QHD43415.1	GTT	V	GCT	A
MN908947.3	3037	C	T	6	1	69	13974	1854	68	0.999499	13981	0	TRUE	cds-QHD43415.1	TTC	F	TTT	F
MN908947.3	8027	G	T	2	0	39	8543	57	38	0.999649	8546	0	TRUE	cds-QHD43415.1	GTT	V	TTT	F
MN908947.3	14408	C	T	0	0	0	2282	171	69	1	2282	0	TRUE	cds-QHD43415.1	CCT	P	CTT	L
MN908947.3	14724	C	T	4	1	66	13420	994	69	0.999702	13424	0	TRUE	cds-QHD43415.1	TTC	F	TTT	F
MN908947.3	15438	G	T	0	0	0	8822	8801	39	0.999887	8823	0	TRUE	cds-QHD43415.1	ATG	M	ATT	I
MN908947.3	17977	C	T	10	4	38	674	549	39	0.98538	684	0	TRUE	cds-QHD43415.1	CTT	L	TTT	F
MN908947.3	18877	C	T	211	210	37	37235	37101	37	0.994339	37447	0	TRUE	cds-QHD43415.1	CTA	L	TTA	L
MN908947.3	18981	C	T	41	38	31	7444	220	38	0.994522	7485	0	TRUE	cds-QHD43415.1	CAC	H	CAT	H
MN908947.3	21785	G	C	2	0	39	9604	87	39	0.99948	9609	0	TRUE	cds-QHD43416.1	GGT	G	CGT	R
MN908947.3	22444	C	T	0	0	0	2077	123	69	0.999519	2078	0	TRUE	cds-QHD43416.1	GAC	D	GAT	D
MN908947.3	23124	C	-A	30	15	33	17	0	20	0.459459	37	1.34517e-05	TRUE	NA	NA	NA	NA	NA
MN908947.3	23403	A	G	2	2	35	12169	12023	38	0.999589	12174	0	TRUE	cds-QHD43416.1	GAT	D	GGT	G
MN908947.3	23481	C	T	5	4	35	28082	12248	38	0.999786	28088	0	TRUE	cds-QHD43416.1	TCT	S	TTT	F
MN908947.3	25563	G	T	2	2	35	41420	41336	38	0.999421	41444	0	TRUE	cds-QHD43417.1	CAG	Q	CAT	H
MN908947.3	26735	C	T	5	1	45	21391	2735	68	0.999766	21396	0	TRUE	cds-QHD43419.1	TAC	Y	TAT	Y
MN908947.3	27092	C	T	658	610	40	1449	709	38	0.687381	2108	0	TRUE	cds-QHD43419.1	GAC	D	GAT	D
MN908947.3	27549	C	T	370	5	38	154	0	37	0.293893	524	6.6704e-53	TRUE	cds-QHD43421.1	AAC	N	AAT	N
MN908947.3	28093	C	T	156	69	37	22804	22605	39	0.993162	22961	0	TRUE	cds-QHD43422.1	TCT	S	TTT	F
MN908947.3	28854	C	T	0	0	0	7446	985	62	0.999866	7447	0	TRUE	cds-QHD43423.2	TCA	S	TTA	L
MN908947.3	29555	C	T	2	1	33	16557	10426	38	0.999879	16559	0	TRUE	NA	NA	NA	NA	NA
