REGION	POS	REF	ALT	REF_DP	REF_RV	REF_QUAL	ALT_DP	ALT_RV	ALT_QUAL	ALT_FREQ	TOTAL_DP	PVAL	PASS	GFF_FEATURE	REF_CODON	REF_AA	ALT_CODON	ALT_AA
MN908947.3	241	C	T	0	0	0	1225	193	66	0.999184	1226	0	TRUE	NA	NA	NA	NA	NA
MN908947.3	3037	C	T	4	1	54	9788	1143	69	0.999387	9794	0	TRUE	cds-QHD43415.1	TTC	F	TTT	F
MN908947.3	6145	C	T	2	2	39	4580	4460	38	0.999345	4583	0	TRUE	cds-QHD43415.1	TTC	F	TTT	F
MN908947.3	6865	G	T	79	29	40	5463	57	39	0.985745	5542	0	TRUE	cds-QHD43415.1	AAG	K	AAT	N
MN908947.3	10870	G	T	0	0	0	2191	276	64	0.999544	2192	0	TRUE	cds-QHD43415.1	CTG	L	CTT	L
MN908947.3	11272	G	A	0	0	0	3120	2977	39	1	3120	0	TRUE	cds-QHD43415.1	ATG	M	ATA	I
MN908947.3	11998	G	T	2	1	39	1429	304	38	0.996513	1434	0	TRUE	cds-QHD43415.1	ATG	M	ATT	I
MN908947.3	14408	C	T	0	0	0	1053	215	63	1	1053	0	TRUE	cds-QHD43415.1	CCT	P	CTT	L
MN908947.3	17615	A	G	2	0	57	7931	1645	65	0.999496	7935	0	TRUE	cds-QHD43415.1	AAG	K	AGG	R
MN908947.3	17678	C	T	124	97	38	7695	7567	38	0.984015	7820	0	TRUE	cds-QHD43415.1	ACG	T	ATG	M
MN908947.3	21123	G	T	7	1	39	7402	3729	38	0.998786	7411	0	TRUE	cds-QHD43415.1	GGG	G	GGT	G
MN908947.3	23315	C	T	2	1	60	11843	1096	67	0.999747	11846	0	TRUE	cds-QHD43416.1	CTT	L	TTT	F
MN908947.3	23403	A	G	1	1	27	11550	11070	39	0.999481	11556	0	TRUE	cds-QHD43416.1	GAT	D	GGT	G
MN908947.3	23455	T	C	327	307	38	11179	11090	38	0.971496	11507	0	TRUE	cds-QHD43416.1	CCT	P	CCC	P
MN908947.3	25521	C	T	1	1	38	2513	668	61	0.999602	2514	0	TRUE	cds-QHD43417.1	TTC	F	TTT	F
MN908947.3	28253	C	T	23	7	53	371	90	56	0.941624	394	7.39447e-244	TRUE	cds-QHD43422.1	TTC	F	TTT	F
MN908947.3	28881	G	A	1	1	38	333	130	50	0.997006	334	3.13023e-230	TRUE	cds-QHD43423.2	AGG	R	AAG	K
MN908947.3	28882	G	A	1	1	34	333	127	50	0.997006	334	3.13023e-230	TRUE	cds-QHD43423.2	AGG	R	AGA	R
MN908947.3	28883	G	C	0	0	0	338	131	50	1	338	2.22636e-234	TRUE	cds-QHD43423.2	GGA	G	CGA	R
MN908947.3	29311	C	T	68	58	38	250	181	38	0.786164	318	8.87668e-115	TRUE	cds-QHD43423.2	TTC	F	TTT	F
