REGION	POS	REF	ALT	REF_DP	REF_RV	REF_QUAL	ALT_DP	ALT_RV	ALT_QUAL	ALT_FREQ	TOTAL_DP	PVAL	PASS	GFF_FEATURE	REF_CODON	REF_AA	ALT_CODON	ALT_AA
MN908947.3	241	C	T	0	0	0	80	20	59	1	80	1.69069e-60	TRUE	NA	NA	NA	NA	NA
MN908947.3	322	T	-G	142	78	33	69	0	20	0.425926	162	1.12487e-18	TRUE	NA	NA	NA	NA	NA
MN908947.3	3037	C	T	1	0	79	4489	683	68	0.999777	4490	0	TRUE	cds-QHD43415.1	TTC	F	TTT	F
MN908947.3	3716	G	A	4	4	33	1278	1257	38	0.99688	1282	0	TRUE	cds-QHD43415.1	GCT	A	ACT	T
MN908947.3	5192	C	T	2	2	40	1979	1919	39	0.99899	1981	0	TRUE	cds-QHD43415.1	CTG	L	TTG	L
MN908947.3	10626	C	T	1	1	36	2523	2506	38	0.999208	2525	0	TRUE	cds-QHD43415.1	GCA	A	GTA	V
MN908947.3	11109	C	T	4	0	38	4026	89	38	0.999007	4030	0	TRUE	cds-QHD43415.1	GCT	A	GTT	V
MN908947.3	12513	C	T	8	0	39	5502	10	38	0.998367	5511	0	TRUE	cds-QHD43415.1	ACG	T	ATG	M
MN908947.3	14408	C	T	2	0	76	2449	232	69	0.999184	2451	0	TRUE	cds-QHD43415.1	CCT	P	CTT	L
MN908947.3	18109	C	T	1	1	39	6097	206	64	0.999672	6099	0	TRUE	cds-QHD43415.1	CCT	P	TCT	S
MN908947.3	21625	A	G	1	1	40	1162	1021	38	0.99914	1163	0	TRUE	cds-QHD43416.1	AGA	R	AGG	R
MN908947.3	22616	G	T	3	0	35	7196	242	38	0.999306	7201	0	TRUE	cds-QHD43416.1	GCT	A	TCT	S
MN908947.3	23403	A	G	1	1	40	5178	5164	38	0.999614	5180	0	TRUE	cds-QHD43416.1	GAT	D	GGT	G
MN908947.3	25505	A	C	3	1	49	4671	943	64	0.999144	4675	0	TRUE	cds-QHD43417.1	CAA	Q	CCA	P
MN908947.3	25855	G	T	0	0	0	336	306	40	0.997033	337	2.9406e-208	TRUE	cds-QHD43417.1	GAC	D	TAC	Y
MN908947.3	27604	G	T	0	0	0	299	1	39	1	299	2.89145e-184	TRUE	cds-QHD43421.1	GTA	V	TTA	L
MN908947.3	27707	C	T	0	0	0	329	310	39	1	329	3.75897e-201	TRUE	cds-QHD43421.1	GCG	A	GTG	V
MN908947.3	28857	G	T	1	0	39	3431	523	61	0.999417	3433	0	TRUE	cds-QHD43423.2	AGA	R	ATA	I
MN908947.3	28881	G	A	2	0	57	3483	731	61	0.999426	3485	0	TRUE	cds-QHD43423.2	AGG	R	AAG	K
MN908947.3	28882	G	A	1	0	40	3486	735	61	0.999713	3487	0	TRUE	cds-QHD43423.2	AGG	R	AGA	R
MN908947.3	28883	G	C	1	0	39	3511	759	62	0.999431	3513	0	TRUE	cds-QHD43423.2	GGA	G	CGA	R
MN908947.3	29580	C	-T	7072	3073	38	7152	0	20	0.994992	7188	0	TRUE	NA	NA	NA	NA	NA
