{
  "MN908947": {
    "average": 9775.589,
    "deletion_coverage_propagation_cutoff": 1311.0,
    "deletion_coverage_seed_cutoff": 0.0,
    "dispersion": 4720.385,
    "nbinom_dispersion": 1336.02585543138,
    "nbinom_mean_parameter": 8450.978,
    "nbinom_prob_parameter": 0.000748488508612821,
    "nbinom_size_parameter": 6.330198,
    "nbinom_variance": 11290725.1116818,
    "variance": 46144543.0
  }
}