{
  "MN908947": {
    "average": 3.12697,
    "deletion_coverage_propagation_cutoff": 1.0,
    "deletion_coverage_seed_cutoff": 0.0,
    "dispersion": 27.11102,
    "nbinom_dispersion": 1.00004141833584,
    "nbinom_mean_parameter": 1.994174,
    "nbinom_prob_parameter": 0.999958583379569,
    "nbinom_size_parameter": 48147.13,
    "nbinom_variance": 1.99425659536845,
    "variance": 84.77536
  }
}