{
  "MN908947": {
    "average": 8242.106,
    "deletion_coverage_propagation_cutoff": 138.0,
    "deletion_coverage_seed_cutoff": 0.0,
    "dispersion": 11529.77,
    "nbinom_dispersion": 3144.25325815751,
    "nbinom_mean_parameter": 7198.358,
    "nbinom_prob_parameter": 0.0003180405386893,
    "nbinom_size_parameter": 2.290098,
    "nbinom_variance": 22633460.5948842,
    "variance": 95029599.0
  }
}