{
  "MN908947": {
    "average": 7969.316,
    "deletion_coverage_propagation_cutoff": 190.0,
    "deletion_coverage_seed_cutoff": 0.0,
    "dispersion": 4866.89,
    "nbinom_dispersion": 3366.88812883877,
    "nbinom_mean_parameter": 8192.74,
    "nbinom_prob_parameter": 0.000297010165391179,
    "nbinom_size_parameter": 2.43405,
    "nbinom_variance": 27584039.0486625,
    "variance": 38785784.0
  }
}