REGION	POS	REF	ALT	REF_DP	REF_RV	REF_QUAL	ALT_DP	ALT_RV	ALT_QUAL	ALT_FREQ	TOTAL_DP	PVAL	PASS	GFF_FEATURE	REF_CODON	REF_AA	ALT_CODON	ALT_AA
MN908947.3	241	C	T	0	0	0	1524	221	66	1	1524	0	TRUE	NA	NA	NA	NA	NA
MN908947.3	643	C	T	6	4	38	11770	11724	38	0.999406	11777	0	TRUE	cds-QHD43415.1	AAC	N	AAT	N
MN908947.3	2659	G	T	0	0	0	11907	432	63	0.99958	11912	0	TRUE	cds-QHD43415.1	AAG	K	AAT	N
MN908947.3	3037	C	T	1	1	36	6398	767	69	0.999687	6400	0	TRUE	cds-QHD43415.1	TTC	F	TTT	F
MN908947.3	3241	C	T	1	0	35	2810	81	38	0.999644	2811	0	TRUE	cds-QHD43415.1	GAC	D	GAT	D
MN908947.3	3942	A	C	0	0	0	1110	139	56	1	1110	0	TRUE	cds-QHD43415.1	AAA	K	ACA	T
MN908947.3	5284	C	T	128	6	38	3208	3082	38	0.961631	3336	0	TRUE	cds-QHD43415.1	AAC	N	AAT	N
MN908947.3	5884	C	T	48	33	38	4889	4851	39	0.990277	4937	0	TRUE	cds-QHD43415.1	TAC	Y	TAT	Y
MN908947.3	9286	C	T	0	0	0	686	59	39	1	686	0	TRUE	cds-QHD43415.1	AAC	N	AAT	N
MN908947.3	10103	A	G	4	1	38	3745	1678	38	0.9984	3751	0	TRUE	cds-QHD43415.1	ATG	M	GTG	V
MN908947.3	11863	G	A	1	0	27	2804	2298	40	0.999643	2805	0	TRUE	cds-QHD43415.1	AAG	K	AAA	K
MN908947.3	14171	T	C	2	2	40	9296	9097	39	0.999677	9299	0	TRUE	cds-QHD43415.1	ATA	I	ACA	T
MN908947.3	14408	C	T	0	0	0	570	132	61	1	570	0	TRUE	cds-QHD43415.1	CCT	P	CTT	L
MN908947.3	16482	A	C	4	0	38	3769	1992	38	0.998675	3774	0	TRUE	cds-QHD43415.1	CCA	P	CCC	P
MN908947.3	21952	C	T	1	1	30	9843	9777	39	0.999695	9846	0	TRUE	cds-QHD43416.1	GTC	V	GTT	V
MN908947.3	23403	A	G	2	2	37	9822	9532	39	0.999288	9829	0	TRUE	cds-QHD43416.1	GAT	D	GGT	G
MN908947.3	23635	C	T	0	0	0	851	217	61	1	851	0	TRUE	cds-QHD43416.1	TCC	S	TCT	S
MN908947.3	26060	C	T	2	0	32	1683	50	39	0.998813	1685	0	TRUE	cds-QHD43417.1	ACT	T	ATT	I
MN908947.3	26842	G	A	500	442	38	754	719	38	0.601276	1254	4.74069e-300	TRUE	cds-QHD43419.1	CGT	R	CAT	H
MN908947.3	27434	C	T	0	0	0	597	425	40	1	597	0	TRUE	cds-QHD43421.1	ACT	T	ATT	I
MN908947.3	28881	G	A	2	1	38	382	134	51	0.994792	384	3.12083e-268	TRUE	cds-QHD43423.2	AGG	R	AAG	K
MN908947.3	28882	G	A	1	1	39	380	134	51	0.997375	381	7.91582e-269	TRUE	cds-QHD43423.2	AGG	R	AGA	R
MN908947.3	28883	G	C	0	0	0	383	134	52	1	383	2.46569e-272	TRUE	cds-QHD43423.2	GGA	G	CGA	R
MN908947.3	28884	G	T	1	1	39	380	133	51	0.997375	381	7.91582e-269	TRUE	cds-QHD43423.2	GGA	G	GTA	V
MN908947.3	29200	C	T	0	0	0	310	73	51	0.996785	311	5.94003e-218	TRUE	cds-QHD43423.2	CCC	P	CCT	P
