{
  "MN908947": {
    "average": 12963.66,
    "deletion_coverage_propagation_cutoff": 549.0,
    "deletion_coverage_seed_cutoff": 0.0,
    "dispersion": 9499.217,
    "nbinom_dispersion": 6804.47945519057,
    "nbinom_mean_parameter": 18129.81,
    "nbinom_prob_parameter": 0.000146962013271593,
    "nbinom_size_parameter": 2.664785,
    "nbinom_variance": 123363919.671509,
    "variance": 123144576.0
  }
}