{
  "MN908947": {
    "average": 6753.542,
    "deletion_coverage_propagation_cutoff": 161.0,
    "deletion_coverage_seed_cutoff": 0.0,
    "dispersion": 3881.035,
    "nbinom_dispersion": 2625.04688968972,
    "nbinom_mean_parameter": 6525.632,
    "nbinom_prob_parameter": 0.000380945576221002,
    "nbinom_size_parameter": 2.486858,
    "nbinom_variance": 17130089.9848597,
    "variance": 26210734.0
  }
}