{
  "MN908947": {
    "average": 14216.46,
    "deletion_coverage_propagation_cutoff": 452.0,
    "deletion_coverage_seed_cutoff": 0.0,
    "dispersion": 7300.293,
    "nbinom_dispersion": 2241.05487480572,
    "nbinom_mean_parameter": 7800.113,
    "nbinom_prob_parameter": 0.000446218435452943,
    "nbinom_size_parameter": 3.482108,
    "nbinom_variance": 17480481.2626855,
    "variance": 103784345.0
  }
}