REGION	POS	REF	ALT	REF_DP	REF_RV	REF_QUAL	ALT_DP	ALT_RV	ALT_QUAL	ALT_FREQ	TOTAL_DP	PVAL	PASS	GFF_FEATURE	REF_CODON	REF_AA	ALT_CODON	ALT_AA
MN908947.3	241	C	T	0	0	0	144	16	67	1	144	2.19954e-114	TRUE	NA	NA	NA	NA	NA
MN908947.3	322	T	-G	197	141	35	69	0	20	0.30531	226	2.88981e-18	TRUE	NA	NA	NA	NA	NA
MN908947.3	1947	T	C	32	5	38	4235	39	38	0.992501	4267	0	TRUE	cds-QHD43415.1	GTT	V	GCT	A
MN908947.3	3037	C	T	4	2	56	8946	1172	69	0.999553	8950	0	TRUE	cds-QHD43415.1	TTC	F	TTT	F
MN908947.3	3431	G	T	0	0	0	6444	6407	38	0.99969	6446	0	TRUE	cds-QHD43415.1	GTG	V	TTG	L
MN908947.3	5653	T	C	1	0	40	3464	13	38	0.999423	3466	0	TRUE	cds-QHD43415.1	TAT	Y	TAC	Y
MN908947.3	7038	G	A	4	1	38	3867	3825	38	0.998709	3872	0	TRUE	cds-QHD43415.1	GGC	G	GAC	D
MN908947.3	10770	A	G	0	0	0	727	11	38	1	727	0	TRUE	cds-QHD43415.1	TAT	Y	TGT	C
MN908947.3	14408	C	T	0	0	0	2322	190	69	1	2322	0	TRUE	cds-QHD43415.1	CCT	P	CTT	L
MN908947.3	17058	G	T	1	1	27	5351	5332	38	0.99944	5354	0	TRUE	cds-QHD43415.1	ATG	M	ATT	I
MN908947.3	17331	G	T	4	4	35	9287	9164	39	0.999354	9293	0	TRUE	cds-QHD43415.1	GAG	E	GAT	D
MN908947.3	18877	C	T	2	2	36	8663	8616	37	0.999654	8666	0	TRUE	cds-QHD43415.1	CTA	L	TTA	L
MN908947.3	21614	C	T	1	1	31	6033	4567	39	0.999834	6034	0	TRUE	cds-QHD43416.1	CTT	L	TTT	F
MN908947.3	22444	C	T	15	9	41	2542	182	68	0.993745	2558	0	TRUE	cds-QHD43416.1	GAC	D	GAT	D
MN908947.3	22484	G	T	1	0	27	2560	279	67	0.999219	2562	0	TRUE	cds-QHD43416.1	GTA	V	TTA	L
MN908947.3	23403	A	G	2	2	40	11955	11592	38	0.999415	11962	0	TRUE	cds-QHD43416.1	GAT	D	GGT	G
MN908947.3	25563	G	T	0	0	0	6930	6811	38	0.999856	6931	0	TRUE	cds-QHD43417.1	CAG	Q	CAT	H
MN908947.3	26589	G	T	33	13	38	2463	93	38	0.986779	2496	0	TRUE	cds-QHD43419.1	GTA	V	TTA	L
MN908947.3	26735	C	T	0	0	0	2592	493	63	1	2592	0	TRUE	cds-QHD43419.1	TAC	Y	TAT	Y
MN908947.3	26840	G	A	49	29	39	2455	2359	38	0.980431	2504	0	TRUE	cds-QHD43419.1	ACG	T	ACA	T
MN908947.3	28139	C	T	1	0	38	10857	4005	39	0.999908	10858	0	TRUE	cds-QHD43422.1	TCC	S	TCT	S
MN908947.3	28854	C	T	6	2	37	8307	914	63	0.999278	8313	0	TRUE	cds-QHD43423.2	TCA	S	TTA	L
