{
  "MN908947": {
    "average": 11703.37,
    "deletion_coverage_propagation_cutoff": 424.0,
    "deletion_coverage_seed_cutoff": 0.0,
    "dispersion": 5053.697,
    "nbinom_dispersion": 4807.01408163422,
    "nbinom_mean_parameter": 13124.22,
    "nbinom_prob_parameter": 0.000208029346912176,
    "nbinom_size_parameter": 2.730791,
    "nbinom_variance": 63088310.3504655,
    "variance": 59145267.0
  }
}