{
  "MN908947": {
    "average": 8332.331,
    "deletion_coverage_propagation_cutoff": 30.0,
    "deletion_coverage_seed_cutoff": 0.0,
    "dispersion": 11465.15,
    "nbinom_dispersion": 5164.43230931088,
    "nbinom_mean_parameter": 7896.752,
    "nbinom_prob_parameter": 0.000193632124521627,
    "nbinom_size_parameter": 1.529361,
    "nbinom_variance": 40782241.1674153,
    "variance": 95531384.0
  }
}