REGION	POS	REF	ALT	REF_DP	REF_RV	REF_QUAL	ALT_DP	ALT_RV	ALT_QUAL	ALT_FREQ	TOTAL_DP	PVAL	PASS	GFF_FEATURE	REF_CODON	REF_AA	ALT_CODON	ALT_AA
MN908947.3	241	C	T	0	0	0	11	0	71	1	11	1.18102e-08	TRUE	NA	NA	NA	NA	NA
MN908947.3	322	T	-G	73	11	29	69	0	20	0.734043	94	1.01905e-19	TRUE	NA	NA	NA	NA	NA
MN908947.3	3037	C	T	3	1	66	7535	903	69	0.999602	7538	0	TRUE	cds-QHD43415.1	TTC	F	TTT	F
MN908947.3	3716	G	A	0	0	0	516	493	39	1	516	1.52021e-314	TRUE	cds-QHD43415.1	GCT	A	ACT	T
MN908947.3	9272	A	T	22	12	39	10	10	34	0.3125	32	0.000425899	TRUE	cds-QHD43415.1	AGA	R	TGA	*
MN908947.3	11109	C	T	1	0	30	15226	343	38	0.999803	15229	0	TRUE	cds-QHD43415.1	GCT	A	GTT	V
MN908947.3	14408	C	T	0	0	0	904	62	71	0.998895	905	0	TRUE	cds-QHD43415.1	CCT	P	CTT	L
MN908947.3	14583	C	T	14	1	39	7881	5	39	0.998227	7895	0	TRUE	cds-QHD43415.1	CAC	H	CAT	H
MN908947.3	21625	A	G	2	1	39	4491	3051	38	0.999332	4494	0	TRUE	cds-QHD43416.1	AGA	R	AGG	R
MN908947.3	22904	A	T	26	24	39	12	12	34	0.315789	38	8.72756e-05	TRUE	cds-QHD43416.1	AAT	N	TAT	Y
MN908947.3	23403	A	G	2	2	40	8845	8800	39	0.999435	8850	0	TRUE	cds-QHD43416.1	GAT	D	GGT	G
MN908947.3	24904	C	T	21	2	64	28851	2219	69	0.999169	28875	0	TRUE	cds-QHD43416.1	ATC	I	ATT	I
MN908947.3	25505	A	C	3	2	33	31603	4415	67	0.999779	31610	0	TRUE	cds-QHD43417.1	CAA	Q	CCA	P
MN908947.3	25855	G	T	0	0	0	103	89	39	1	103	2.25263e-62	TRUE	cds-QHD43417.1	GAC	D	TAC	Y
MN908947.3	28857	G	T	2	0	56	10920	3026	53	0.999725	10923	0	TRUE	cds-QHD43423.2	AGA	R	ATA	I
MN908947.3	28881	G	A	6	1	44	10914	3356	53	0.999451	10920	0	TRUE	cds-QHD43423.2	AGG	R	AAG	K
MN908947.3	28882	G	A	1	0	76	10911	3369	53	0.995802	10957	0	TRUE	cds-QHD43423.2	AGG	R	AGA	R
MN908947.3	28883	G	C	4	1	42	10986	3430	54	0.999545	10991	0	TRUE	cds-QHD43423.2	GGA	G	CGA	R
MN908947.3	29580	C	-T	7829	6754	38	7923	0	20	0.998362	7936	0	TRUE	NA	NA	NA	NA	NA
