REGION	POS	REF	ALT	REF_DP	REF_RV	REF_QUAL	ALT_DP	ALT_RV	ALT_QUAL	ALT_FREQ	TOTAL_DP	PVAL	PASS	GFF_FEATURE	REF_CODON	REF_AA	ALT_CODON	ALT_AA
MN908947.3	241	C	T	1	0	79	1014	179	64	0.999015	1015	0	TRUE	NA	NA	NA	NA	NA
MN908947.3	1154	A	G	3	0	75	1866	320	65	0.998395	1869	0	TRUE	cds-QHD43415.1	ATG	M	GTG	V
MN908947.3	3037	C	T	6	0	62	8552	1102	68	0.999182	8559	0	TRUE	cds-QHD43415.1	TTC	F	TTT	F
MN908947.3	8152	C	T	0	0	0	11367	1106	67	0.999736	11370	0	TRUE	cds-QHD43415.1	GTC	V	GTT	V
MN908947.3	10138	C	T	4	1	37	7155	4838	38	0.999441	7159	0	TRUE	cds-QHD43415.1	AAC	N	AAT	N
MN908947.3	10702	C	T	3	2	36	4120	2363	38	0.99903	4124	0	TRUE	cds-QHD43415.1	GAC	D	GAT	D
MN908947.3	11750	C	T	2	0	75	2367	484	52	0.999156	2369	0	TRUE	cds-QHD43415.1	CTC	L	TTC	F
MN908947.3	12121	A	G	135	99	39	1226	1096	39	0.900808	1361	0	TRUE	cds-QHD43415.1	CCA	P	CCG	P
MN908947.3	14408	C	T	0	0	0	742	140	62	1	742	0	TRUE	cds-QHD43415.1	CCT	P	CTT	L
MN908947.3	15530	G	T	5	3	38	11222	7935	39	0.999466	11228	0	TRUE	cds-QHD43415.1	TGT	C	TTT	F
MN908947.3	18877	C	T	0	0	0	7307	7225	37	1	7307	0	TRUE	cds-QHD43415.1	CTA	L	TTA	L
MN908947.3	23403	A	G	3	1	29	13482	13082	39	0.999555	13488	0	TRUE	cds-QHD43416.1	GAT	D	GGT	G
MN908947.3	23587	G	T	2	0	39	1036	81	39	0.998073	1038	0	TRUE	cds-QHD43416.1	CAG	Q	CAT	H
MN908947.3	25563	G	T	1	1	28	3026	2906	38	0.999339	3028	0	TRUE	cds-QHD43417.1	CAG	Q	CAT	H
MN908947.3	25677	G	T	1	0	39	4049	114	38	0.999506	4051	0	TRUE	cds-QHD43417.1	TTG	L	TTT	F
MN908947.3	26681	C	T	3	0	78	1306	299	58	0.997708	1309	0	TRUE	cds-QHD43419.1	TTC	F	TTT	F
MN908947.3	28272	A	G	4	2	37	3791	1408	45	0.998946	3795	0	TRUE	NA	NA	NA	NA	NA
MN908947.3	28975	G	T	4	2	39	569	439	38	0.993019	573	0	TRUE	cds-QHD43423.2	ATG	M	ATT	I
MN908947.3	29474	G	T	6	2	37	2339	392	57	0.996591	2347	0	TRUE	cds-QHD43423.2	GAT	D	TAT	Y
