REGION	POS	REF	ALT	REF_DP	REF_RV	REF_QUAL	ALT_DP	ALT_RV	ALT_QUAL	ALT_FREQ	TOTAL_DP	PVAL	PASS	GFF_FEATURE	REF_CODON	REF_AA	ALT_CODON	ALT_AA
MN908947.3	241	C	T	0	0	0	99	13	66	1	99	4.47294e-77	TRUE	NA	NA	NA	NA	NA
MN908947.3	322	T	-G	239	94	31	149	0	20	0.522807	285	2.46856e-39	TRUE	NA	NA	NA	NA	NA
MN908947.3	1148	G	T	3	1	52	12021	935	71	0.998837	12035	0	TRUE	cds-QHD43415.1	GGC	G	TGC	C
MN908947.3	1947	T	C	25	2	38	3258	15	38	0.992385	3283	0	TRUE	cds-QHD43415.1	GTT	V	GCT	A
MN908947.3	3037	C	T	2	1	51	13106	1332	71	0.999847	13108	0	TRUE	cds-QHD43415.1	TTC	F	TTT	F
MN908947.3	7095	C	T	8	3	39	4468	22	39	0.998213	4476	0	TRUE	cds-QHD43415.1	ACT	T	ATT	I
MN908947.3	7764	C	T	0	0	0	2542	10	38	1	2542	0	TRUE	cds-QHD43415.1	TCC	S	TTC	F
MN908947.3	8027	G	T	1	0	38	11337	26	39	0.999735	11340	0	TRUE	cds-QHD43415.1	GTT	V	TTT	F
MN908947.3	8096	A	G	3	1	34	11318	289	67	0.999558	11323	0	TRUE	cds-QHD43415.1	ACA	T	GCA	A
MN908947.3	11083	G	T	3	0	33	11659	68	38	0.999486	11665	0	TRUE	cds-QHD43415.1	TTG	L	TTT	F
MN908947.3	14408	C	T	3	0	78	2177	142	71	0.998624	2180	0	TRUE	cds-QHD43415.1	CCT	P	CTT	L
MN908947.3	15438	G	T	4	4	33	9260	9106	39	0.999029	9269	0	TRUE	cds-QHD43415.1	ATG	M	ATT	I
MN908947.3	18877	C	T	3	3	38	13688	13623	37	0.999781	13691	0	TRUE	cds-QHD43415.1	CTA	L	TTA	L
MN908947.3	18981	C	T	10	10	30	9937	21	38	0.998995	9947	0	TRUE	cds-QHD43415.1	CAC	H	CAT	H
MN908947.3	21785	G	C	1	0	39	11071	38	39	0.999639	11075	0	TRUE	cds-QHD43416.1	GGT	G	CGT	R
MN908947.3	22444	C	T	6	1	71	3264	178	70	0.998165	3270	0	TRUE	cds-QHD43416.1	GAC	D	GAT	D
MN908947.3	23403	A	G	6	5	36	15810	15282	38	0.999431	15819	0	TRUE	cds-QHD43416.1	GAT	D	GGT	G
MN908947.3	25563	G	T	0	0	0	9142	9012	38	0.999563	9146	0	TRUE	cds-QHD43417.1	CAG	Q	CAT	H
MN908947.3	25692	C	T	1	0	40	2968	7	38	0.999663	2969	0	TRUE	cds-QHD43417.1	GGC	G	GGT	G
MN908947.3	25710	C	T	0	0	0	2961	22	39	1	2961	0	TRUE	cds-QHD43417.1	CTC	L	CTT	L
MN908947.3	26735	C	T	2	1	40	9125	988	69	0.999671	9128	0	TRUE	cds-QHD43419.1	TAC	Y	TAT	Y
MN908947.3	27604	G	A	0	0	0	1243	92	63	1	1243	0	TRUE	cds-QHD43421.1	GTA	V	ATA	I
MN908947.3	28093	C	T	86	54	38	9091	8999	39	0.990629	9177	0	TRUE	cds-QHD43422.1	TCT	S	TTT	F
MN908947.3	28854	C	T	4	1	32	14592	3169	57	0.999657	14597	0	TRUE	cds-QHD43423.2	TCA	S	TTA	L
MN908947.3	29555	C	T	699	345	38	17116	8046	38	0.960763	17815	0	TRUE	NA	NA	NA	NA	NA
