REGION	POS	REF	ALT	REF_DP	REF_RV	REF_QUAL	ALT_DP	ALT_RV	ALT_QUAL	ALT_FREQ	TOTAL_DP	PVAL	PASS	GFF_FEATURE	REF_CODON	REF_AA	ALT_CODON	ALT_AA
MN908947.3	241	C	T	0	0	0	188	28	66	1	188	3.29143e-148	TRUE	NA	NA	NA	NA	NA
MN908947.3	322	T	-G	309	186	34	138	0	20	0.396552	348	3.95872e-35	TRUE	NA	NA	NA	NA	NA
MN908947.3	643	C	T	13	8	35	13027	13020	38	0.998773	13043	0	TRUE	cds-QHD43415.1	AAC	N	AAT	N
MN908947.3	2659	G	T	1	0	70	2484	87	54	0.999195	2486	0	TRUE	cds-QHD43415.1	AAG	K	AAT	N
MN908947.3	3037	C	T	4	0	67	8596	889	71	0.999419	8601	0	TRUE	cds-QHD43415.1	TTC	F	TTT	F
MN908947.3	3241	C	T	4	0	38	5811	11	38	0.999312	5815	0	TRUE	cds-QHD43415.1	GAC	D	GAT	D
MN908947.3	5284	C	T	89	15	39	4507	4456	38	0.980635	4596	0	TRUE	cds-QHD43415.1	AAC	N	AAT	N
MN908947.3	5884	C	T	83	74	38	3852	3840	39	0.978659	3936	0	TRUE	cds-QHD43415.1	TAC	Y	TAT	Y
MN908947.3	11967	C	T	1	0	39	4471	48	38	0.999553	4473	0	TRUE	cds-QHD43415.1	GCT	A	GTT	V
MN908947.3	12784	C	T	83	10	39	5324	12	39	0.98465	5407	0	TRUE	cds-QHD43415.1	AAC	N	AAT	N
MN908947.3	14171	T	C	6	6	39	14649	14487	39	0.999386	14658	0	TRUE	cds-QHD43415.1	ATA	I	ACA	T
MN908947.3	14408	C	T	3	0	76	2040	149	71	0.998532	2043	0	TRUE	cds-QHD43415.1	CCT	P	CTT	L
MN908947.3	16482	A	C	5	1	35	12318	4883	38	0.999594	12323	0	TRUE	cds-QHD43415.1	CCA	P	CCC	P
MN908947.3	21952	C	T	3	3	38	8142	8117	39	0.999509	8146	0	TRUE	cds-QHD43416.1	GTC	V	GTT	V
MN908947.3	23403	A	G	1	1	34	13225	12861	38	0.999698	13229	0	TRUE	cds-QHD43416.1	GAT	D	GGT	G
MN908947.3	23635	C	T	0	0	0	3782	451	68	1	3782	0	TRUE	cds-QHD43416.1	TCC	S	TCT	S
MN908947.3	26060	C	T	1	0	34	3459	10	39	0.999711	3460	0	TRUE	cds-QHD43417.1	ACT	T	ATT	I
MN908947.3	26842	G	A	112	76	39	4290	4250	38	0.974336	4403	0	TRUE	cds-QHD43419.1	CGT	R	CAT	H
MN908947.3	27434	C	T	2	2	30	5461	5305	38	0.999634	5463	0	TRUE	cds-QHD43421.1	ACT	T	ATT	I
MN908947.3	28881	G	A	5	2	43	7921	1800	59	0.998991	7929	0	TRUE	cds-QHD43423.2	AGG	R	AAG	K
MN908947.3	28882	G	A	3	1	59	7899	1775	59	0.99962	7902	0	TRUE	cds-QHD43423.2	AGG	R	AGA	R
MN908947.3	28883	G	C	1	0	79	7939	1828	60	0.999748	7941	0	TRUE	cds-QHD43423.2	GGA	G	CGA	R
MN908947.3	28884	G	T	6	3	46	7913	1801	60	0.998864	7922	0	TRUE	cds-QHD43423.2	GGA	G	GTA	V
MN908947.3	29200	C	T	0	0	0	1028	189	62	0.999028	1029	0	TRUE	cds-QHD43423.2	CCC	P	CCT	P
