REGION	POS	REF	ALT	REF_DP	REF_RV	REF_QUAL	ALT_DP	ALT_RV	ALT_QUAL	ALT_FREQ	TOTAL_DP	PVAL	PASS	GFF_FEATURE	REF_CODON	REF_AA	ALT_CODON	ALT_AA
MN908947.3	322	T	-G	142	6	28	154	0	20	0.777778	198	1.19196e-42	TRUE	NA	NA	NA	NA	NA
MN908947.3	583	C	T	13	12	41	24617	24248	38	0.999472	24630	0	TRUE	cds-QHD43415.1	GTC	V	GTT	V
MN908947.3	1148	G	T	1	0	27	29451	2519	71	0.999796	29457	0	TRUE	cds-QHD43415.1	GGC	G	TGC	C
MN908947.3	1947	T	C	17	0	39	477	2	38	0.965587	494	9.5875e-266	TRUE	cds-QHD43415.1	GTT	V	GCT	A
MN908947.3	3037	C	T	7	0	77	11755	1299	70	0.999405	11762	0	TRUE	cds-QHD43415.1	TTC	F	TTT	F
MN908947.3	7764	C	T	0	0	0	2693	5	38	1	2693	0	TRUE	cds-QHD43415.1	TCC	S	TTC	F
MN908947.3	8027	G	T	1	0	34	8467	30	39	0.999882	8468	0	TRUE	cds-QHD43415.1	GTT	V	TTT	F
MN908947.3	8096	A	G	4	1	35	9344	1074	61	0.999465	9349	0	TRUE	cds-QHD43415.1	ACA	T	GCA	A
MN908947.3	14408	C	T	0	0	0	2081	142	71	1	2081	0	TRUE	cds-QHD43415.1	CCT	P	CTT	L
MN908947.3	15438	G	T	2	2	39	5963	5939	39	0.99866	5971	0	TRUE	cds-QHD43415.1	ATG	M	ATT	I
MN908947.3	18877	C	T	1	1	39	26865	26806	37	0.999963	26866	0	TRUE	cds-QHD43415.1	CTA	L	TTA	L
MN908947.3	18981	C	T	20	18	32	9730	27	38	0.997744	9752	0	TRUE	cds-QHD43415.1	CAC	H	CAT	H
MN908947.3	21785	G	C	1	0	30	9564	31	39	0.999791	9566	0	TRUE	cds-QHD43416.1	GGT	G	CGT	R
MN908947.3	22444	C	T	0	0	0	2174	102	70	1	2174	0	TRUE	cds-QHD43416.1	GAC	D	GAT	D
MN908947.3	23403	A	G	0	0	0	11956	11886	39	0.999833	11958	0	TRUE	cds-QHD43416.1	GAT	D	GGT	G
MN908947.3	25563	G	T	0	0	0	20453	20355	38	0.999609	20461	0	TRUE	cds-QHD43417.1	CAG	Q	CAT	H
MN908947.3	25692	C	T	0	0	0	414	0	38	1	414	5.05683e-249	TRUE	cds-QHD43417.1	GGC	G	GGT	G
MN908947.3	26456	C	T	4	4	38	21807	21586	39	0.999725	21813	0	TRUE	cds-QHD43418.1	CCT	P	CTT	L
MN908947.3	26735	C	T	4	1	55	13678	1438	70	0.999635	13683	0	TRUE	cds-QHD43419.1	TAC	Y	TAT	Y
MN908947.3	27604	G	A	1	0	38	167	12	64	0.994048	168	8.93768e-128	TRUE	cds-QHD43421.1	GTA	V	ATA	I
MN908947.3	28093	C	T	47	25	38	12898	12833	39	0.996369	12945	0	TRUE	cds-QHD43422.1	TCT	S	TTT	F
MN908947.3	28389	A	G	155	143	38	40029	27572	38	0.996019	40189	0	TRUE	cds-QHD43423.2	CAA	Q	CGA	R
MN908947.3	28854	C	T	1	0	26	10321	1297	63	0.999903	10322	0	TRUE	cds-QHD43423.2	TCA	S	TTA	L
MN908947.3	29555	C	T	1	0	30	11723	8153	38	0.999829	11725	0	TRUE	NA	NA	NA	NA	NA
