REGION	POS	REF	ALT	REF_DP	REF_RV	REF_QUAL	ALT_DP	ALT_RV	ALT_QUAL	ALT_FREQ	TOTAL_DP	PVAL	PASS	GFF_FEATURE	REF_CODON	REF_AA	ALT_CODON	ALT_AA
MN908947.3	241	C	T	0	0	0	360	44	68	1	360	9.51821e-287	TRUE	NA	NA	NA	NA	NA
MN908947.3	322	T	-G	491	360	35	149	0	20	0.277467	537	1.49152e-36	TRUE	NA	NA	NA	NA	NA
MN908947.3	1154	A	G	2	1	53	13563	1375	70	0.999779	13566	0	TRUE	cds-QHD43415.1	ATG	M	GTG	V
MN908947.3	3037	C	T	2	0	78	15040	1495	71	0.999867	15042	0	TRUE	cds-QHD43415.1	TTC	F	TTT	F
MN908947.3	8152	C	T	4	0	67	11694	814	69	0.999402	11701	0	TRUE	cds-QHD43415.1	GTC	V	GTT	V
MN908947.3	10702	C	T	4	4	36	9399	8563	38	0.999468	9404	0	TRUE	cds-QHD43415.1	GAC	D	GAT	D
MN908947.3	11663	C	T	2920	868	38	9236	2993	39	0.759727	12157	0	TRUE	cds-QHD43415.1	CTC	L	TTC	F
MN908947.3	12121	A	G	59	39	39	11723	11594	39	0.994655	11786	0	TRUE	cds-QHD43415.1	CCA	P	CCG	P
MN908947.3	14408	C	T	0	0	0	3147	218	71	1	3147	0	TRUE	cds-QHD43415.1	CCT	P	CTT	L
MN908947.3	18877	C	T	3	3	34	14448	14382	37	0.999792	14451	0	TRUE	cds-QHD43415.1	CTA	L	TTA	L
MN908947.3	19269	C	T	3	2	32	15642	11032	39	0.999744	15646	0	TRUE	cds-QHD43415.1	AAC	N	AAT	N
MN908947.3	23403	A	G	4	4	36	15515	15156	39	0.999485	15523	0	TRUE	cds-QHD43416.1	GAT	D	GGT	G
MN908947.3	23587	G	T	0	0	0	8091	15	39	0.999506	8095	0	TRUE	cds-QHD43416.1	CAG	Q	CAT	H
MN908947.3	25563	G	T	1	1	35	12714	12553	38	0.999685	12718	0	TRUE	cds-QHD43417.1	CAG	Q	CAT	H
MN908947.3	25677	G	T	3	0	36	3138	11	39	0.999045	3141	0	TRUE	cds-QHD43417.1	TTG	L	TTT	F
MN908947.3	28272	A	G	12	3	46	20784	4113	59	0.999327	20798	0	TRUE	NA	NA	NA	NA	NA
MN908947.3	28975	G	T	0	0	0	15894	14636	38	0.999874	15896	0	TRUE	cds-QHD43423.2	ATG	M	ATT	I
MN908947.3	29474	G	T	1	0	53	16820	4283	54	0.999406	16830	0	TRUE	cds-QHD43423.2	GAT	D	TAT	Y
