{
  "MN908947": {
    "average": 12736.56,
    "deletion_coverage_propagation_cutoff": 215.0,
    "deletion_coverage_seed_cutoff": 0.0,
    "dispersion": 5412.18,
    "nbinom_dispersion": 8452.66238538639,
    "nbinom_mean_parameter": 17102.26,
    "nbinom_prob_parameter": 0.000118305920005616,
    "nbinom_size_parameter": 2.023538,
    "nbinom_variance": 144559629.807098,
    "variance": 68932531.0
  }
}