REGION	POS	REF	ALT	REF_DP	REF_RV	REF_QUAL	ALT_DP	ALT_RV	ALT_QUAL	ALT_FREQ	TOTAL_DP	PVAL	PASS	GFF_FEATURE	REF_CODON	REF_AA	ALT_CODON	ALT_AA
MN908947.3	322	T	-G	27	7	30	21	0	20	0.583333	36	9.09322e-07	TRUE	NA	NA	NA	NA	NA
MN908947.3	685	A	-AAGTCATTT	9458	3757	38	9476	0	20	0.975499	9714	0	TRUE	NA	NA	NA	NA	NA
MN908947.3	1549	C	T	10	10	37	6894	6837	37	0.998552	6904	0	TRUE	cds-QHD43415.1	AGC	S	AGT	S
MN908947.3	4573	C	T	1	1	30	182	175	39	0.994536	183	1.48062e-107	TRUE	cds-QHD43415.1	AAC	N	AAT	N
MN908947.3	8782	C	T	1	0	78	127	18	64	0.992188	128	1.92372e-96	TRUE	cds-QHD43415.1	AGC	S	AGT	S
MN908947.3	10747	C	T	17	14	38	10	0	38	0.37037	27	0.00043265	TRUE	cds-QHD43415.1	AAC	N	AAT	N
MN908947.3	11230	G	T	4	1	56	15142	3685	65	0.999208	15154	0	TRUE	cds-QHD43415.1	ATG	M	ATT	I
MN908947.3	11266	G	T	4	4	39	14862	14841	38	0.999596	14868	0	TRUE	cds-QHD43415.1	TTG	L	TTT	F
MN908947.3	11521	G	T	0	0	0	766	124	64	1	766	0	TRUE	cds-QHD43415.1	ATG	M	ATT	I
MN908947.3	16575	C	T	5	0	37	10827	34	38	0.999446	10833	0	TRUE	cds-QHD43415.1	GAC	D	GAT	D
MN908947.3	17745	C	T	10	2	38	196	0	39	0.951456	206	1.73267e-107	TRUE	cds-QHD43415.1	AAC	N	AAT	N
MN908947.3	20703	C	T	0	0	0	201	29	66	1	201	1.19399e-157	TRUE	cds-QHD43415.1	TAC	Y	TAT	Y
MN908947.3	22000	C	T	1	1	34	9050	6931	39	0.999669	9053	0	TRUE	cds-QHD43416.1	CAC	H	CAT	H
MN908947.3	22033	C	A	7	6	39	2068	3	38	0.996627	2075	0	TRUE	cds-QHD43416.1	TTC	F	TTA	L
MN908947.3	22661	G	T	5	0	39	33424	1568	64	0.999641	33436	0	TRUE	cds-QHD43416.1	GTC	V	TTC	F
MN908947.3	23401	G	T	1	1	40	9365	9172	38	0.99968	9368	0	TRUE	cds-QHD43416.1	CAG	Q	CAT	H
MN908947.3	23604	C	G	91	1	62	6901	472	62	0.98628	6997	0	TRUE	cds-QHD43416.1	CCT	P	CGT	R
MN908947.3	24097	T	C	14	11	37	2052	1999	38	0.992743	2067	0	TRUE	cds-QHD43416.1	GCT	A	GCC	A
MN908947.3	28144	T	C	7	5	36	23680	5046	38	0.999493	23692	0	TRUE	cds-QHD43422.1	TTA	L	TCA	S
MN908947.3	28167	G	A	17	13	37	18675	468	38	0.999037	18693	0	TRUE	cds-QHD43422.1	GAA	E	AAA	K
MN908947.3	28348	C	T	13	11	37	47529	32334	38	0.999516	47552	0	TRUE	cds-QHD43423.2	GGC	G	GGT	G
MN908947.3	28378	G	C	3	3	34	46742	32458	38	0.999722	46755	0	TRUE	cds-QHD43423.2	GCG	A	GCC	A
MN908947.3	28878	G	A	3	2	48	6778	1681	58	0.999558	6781	0	TRUE	cds-QHD43423.2	AGT	S	AAT	N
MN908947.3	29412	A	T	2	0	38	8154	289	39	0.999632	8157	0	TRUE	cds-QHD43423.2	CAA	Q	CTA	L
MN908947.3	29742	G	A	1	1	28	1138	1118	36	0.999122	1139	0	TRUE	NA	NA	NA	NA	NA
