{
  "MN908947": {
    "average": 10976.69,
    "deletion_coverage_propagation_cutoff": 58.0,
    "deletion_coverage_seed_cutoff": 0.0,
    "dispersion": 5788.636,
    "nbinom_dispersion": 2998.58169613604,
    "nbinom_mean_parameter": 5736.586,
    "nbinom_prob_parameter": 0.00033349099718997,
    "nbinom_size_parameter": 1.913738,
    "nbinom_variance": 17201621.7779103,
    "variance": 63540091.0
  }
}