{
  "MN908947": {
    "average": 6952.959,
    "deletion_coverage_propagation_cutoff": 19.0,
    "deletion_coverage_seed_cutoff": 0.0,
    "dispersion": 5754.657,
    "nbinom_dispersion": 2570.44243102871,
    "nbinom_mean_parameter": 4112.074,
    "nbinom_prob_parameter": 0.000389038084622573,
    "nbinom_size_parameter": 1.600376,
    "nbinom_variance": 10569849.4891299,
    "variance": 40011895.0
  }
}