{
  "MN908947": {
    "average": 11172.88,
    "deletion_coverage_propagation_cutoff": 8.0,
    "deletion_coverage_seed_cutoff": 0.0,
    "dispersion": 12221.43,
    "nbinom_dispersion": 3643.25845384926,
    "nbinom_mean_parameter": 4792.236,
    "nbinom_prob_parameter": 0.00027447956620905,
    "nbinom_size_parameter": 1.315732,
    "nbinom_variance": 17459354.3198408,
    "variance": 136548636.0
  }
}